"rnum","업소명","주소","전화번호","혜택유형","처리상태","좌표출처","좌표검증상태","위도","경도","반환주소","검토메모"
"13","다비치안경보청기 미아사거리점","서울특별시강북구월계로3(미아동, (덕신빌딩 1층))","02-434-4470","할인","REUSED","네이버 Geocoding API","확인 완료","37.6095768","127.0306615","","업소명·주소 정규화 키가 기존 검증 좌표와 일치"
"14","와이제이안경원","서울특별시도봉구도당로15길3(방학동)","02-954-1011","할인","REUSED","네이버 Geocoding API","확인 완료","37.6657649","127.0368787","","업소명·주소 정규화 키가 기존 검증 좌표와 일치"
"16","미도치과의원","서울특별시강남구삼성로150(대치동, (미도상가 202-1))","02-552-2879","할인","REUSED","네이버 Geocoding API","확인 완료","37.4947911","127.0664816","","업소명·주소 정규화 키가 기존 검증 좌표와 일치"
"36","세컨디포레스트행궁점","경기도수원시 팔달구화서문로46번길121층 (신풍동)","070-8812-0103","할인","ADDRESS_MISMATCH","","재확인 필요","","","","도로명·건물번호가 원본과 일치하지 않음"
"37","버거스테이지","경기도수원시 팔달구신풍로23번길63- 21층 (신풍동)","0507-1482-0304","할인","MATCHED","네이버 Geocoding API","확인 완료","37.2837258","127.011328","경기도 수원시 팔달구 신풍로23번길 63-2","시·도, 도로명과 건물번호가 일치하는 단일 결과"
"38","이채휴우리옷","경기도수원시 팔달구정조로893B동101호(장안동, 장안사랑채)","031-233-3412","할인","REUSED","네이버 Geocoding API","확인 완료","37.2875521","127.014492","","업소명·주소 정규화 키가 기존 검증 좌표와 일치"
"39","몸숨쉼정원","경기도수원시 영통구광교중앙로248번길7- 2C동214호(하동, 원희캐슬광교)","0507-1346-8422","할인","REUSED","네이버 Geocoding API","확인 완료","37.2910333","127.0666707","","업소명·주소 정규화 키가 기존 검증 좌표와 일치"
"42","비주얼웍스","경기도평택시고덕면도시지원1길116848호(고덕면해창리, 고덕G1지식산업센터)","0507-1447-3332","할인","NO_RESULT","","미확인","","","","주소 검색 결과 없음"
"43","서울와이즈치과","경기도안양시 만안구안양로303번길8(안양동)","031-464-2808","할인","REUSED","네이버 Geocoding API","확인 완료","37.3990474","126.920482","","업소명·주소 정규화 키가 기존 검증 좌표와 일치"
"44","우동명가기리야마본진","서울특별시강남구강남대로84길23(역삼동, (한라클래식 지하1층))","02-567-0068","할인","MATCHED","네이버 Geocoding API","확인 완료","37.4971584","127.0304025","서울특별시 강남구 강남대로84길 23 한라클래식오피스텔","시·도, 도로명과 건물번호가 일치하는 단일 결과"
"47","유앤아이의원 구로점","서울특별시구로구디지털로306(구로동, (대륭포스트타워 2차 213, 214호))","02-6956-6031","할인","REUSED","네이버 Geocoding API","확인 완료","37.4859232","126.8973364","","업소명·주소 정규화 키가 기존 검증 좌표와 일치"
"48","오마스의원","서울특별시양천구오목로311(목동, (5층))","02-6951-1525","할인","REUSED","네이버 Geocoding API","확인 완료","37.5252971","126.8719796","","업소명·주소 정규화 키가 기존 검증 좌표와 일치"
"50","시그니아독일보청기 의정부센터","경기도의정부시평화로5382      2층 (의정부동)","031-847-8083","할인","NO_RESULT","","미확인","","","","주소 검색 결과 없음"
"51","연천청산버섯영농조합","경기도연천군청산면청신로324(청산면초성리)","031-835-1004","할인","REUSED","네이버 Geocoding API","확인 완료","37.9871849","127.0921432","","업소명·주소 정규화 키가 기존 검증 좌표와 일치"
"52","블리비의원 발산점","서울특별시강서구강서로395(마곡동, (플레이스에이치 3층))","02-1833-9986","할인","REUSED","네이버 Geocoding API","확인 완료","37.5610361","126.8386108","","업소명·주소 정규화 키가 기존 검증 좌표와 일치"
"56","다비치안경 보청기 망우사거리점","서울특별시중랑구망우로421(망우동)","02-433-9485","할인","REUSED","네이버 Geocoding API","확인 완료","37.5997945","127.0988924","","업소명·주소 정규화 키가 기존 검증 좌표와 일치"
"58","제너리스의원 연신내점","서울특별시은평구연서로216(대조동, (1동 3층 301호 (대조동아트캐슬주상복합))))","02-6949-5703","할인","REUSED","네이버 Geocoding API","확인 완료","37.6178109","126.9201296","","업소명·주소 정규화 키가 기존 검증 좌표와 일치"
"64","GTS버거 문래점","서울특별시영등포구문래로151(문래동3가)","070-7776-4216","할인","MATCHED","네이버 Geocoding API","확인 완료","37.5188006","126.8987894","서울특별시 영등포구 문래로 151","시·도, 도로명과 건물번호가 일치하는 단일 결과"
"68","으뜸50안경 논현역점","서울특별시강남구강남대로524(논현동, (2층, 1호))","02-3442-5050","할인","REUSED","네이버 Geocoding API","확인 완료","37.5090367","127.0227869","","업소명·주소 정규화 키가 기존 검증 좌표와 일치"
"70","연과점 하루","서울특별시마포구동교로16길12(서교동, (1층))","0507-1402-7706","할인","MATCHED","네이버 Geocoding API","확인 완료","37.5542805","126.9153613","서울특별시 마포구 동교로16길 12","시·도, 도로명과 건물번호가 일치하는 단일 결과"
"72","룩스토어 용문점","서울특별시용산구효창원로105(용문동)","02-701-0220","할인","REUSED","네이버 Geocoding API","확인 완료","37.5378181","126.960344","","업소명·주소 정규화 키가 기존 검증 좌표와 일치"
"81","송내팔방상회","경기도부천시 소사구송내대로42(송내동)","032-651-2644","할인","MATCHED","네이버 Geocoding API","확인 완료","37.4873801","126.7539048","경기도 부천시 소사구 송내대로 42","시·도, 도로명과 건물번호가 일치하는 단일 결과"
"82","59쌀피자 (송내남부점)","경기도부천시 소사구송내대로42번길58(송내동)","032-655-5955","할인","MATCHED","네이버 Geocoding API","확인 완료","37.4870397","126.7565243","경기도 부천시 소사구 송내대로42번길 58","시·도, 도로명과 건물번호가 일치하는 단일 결과"
"83","착한가격안경","서울특별시강동구성내로11(성내동, (102호))","02-485-7677","할인","REUSED","네이버 Geocoding API","확인 완료","37.5305106","127.1221842","","업소명·주소 정규화 키가 기존 검증 좌표와 일치"
"84","서울티플란트치과","인천광역시부평구광장로4번길11(부평동, 중보빌딩)","031-992-6622","할인","REUSED","네이버 Geocoding API","확인 완료","37.4906325","126.7221924","","업소명·주소 정규화 키가 기존 검증 좌표와 일치"
"87","흠당한의원","인천광역시미추홀구독배로309,4층 (용현동, 노블레스타워)","032-573-7588","할인","REUSED","네이버 Geocoding API","확인 완료","37.4477929","126.6492579","","업소명·주소 정규화 키가 기존 검증 좌표와 일치"
"88","순석닭강정","인천광역시미추홀구용정공원로83번길43,105호(용현동)","0507-1400-7824","할인","MATCHED","네이버 Geocoding API","확인 완료","37.4474982","126.6476339","인천광역시 미추홀구 용정공원로83번길 43 e편한세상 시티 인하대역","시·도, 도로명과 건물번호가 일치하는 단일 결과"
"89","필라테스 린(용현점)","인천광역시미추홀구독배로317번길29- 0,10층 (용현동, 컬러프라자)","010-9918-9951","할인","REUSED","네이버 Geocoding API","확인 완료","37.4477848","126.6468506","","업소명·주소 정규화 키가 기존 검증 좌표와 일치"
"90","필라테스 린(구월점)","인천광역시남동구구월로268,6층 (구월동, 대성빌딩)","032-472-3418","할인","REUSED","네이버 Geocoding API","확인 완료","37.4556168","126.7203139","","업소명·주소 정규화 키가 기존 검증 좌표와 일치"
"93","루비의원 양재역","서울특별시강남구강남대로238(도곡동, (11층))","02-577-7203","할인","REUSED","네이버 Geocoding API","확인 완료","37.4849717","127.0347727","","업소명·주소 정규화 키가 기존 검증 좌표와 일치"
"94","럭키차이나","인천광역시제물포구차이나타운로47- 1(북성동3가)","0507-1483-8894","할인","MATCHED","네이버 Geocoding API","확인 완료","37.4750758","126.6190765","인천광역시 제물포구 차이나타운로 47-1","시·도, 도로명과 건물번호가 일치하는 단일 결과"
"95","럭키차이나(차이나타운점)","인천광역시제물포구차이나타운로48(송월동3가)","0507-1476-8013","할인","MATCHED","네이버 Geocoding API","확인 완료","37.4752479","126.6189693","인천광역시 제물포구 차이나타운로 48","시·도, 도로명과 건물번호가 일치하는 단일 결과"
"98","월미도레미","인천광역시제물포구월미문화로35,2층 (북성동1가)","0507-1380-3941","할인","MATCHED","네이버 Geocoding API","확인 완료","37.4752532","126.5978931","인천광역시 제물포구 월미문화로 35","시·도, 도로명과 건물번호가 일치하는 단일 결과"
"99","달쭈꾸미 월미도 본점","인천광역시제물포구월미문화로39(북성동1가)","0507-1311-7403","할인","MATCHED","네이버 Geocoding API","확인 완료","37.4748005","126.5977309","인천광역시 제물포구 월미문화로 39","시·도, 도로명과 건물번호가 일치하는 단일 결과"
"100","미투커피","인천광역시제물포구월미문화로39(북성동1가)","0507-1328-7131","할인","MATCHED","네이버 Geocoding API","확인 완료","37.4748005","126.5977309","인천광역시 제물포구 월미문화로 39","시·도, 도로명과 건물번호가 일치하는 단일 결과"
"101","모두의 운동 그룹PT 동탄점","경기도화성시 동탄구동탄중심상가2길372층 (반송동)","0507-1430-3533","할인","NO_RESULT","","미확인","","","","주소 검색 결과 없음"
"108","귀한보청기 청각언어재활센터","경기도평택시중앙로811층 (비전동)","031-647-0134","할인","NO_RESULT","","미확인","","","","주소 검색 결과 없음"
"109","다비치안경 마석신한은행옆점","경기도남양주시화도읍마석중앙로541층 (화도읍창현리)","031-593-9485","할인","NO_RESULT","","미확인","","","","주소 검색 결과 없음"
"112","하제네일","서울특별시은평구연서로13길3(구산동, (1층 우측점포))","0507-1394-9675","할인","REUSED","네이버 Geocoding API","확인 완료","37.6092369","126.9154239","","업소명·주소 정규화 키가 기존 검증 좌표와 일치"
"113","설빙)인천월미도점","인천광역시제물포구월미문화로71(북성동1가)","0507-1315-5896","할인","MATCHED","네이버 Geocoding API","확인 완료","37.4721485","126.5962737","인천광역시 제물포구 월미문화로 71 월미비치타운","시·도, 도로명과 건물번호가 일치하는 단일 결과"
"114","엔제리너스(인천)점","인천광역시제물포구월미문화로71(북성동1가)","0507-1474-7655","할인","MATCHED","네이버 Geocoding API","확인 완료","37.4721485","126.5962737","인천광역시 제물포구 월미문화로 71 월미비치타운","시·도, 도로명과 건물번호가 일치하는 단일 결과"
"115","시엔느스킨","인천광역시미추홀구용정공원로83번길43(용현동)","","할인","REUSED","네이버 Geocoding API","확인 완료","37.4474982","126.6476339","","업소명·주소 정규화 키가 기존 검증 좌표와 일치"
"119","스카이치과의원","서울특별시강남구테헤란로26길10(역삼동, (3층))","02-3452-2828","할인","REUSED","네이버 Geocoding API","확인 완료","37.4996461","127.0358567","","업소명·주소 정규화 키가 기존 검증 좌표와 일치"
"124","아크로안경원","경기도안양시 동안구시민대로230326호(관양동)","031-478-9981","할인","NO_RESULT","","미확인","","","","주소 검색 결과 없음"
"131","피그가든","서울특별시용산구한강대로270(남영동)","02-6941-1244","할인","MATCHED","네이버 Geocoding API","확인 완료","37.5423973","126.9730344","서울특별시 용산구 한강대로 270","시·도, 도로명과 건물번호가 일치하는 단일 결과"
"132","탄토탄토","서울특별시광진구아차산로33길49(화양동, (2층))","02-2039-2915","할인","MATCHED","네이버 Geocoding API","확인 완료","37.5425095","127.0707414","서울특별시 광진구 아차산로33길 49","시·도, 도로명과 건물번호가 일치하는 단일 결과"
"133","뉴대성병원","경기도부천시 원미구부천로91(심곡동)","1551-3380","할인","REUSED","네이버 Geocoding API","확인 완료","37.4925524","126.7841872","","업소명·주소 정규화 키가 기존 검증 좌표와 일치"
"135","미미진","인천광역시제물포구차이나타운로27(북성동3가)","050713318989","할인","MATCHED","네이버 Geocoding API","확인 완료","37.4767663","126.619329","인천광역시 제물포구 차이나타운로 27","시·도, 도로명과 건물번호가 일치하는 단일 결과"
"136","으뜸플러스안경 인천구월점","인천광역시남동구인하로489번길28- 0(구월동, 로데오프라자21 3층)","032-439-9001","할인","REUSED","네이버 Geocoding API","확인 완료","37.4448651","126.7014961","","업소명·주소 정규화 키가 기존 검증 좌표와 일치"
"137","안경진정성 도화점","인천광역시미추홀구숙골로100(도화동)","032-872-2001","할인","REUSED","네이버 Geocoding API","확인 완료","37.4710418","126.6629403","","업소명·주소 정규화 키가 기존 검증 좌표와 일치"
"138","안테나 안경원","인천광역시부평구경인로947(부평동)","0507-1307-4250","할인","REUSED","네이버 Geocoding API","확인 완료","37.4878295","126.7249249","","업소명·주소 정규화 키가 기존 검증 좌표와 일치"
"139","어바웃글라스 안경 서창","인천광역시남동구서창남순환로215번길17- 0(서창동, 마스타프라자 118호)","0507-1444-8102","할인","REUSED","네이버 Geocoding API","확인 완료","37.4247276","126.7475898","","업소명·주소 정규화 키가 기존 검증 좌표와 일치"
"141","용현행복한안경","인천광역시미추홀구낙섬서로4(용현동, 현대메디칼센터 1층 101호)","032-886-5255","할인","REUSED","네이버 Geocoding API","확인 완료","37.4500145","126.633686","","업소명·주소 정규화 키가 기존 검증 좌표와 일치"
"142","크리스탈안경원","인천광역시남동구경인로520(간석동, 탑프라자 빌딩 B08호)","0507-1445-5254","할인","REUSED","네이버 Geocoding API","확인 완료","37.460777","126.6970709","","업소명·주소 정규화 키가 기존 검증 좌표와 일치"
"143","글라스월드 계양점","인천광역시계양구계양문화로96(용종동, 강북프라자 103호)","0507-1322-9462","할인","REUSED","네이버 Geocoding API","확인 완료","37.5392561","126.7372213","","업소명·주소 정규화 키가 기존 검증 좌표와 일치"
"144","선인안경원","인천광역시미추홀구석정로176- 3(도화동)","032-881-0104","할인","REUSED","네이버 Geocoding API","확인 완료","37.4678514","126.6548909","","업소명·주소 정규화 키가 기존 검증 좌표와 일치"
"145","베네치아 안경원","인천광역시남동구구월로305(만수동, 베네치아 안경원)","0507-1334-4569","할인","REUSED","네이버 Geocoding API","확인 완료","37.4558364","126.7247148","","업소명·주소 정규화 키가 기존 검증 좌표와 일치"
"146","호안안경 인하대역","인천광역시미추홀구독배로311(용현동, 1층 111호 호안안경)","032-882-8885","할인","REUSED","네이버 Geocoding API","확인 완료","37.4481463","126.6491201","","업소명·주소 정규화 키가 기존 검증 좌표와 일치"
"147","안경상회 인천구월점","인천광역시남동구구월남로286- 2(구월동, 1층 안경상회 인천구월점)","010-4828-1933","할인","REUSED","네이버 Geocoding API","확인 완료","37.4519991","126.7212977","","업소명·주소 정규화 키가 기존 검증 좌표와 일치"
"148","우리들안경","인천광역시미추홀구인하로57(용현동, 1층 우리들안경)","032-874-7001","할인","REUSED","네이버 Geocoding API","확인 완료","37.4518992","126.6548401","","업소명·주소 정규화 키가 기존 검증 좌표와 일치"
"149","눈사랑안경콘택트","인천광역시남동구장수로18(장수동, 장수주공아파트 앞 눈사랑안경콘택트)","032-467-0523","할인","REUSED","네이버 Geocoding API","확인 완료","37.4509261","126.7498835","","업소명·주소 정규화 키가 기존 검증 좌표와 일치"
"150","이태리안경원 경인교대점","인천광역시계양구계산로89(계산동, 1층 이태리안경원 경인교대점)","032-541-2722","할인","REUSED","네이버 Geocoding API","확인 완료","37.5377711","126.7221512","","업소명·주소 정규화 키가 기존 검증 좌표와 일치"
"154","준하헤어","경기도군포시대야1로8102호(대야미동)","0507-1365-7880","할인","NO_RESULT","","미확인","","","","주소 검색 결과 없음"
"157","으뜸50안경 홍대점","서울특별시마포구홍익로9(서교동, (2층))","0507-1331-5487","할인","REUSED","네이버 Geocoding API","확인 완료","37.5533397","126.9234263","","업소명·주소 정규화 키가 기존 검증 좌표와 일치"
"160","국민낙곱새(평촌점)","경기도안양시 동안구흥안대로457- 27(관양동)","031-599-2509","할인","REUSED","네이버 Geocoding API","확인 완료","37.3946502","126.9735876","","업소명·주소 정규화 키가 기존 검증 좌표와 일치"
"161","국민낙곱새(안양점)","경기도안양시 만안구안양로257- 271층 (안양동)","031-466-8809","할인","MATCHED","네이버 Geocoding API","확인 완료","37.3955383","126.9238062","경기도 안양시 만안구 안양로 257","시·도, 도로명과 건물번호가 일치하는 단일 결과"
"162","아네농음악학원","경기도안양시 동안구경수대로563(호계동)","0507+1396-7240","할인","REUSED","네이버 Geocoding API","확인 완료","37.3730188","126.9570935","","업소명·주소 정규화 키가 기존 검증 좌표와 일치"
"163","K.S 안경 콘택트","서울특별시광진구천호대로561(중곡동, (1층))","02-453-5002","할인","REUSED","네이버 Geocoding API","확인 완료","37.5571308","127.0806809","","업소명·주소 정규화 키가 기존 검증 좌표와 일치"
"165","다비치안경원(인하대점)","인천광역시미추홀구인하로75(용현동)","032-863-4007","할인","REUSED","네이버 Geocoding API","확인 완료","37.4513771","126.6567165","","업소명·주소 정규화 키가 기존 검증 좌표와 일치"
"166","짐원컴퍼니(운정본점)","경기도파주시책향기로5737,8층 (목동동, 월드타워3)","031-946-9679","할인","NO_RESULT","","미확인","","","","주소 검색 결과 없음"
"167","짐원컴퍼니(해오름3호점)","경기도파주시해올2길214층 (다율동, 월드타워19차)","031-941-9679","할인","NO_RESULT","","미확인","","","","주소 검색 결과 없음"
"168","짐원컴퍼니(가람4호점)","경기도파주시미래로602번길117층 (와동동)","031-945-9679","할인","REUSED","네이버 Geocoding API","확인 완료","37.7313879","126.7538643","","업소명·주소 정규화 키가 기존 검증 좌표와 일치"
"169","짐원컴퍼니(정발산6호점)","경기도고양시 일산동구정발산로31- 174층 (장항동, 맥클린21)","031-901-0811","할인","ADDRESS_MISMATCH","","재확인 필요","","","","도로명·건물번호가 원본과 일치하지 않음"
"170","안경공간","서울특별시구로구디지털로31길53(구로동, (103호))","02-864-1226","할인","REUSED","네이버 Geocoding API","확인 완료","37.4854891","126.8924235","","업소명·주소 정규화 키가 기존 검증 좌표와 일치"
"171","그랑프리안경 성내점","서울특별시강동구풍성로112(성내동)","02-486-8845","할인","REUSED","네이버 Geocoding API","확인 완료","37.5320579","127.1244932","","업소명·주소 정규화 키가 기존 검증 좌표와 일치"
"234","안경진정성 평택고덕에듀타운점","경기도평택시고덕로3길25114호1층 (고덕동, GS프라자)","0507-1316-6722","할인","NO_RESULT","","미확인","","","","주소 검색 결과 없음"
"245","데코커튼과천안양점","경기도안양시 동안구관악대로373104호1층 (관양동)","0507-1318-6648","할인","NO_RESULT","","미확인","","","","주소 검색 결과 없음"
"246","안경ZIP","경기도안양시 동안구동편로16107호(관양동)","031-422-5859","할인","NO_RESULT","","미확인","","","","주소 검색 결과 없음"
"247","선한손지압안마원","경기도안양시 동안구관악대로349(관양동)","0507-1310-9475","할인","REUSED","네이버 Geocoding API","확인 완료","37.4042397","126.9616112","","업소명·주소 정규화 키가 기존 검증 좌표와 일치"
"248","오케피아 음악학원","경기도안양시 동안구관평로138번길53301호(평촌동, 초원부영상가)","031-381-9191","할인","NO_RESULT","","미확인","","","","주소 검색 결과 없음"
"273","평강한의원","서울특별시강남구압구정로30길23(신사동)","02-515-6978","할인","REUSED","네이버 Geocoding API","확인 완료","37.5259003","127.0295122","","업소명·주소 정규화 키가 기존 검증 좌표와 일치"
"274","신갈편한한의원","경기도용인시 기흥구중부대로317(신갈동)","031-289-1075","할인","REUSED","네이버 Geocoding API","확인 완료","37.2709214","127.1022715","","업소명·주소 정규화 키가 기존 검증 좌표와 일치"
"280","해인한의원","서울특별시강동구명일로1893층 (길동, 초우빌딩)","02-478-8276","할인","NO_RESULT","","미확인","","","","주소 검색 결과 없음"
"296","독일콘택트안경원","경기도부천시 원미구중동로165- 0(중동)","032-612-7200","할인","REUSED","네이버 Geocoding API","확인 완료","37.4945913","126.7670369","","업소명·주소 정규화 키가 기존 검증 좌표와 일치"
"297","앤365렌즈 더봄안경원","경기도부천시 원미구부일로747(역곡동, 1층)","032-611-1001","할인","REUSED","네이버 Geocoding API","확인 완료","37.4864153","126.8127131","","업소명·주소 정규화 키가 기존 검증 좌표와 일치"
"298","렌즈미(안산선부점)","경기도안산시 단원구선부광장1로62(선부동, 106호)","031-405-0020","할인","REUSED","네이버 Geocoding API","확인 완료","37.3362965","126.8112973","","업소명·주소 정규화 키가 기존 검증 좌표와 일치"
"299","오스트리치안경","경기도광명시광명역로28(일직동, 1층)","02-897-5427","할인","REUSED","네이버 Geocoding API","확인 완료","37.4173608","126.8875217","","업소명·주소 정규화 키가 기존 검증 좌표와 일치"
"300","짐원휘트니스(구래2호점)","경기도김포시김포한강8로400(구래동, 홍은프라자 4층)","031-998-9679","할인","REUSED","네이버 Geocoding API","확인 완료","37.6431197","126.6242719","","업소명·주소 정규화 키가 기존 검증 좌표와 일치"
"301","남대문안경(상동점)","경기도부천시 원미구상동로105(상동)","032-325-3270","할인","REUSED","네이버 Geocoding API","확인 완료","37.5066959","126.7527977","","업소명·주소 정규화 키가 기존 검증 좌표와 일치"
"302","만복국수(철산점)","경기도광명시철산로30번길9(철산동, 프라자빌딩 2층)","02-2689-9998","할인","MATCHED","네이버 Geocoding API","확인 완료","37.4756317","126.8701724","경기도 광명시 철산로30번길 9 프라자빌딩","시·도, 도로명과 건물번호가 일치하는 단일 결과"
"303","통양갈비","경기도부천시 소사구송내대로28(송내동, 106호)","0507-1378-9283","할인","MATCHED","네이버 Geocoding API","확인 완료","37.4859366","126.7536821","경기도 부천시 소사구 송내대로 28","시·도, 도로명과 건물번호가 일치하는 단일 결과"
"304","솔안골먹장어(송내본점)","경기도부천시 소사구송내대로29(송내동)","070-8899-7669","할인","MATCHED","네이버 Geocoding API","확인 완료","37.4861338","126.7527981","경기도 부천시 소사구 송내대로 29 리슈빌딩","시·도, 도로명과 건물번호가 일치하는 단일 결과"
"317","청주이발소","경기도안양시 동안구관평로138번길53상가동동203호(평촌동, 초원부영아파트)","031-383-6995","할인","MATCHED","네이버 Geocoding API","확인 완료","37.3906369","126.965029","경기도 안양시 동안구 관평로138번길 53 초원부영아파트 상가동","시·도, 도로명과 건물번호가 일치하는 단일 결과"
"319","나피어","경기도의왕시오리나무로171층 (내손동)","0507-1317-9867","할인","NO_RESULT","","미확인","","","","주소 검색 결과 없음"
"321","창대철물","경기도안양시 동안구관악대로388번길19- 10(관양동)","031-424-9404","할인","REUSED","네이버 Geocoding API","확인 완료","37.4034208","126.9667556","","업소명·주소 정규화 키가 기존 검증 좌표와 일치"
"324","순헤어","경기도과천시별양로28B동1069호(원문동, 슈르상가)","010-9292-1825","할인","MATCHED","네이버 Geocoding API","확인 완료","37.4211738","126.9912596","경기도 과천시 별양로 28 래미안 슈르","시·도, 도로명과 건물번호가 일치하는 단일 결과"
"325","금양남성헤어","경기도안양시 동안구인덕원로14- 1(관양동)","010-3899-8777","할인","MATCHED","네이버 Geocoding API","확인 완료","37.4008879","126.9737262","경기도 안양시 동안구 인덕원로 14-1","시·도, 도로명과 건물번호가 일치하는 단일 결과"
"369","앤더스필라테스(산곡점)","인천광역시부평구원적로434(산곡동, 4층)","032-525-3774","할인","REUSED","네이버 Geocoding API","확인 완료","37.503328","126.7146268","","업소명·주소 정규화 키가 기존 검증 좌표와 일치"
"370","늑대와여우 컴퓨터","인천광역시남동구양지로6101호(간석동)","032-544-6312","할인","NO_RESULT","","미확인","","","","주소 검색 결과 없음"
"371","모아닭강정","인천광역시남동구구월로372번길46(만수동, 1층 101호)","0507-1374-5456","할인","MATCHED","네이버 Geocoding API","확인 완료","37.4527531","126.7316547","인천광역시 남동구 구월로372번길 46","시·도, 도로명과 건물번호가 일치하는 단일 결과"
"372","고스트헤어(검단신도시점)","인천광역시검단구발산로41205호(원당동, 정석프라자)","0507-1371-3479","할인","NO_RESULT","","미확인","","","","주소 검색 결과 없음"
"383","피카소안경","경기도안양시 동안구흥안대로458(평촌동)","010-4179-8621","할인","REUSED","네이버 Geocoding API","확인 완료","37.3948992","126.9761157","","업소명·주소 정규화 키가 기존 검증 좌표와 일치"
"384","아트당구장","경기도군포시대야1로6번길22- 4(대야미동)","010-5285-7985","할인","REUSED","네이버 Geocoding API","확인 완료","37.3283148","126.9200763","","업소명·주소 정규화 키가 기존 검증 좌표와 일치"
"385","만나떡볶이","경기도과천시별양상가2로35118호1층 (별양동)","02-3679-0118","할인","NO_RESULT","","미확인","","","","주소 검색 결과 없음"
"386","옥천냉면","경기도안양시 동안구관악대로374번길9- 211층 (관양동)","031-422-6644","할인","MATCHED","네이버 Geocoding API","확인 완료","37.4038438","126.9647689","경기도 안양시 동안구 관악대로374번길 9","시·도, 도로명과 건물번호가 일치하는 단일 결과"
"391","제부도디앤와이펜션","경기도화성시 만세구서신면해안길114(서신면제부리)","031-355-2126","할인","MATCHED","네이버 Geocoding API","확인 완료","37.1662894","126.6253899","경기도 화성시 만세구 서신면 해안길 114","시·도, 도로명과 건물번호가 일치하는 단일 결과"
"392","수진이네","경기도이천시신둔면경충대로3159번길12- 26(신둔면수광리)","0507-1311-7222","할인","MATCHED","네이버 Geocoding API","확인 완료","37.3094917","127.4005383","경기도 이천시 신둔면 경충대로3159번길 12-26","시·도, 도로명과 건물번호가 일치하는 단일 결과"
"393","동타안","경기도화성시 동탄구동탄반송1길231층 (반송동)","031-613-2121","할인","NO_RESULT","","미확인","","","","주소 검색 결과 없음"
"396","횃불식당","경기도가평군가평읍용추로171번길16(가평읍승안리, 횃불식당)","031-582-8933","할인","MATCHED","네이버 Geocoding API","확인 완료","37.8427601","127.4879669","경기도 가평군 가평읍 용추로171번길 16","시·도, 도로명과 건물번호가 일치하는 단일 결과"
"397","청정여수동갈매기살","경기도성남시 분당구장미로100번길222층 (야탑동)","031-706-8832","할인","MATCHED","네이버 Geocoding API","확인 완료","37.4134481","127.1318636","경기도 성남시 분당구 장미로 100","시·도, 도로명과 건물번호가 일치하는 단일 결과"
"398","도원가든","경기도연천군청산면청신로308(청산면초성리)","0507-1491-7292","할인","MATCHED","네이버 Geocoding API","확인 완료","37.9893725","127.0903814","경기도 연천군 청산면 청신로 308","시·도, 도로명과 건물번호가 일치하는 단일 결과"
"399","달려라행복이 달행이네 과일&음료","경기도고양시 덕양구토당로104번길22- 191층 (토당동)","031-994-0418","할인","AMBIGUOUS","","재확인 필요","","","","주소가 일치하는 결과가 여러 개"
"400","카페퀴너스","경기도파주시탄현면새오리로691층 (탄현면성동리, 프로방스힐)","031-947-0321","할인","NO_RESULT","","미확인","","","","주소 검색 결과 없음"
"420","시화이마트 안경매니져","경기도시흥시정왕대로210(정왕동, 1층)","031-498-8096","할인","REUSED","네이버 Geocoding API","확인 완료","37.345931","126.7369006","","업소명·주소 정규화 키가 기존 검증 좌표와 일치"
"423","아엠헤드","경기도수원시 장안구서부로2207번길18(율전동)","0507-1483-1235","할인","MATCHED","네이버 Geocoding API","확인 완료","37.3055886","126.9713895","경기도 수원시 장안구 서부로2207번길 18 인정베스트빌","시·도, 도로명과 건물번호가 일치하는 단일 결과"
"429","세미스칼프&바디","경기도이천시애련정로49번길36(안흥동)","010-5889-0109","할인","REUSED","네이버 Geocoding API","확인 완료","37.2749588","127.4531013","","업소명·주소 정규화 키가 기존 검증 좌표와 일치"
"430","뜨란헤어","경기도안양시 동안구경수대로980(비산동)","031-445-5379","할인","MATCHED","네이버 Geocoding API","확인 완료","37.4012504","126.9292215","경기도 안양시 동안구 경수대로 980 안양임곡휴먼시아 나상가동","시·도, 도로명과 건물번호가 일치하는 단일 결과"
"431","이엔(주)양파백세탕","경기도안양시 동안구동편로20번길16109호(관양동, 신안시티)","031-427-7888","할인","NO_RESULT","","미확인","","","","주소 검색 결과 없음"
"432","다비치안경 안양비산점","경기도안양시 동안구관악대로183107호(비산동, 동양월드타워)","0507-1398-5060","할인","NO_RESULT","","미확인","","","","주소 검색 결과 없음"
"436","안경클럽","서울특별시구로구고척로123(개봉동, (1층))","02-2611-4833","할인","REUSED","네이버 Geocoding API","확인 완료","37.502171","126.8476637","","업소명·주소 정규화 키가 기존 검증 좌표와 일치"
"437","리피부과의원","서울특별시중랑구면목로481(상봉동, (오렌지타워 5층))","02-2207-7707","할인","REUSED","네이버 Geocoding API","확인 완료","37.5947758","127.0856536","","업소명·주소 정규화 키가 기존 검증 좌표와 일치"
"438","샤인더마의원 왕십리","서울특별시성동구왕십리로331(하왕십리동, (4층))","02-6951-1870","할인","REUSED","네이버 Geocoding API","확인 완료","37.5626434","127.032817","","업소명·주소 정규화 키가 기존 검증 좌표와 일치"
"439","안경하우스 중곡점","서울특별시광진구용마산로53(중곡동)","02-444-1744","할인","REUSED","네이버 Geocoding API","확인 완료","37.5584572","127.0875882","","업소명·주소 정규화 키가 기존 검증 좌표와 일치"
"440","닥터디자이너의원 영등포","서울특별시영등포구경인로870(영등포동1가, (페어필드바이메리어트호텔 2층))","02-3667-4842","할인","REUSED","네이버 Geocoding API","확인 완료","37.5169829","126.909283","","업소명·주소 정규화 키가 기존 검증 좌표와 일치"
"441","종로연세의원","서울특별시종로구종로272(종로6가, (신관증축동 7층))","02-745-3388","할인","REUSED","네이버 Geocoding API","확인 완료","37.5708266","127.0081219","","업소명·주소 정규화 키가 기존 검증 좌표와 일치"
"442","서울미의원 서울대입구 본점","서울특별시관악구관악로165(봉천동, (6층))","02-871-1158","할인","REUSED","네이버 Geocoding API","확인 완료","37.4800778","126.9521225","","업소명·주소 정규화 키가 기존 검증 좌표와 일치"
"443","연세나눔의원","서울특별시강서구공항대로164(마곡동, (5층 504호))","02-2666-3616","할인","REUSED","네이버 Geocoding API","확인 완료","37.5593259","126.8255148","","업소명·주소 정규화 키가 기존 검증 좌표와 일치"
"444","연세미엔의원","서울특별시영등포구신길로36(신길동, (연세빌딩 3층))","02-844-5718","할인","REUSED","네이버 Geocoding API","확인 완료","37.4957913","126.9087385","","업소명·주소 정규화 키가 기존 검증 좌표와 일치"
"445","삼성비앤에스의원","서울특별시강남구테헤란로514(대치동, (6층))","02-553-0777","할인","REUSED","네이버 Geocoding API","확인 완료","37.5074386","127.0597679","","업소명·주소 정규화 키가 기존 검증 좌표와 일치"
"446","클라임투더문 클라이밍","서울특별시송파구백제고분로224(삼전동, (지하1층))","0507-1431-5019","할인","REUSED","네이버 Geocoding API","확인 완료","37.5031314","127.0913946","","업소명·주소 정규화 키가 기존 검증 좌표와 일치"
"448","한국실용아트 버닝협회","서울특별시중랑구봉화산로221- 0(신내동, (동성타워 1층 109호))","0507-1317-5902","할인","REUSED","네이버 Geocoding API","확인 완료","37.6079832","127.0973066","","업소명·주소 정규화 키가 기존 검증 좌표와 일치"
"449","돈벼락김치삼겹살 장안동본점","서울특별시동대문구장한로26길24(장안동, (1층))","0507-1374-9597","할인","MATCHED","네이버 Geocoding API","확인 완료","37.5714899","127.0729639","서울특별시 동대문구 장한로26길 24","시·도, 도로명과 건물번호가 일치하는 단일 결과"
"450","그로우빈스","서울특별시강서구양천로18길16(방화동, (1층 101호))","02-2661-0922","할인","MATCHED","네이버 Geocoding API","확인 완료","37.5727689","126.812605","서울특별시 강서구 양천로18길 16","시·도, 도로명과 건물번호가 일치하는 단일 결과"
"451","세라아트도예학원","서울특별시서초구효령로36길18(방배동, (2층))","02-522-4120","할인","REUSED","네이버 Geocoding API","확인 완료","37.4809062","127.0001612","","업소명·주소 정규화 키가 기존 검증 좌표와 일치"
"452","안경하는집옥토 방배점","서울특별시서초구방배중앙로187(방배동, (1층))","0507-1405-2660","할인","REUSED","네이버 Geocoding API","확인 완료","37.4957191","126.9855525","","업소명·주소 정규화 키가 기존 검증 좌표와 일치"
"453","안경하는집옥토 이수점","서울특별시서초구동광로12가길40(방배동, (1층))","0507-1392-2660","할인","REUSED","네이버 Geocoding API","확인 완료","37.487489","126.9827361","","업소명·주소 정규화 키가 기존 검증 좌표와 일치"
"454","휴킨스피부과의원","서울특별시노원구동일로204가길34(중계동, (2층))","02-977-6447","할인","REUSED","네이버 Geocoding API","확인 완료","37.6407272","127.06816","","업소명·주소 정규화 키가 기존 검증 좌표와 일치"
"455","라포레","서울특별시강남구학동로12길15(논현동, (1층))","02-3447-0111","할인","REUSED","네이버 Geocoding API","확인 완료","37.5113312","127.0257834","","업소명·주소 정규화 키가 기존 검증 좌표와 일치"
"456","프로젝트유의원 홍대입구역","서울특별시마포구양화로162(동교동, (6층))","02-2038-8910","할인","REUSED","네이버 Geocoding API","확인 완료","37.556431","126.9238845","","업소명·주소 정규화 키가 기존 검증 좌표와 일치"
"457","엘룬헤어","서울특별시은평구연서로29길7(갈현동, (2층))","02-388-7279","할인","MATCHED","네이버 Geocoding API","확인 완료","37.6186804","126.9194113","서울특별시 은평구 연서로29길 7","시·도, 도로명과 건물번호가 일치하는 단일 결과"
"458","화곡직영점","서울특별시강서구강서로17다길16- 1(화곡동, (1층 Phone))","0507-1322-3163","할인","REUSED","네이버 Geocoding API","확인 완료","37.5334048","126.8422656","","업소명·주소 정규화 키가 기존 검증 좌표와 일치"
"459","모두의운동 그룹PT 길동역","서울특별시강동구양재대로111길27(길동, (골드클래스 301호))","0507-1357-1173","할인","REUSED","네이버 Geocoding API","확인 완료","37.5371935","127.1380652","","업소명·주소 정규화 키가 기존 검증 좌표와 일치"
"460","스캔하우스","서울특별시광진구광나루로56길85(구의동, (판매동 2층 A-25호))","02-3424-2226","할인","REUSED","네이버 Geocoding API","확인 완료","37.5357263","127.0957093","","업소명·주소 정규화 키가 기존 검증 좌표와 일치"
"461","캐논스토어 강변점","서울특별시광진구광나루로56길85(구의동, (판매동 2층 A-18호))","02-3424-2225","할인","REUSED","네이버 Geocoding API","확인 완료","37.5357263","127.0957093","","업소명·주소 정규화 키가 기존 검증 좌표와 일치"
"462","야판다 베이스샵","서울특별시광진구광나루로56길85(구의동, (강변테크노마트 2층 D-1호))","0507-1489-1174","할인","REUSED","네이버 Geocoding API","확인 완료","37.5357263","127.0957093","","업소명·주소 정규화 키가 기존 검증 좌표와 일치"
"463","로젤의원","서울특별시노원구동일로1419(상계동, (3층))","02-6956-5750","할인","REUSED","네이버 Geocoding API","확인 완료","37.6553187","127.0598676","","업소명·주소 정규화 키가 기존 검증 좌표와 일치"
"464","전통안마지압원","서울특별시중구퇴계로88길61(신당동, (3층))","02-2238-8085","할인","REUSED","네이버 Geocoding API","확인 완료","37.5632753","127.0195635","","업소명·주소 정규화 키가 기존 검증 좌표와 일치"
"465","진이찬방 구로디지털역점","서울특별시동작구신대방1가길38(신대방동, (동작상떼빌오피스텔상가 105동 105호))","0507-1436-0107","할인","REUSED","네이버 Geocoding API","확인 완료","37.4876928","126.9067146","","업소명·주소 정규화 키가 기존 검증 좌표와 일치"
"466","밀알카페","서울특별시강서구강서로33길16(화곡동, (1층))","0507-1389-2518","할인","MATCHED","네이버 Geocoding API","확인 완료","37.5420041","126.8388133","서울특별시 강서구 강서로33길 16 서서울교회","시·도, 도로명과 건물번호가 일치하는 단일 결과"
"467","잇츠카메라","서울특별시광진구광나루로56길85(구의동, (2층 D-3호))","0507-1401-7396","할인","REUSED","네이버 Geocoding API","확인 완료","37.5357263","127.0957093","","업소명·주소 정규화 키가 기존 검증 좌표와 일치"
"468","아이스쿨안경콘텍트","서울특별시영등포구도림로300(신길동)","02-844-0041","할인","REUSED","네이버 Geocoding API","확인 완료","37.5045605","126.9031504","","업소명·주소 정규화 키가 기존 검증 좌표와 일치"
"469","마우나커피","서울특별시영등포구여의대방로43길11- 5(신길동, (1층))","02-2135-8839","할인","MATCHED","네이버 Geocoding API","확인 완료","37.505796","126.9214464","서울특별시 영등포구 여의대방로43길 11-5","시·도, 도로명과 건물번호가 일치하는 단일 결과"
"481","올리브","경기도연천군청산면청신로336(청산면초성리)","031-835-1198","할인","MATCHED","네이버 Geocoding API","확인 완료","37.9877734","127.0927451","경기도 연천군 청산면 청신로 336","시·도, 도로명과 건물번호가 일치하는 단일 결과"
"483","비타미스뷰","경기도수원시 권선구금곡로205304호(금곡동)","031-1234-7777","할인","NO_RESULT","","미확인","","","","주소 검색 결과 없음"
"484","인생돈카츠 불광본점","서울특별시은평구통일로65길12- 10(대조동, (1층))","0507-1352-3920","할인","MATCHED","네이버 Geocoding API","확인 완료","37.6097509","126.9295974","서울특별시 은평구 통일로65길 12-10","시·도, 도로명과 건물번호가 일치하는 단일 결과"
"485","서울하이안치과의원 강남구청","서울특별시강남구학동로335(논현동, (다른타워 6층))","02-357-2879","할인","REUSED","네이버 Geocoding API","확인 완료","37.5169878","127.0396575","","업소명·주소 정규화 키가 기존 검증 좌표와 일치"
"500","서울매스티지치과의원","서울특별시강남구봉은사로105(논현동, (동양빌딩 1층, 6층))","02-3446-8275","할인","REUSED","네이버 Geocoding API","확인 완료","37.5049634","127.0250571","","업소명·주소 정규화 키가 기존 검증 좌표와 일치"
"512","스마일뷰치과의원","서울특별시강남구봉은사로107(논현동, (15층))","02-552-7528","할인","REUSED","네이버 Geocoding API","확인 완료","37.5050191","127.0253945","","업소명·주소 정규화 키가 기존 검증 좌표와 일치"
"513","예가미용실","서울특별시서초구남부순환로356길55(양재동, (1층))","0507-1372-4844","할인","MATCHED","네이버 Geocoding API","확인 완료","37.4825416","127.0385798","서울특별시 서초구 남부순환로356길 55","시·도, 도로명과 건물번호가 일치하는 단일 결과"
"539","사랑시대 국제안경","경기도안양시 만안구안양로291(안양동)","031-466-7401","할인","REUSED","네이버 Geocoding API","확인 완료","37.3981601","126.9216664","","업소명·주소 정규화 키가 기존 검증 좌표와 일치"
"540","자스 아일랜드","경기도과천시별양로28B동1089호1층 (원문동, 건물후면 GS편의점 옆)","02-504-7924","할인","MATCHED","네이버 Geocoding API","확인 완료","37.4211738","126.9912596","경기도 과천시 별양로 28 래미안 슈르","시·도, 도로명과 건물번호가 일치하는 단일 결과"
"542","피어나","경기도안양시 동안구시민대로327번길6105호(관양동, W에이스타워)","0507-1300-5403","할인","NO_RESULT","","미확인","","","","주소 검색 결과 없음"
"543","문이네 카페","경기도군포시수리산로203번안길40103,104호(산본동)","0507-1423-2780","할인","NO_RESULT","","미확인","","","","주소 검색 결과 없음"
"544","선한 게장","경기도군포시산본로431번안길3- 7(산본동)","010-8988-8676","할인","MATCHED","네이버 Geocoding API","확인 완료","37.3672915","126.926267","경기도 군포시 산본로431번안길 3-7","시·도, 도로명과 건물번호가 일치하는 단일 결과"
"545","궁안골","경기도군포시수리산로191- 0(산본동, 해아름빌리지)","031-398-4667","할인","MATCHED","네이버 Geocoding API","확인 완료","37.3651027","126.9209763","경기도 군포시 수리산로 191 해아름빌리지","시·도, 도로명과 건물번호가 일치하는 단일 결과"
"546","루트원스튜디오","경기도과천시별양로28B동B23-1호(원문동)","0507-1366-7427","할인","REUSED","네이버 Geocoding API","확인 완료","37.4211738","126.9912596","","업소명·주소 정규화 키가 기존 검증 좌표와 일치"
"547","카페공간","경기도과천시과천대로7길20150호B층 (갈현동, 스마트케이)","0507-0284-4457","할인","NO_RESULT","","미확인","","","","주소 검색 결과 없음"
"548","국수사랑","경기도의왕시계원대학로34106호(내손동, 신우프라자)","031-421-9433","할인","NO_RESULT","","미확인","","","","주소 검색 결과 없음"
"549","캠핑이너스(주)","경기도안성시원곡면오동길34(원곡면내가천리)","0507-1304-5672","할인","MATCHED","네이버 Geocoding API","확인 완료","37.0395542","127.1256123","경기도 안성시 원곡면 오동길 34","시·도, 도로명과 건물번호가 일치하는 단일 결과"
"550","카페 두둥실","경기도안양시 동안구시민대로187102호(비산동, 안양건설타워)","0507-877-3305","할인","NO_RESULT","","미확인","","","","주소 검색 결과 없음"
"551","메이릴(네일,왁싱,피부,속눈썹)","경기도군포시군포역1길36(당동)","0507-1386-9916","할인","REUSED","네이버 Geocoding API","확인 완료","37.3529494","126.9476994","","업소명·주소 정규화 키가 기존 검증 좌표와 일치"
"552","카피바라 커피랩","서울특별시동작구대방동23길36(대방동, (1층))","0503-5260-9516","할인","MATCHED","네이버 Geocoding API","확인 완료","37.5041462","126.9233874","서울특별시 동작구 대방동23길 36","시·도, 도로명과 건물번호가 일치하는 단일 결과"
"553","수헤어","서울특별시은평구가좌로12길15(신사동, (은평신사 두산위브 2차 상가))","02-357-8254","할인","MATCHED","네이버 Geocoding API","확인 완료","37.5988251","126.907551","서울특별시 은평구 가좌로12길 15 은평신사두산위브2차","시·도, 도로명과 건물번호가 일치하는 단일 결과"
"554","행복드림치과의원","서울특별시강남구논현로327(역삼동, (3층))","02-553-2879","할인","REUSED","네이버 Geocoding API","확인 완료","37.4944701","127.0396202","","업소명·주소 정규화 키가 기존 검증 좌표와 일치"
"555","디얼스 이마트은평점","서울특별시은평구은평로111(응암동, (이마트 8층 디얼스 미용실))","0507-1397-1096","할인","MATCHED","네이버 Geocoding API","확인 완료","37.6008422","126.9205287","서울특별시 은평구 은평로 111 은평이마트","시·도, 도로명과 건물번호가 일치하는 단일 결과"
"556","고려대학교안경콘택트","서울특별시성북구안암로145(안암동5가, (고려대학교라이시움 1층))","02-922-2285","할인","REUSED","네이버 Geocoding API","확인 완료","37.5899103","127.0318122","","업소명·주소 정규화 키가 기존 검증 좌표와 일치"
"557","솔찬 장칼국수 구파발본점","서울특별시은평구북한산로2(진관동, (금호어울림10단지 1028동 1층상가 102호))","0507-1433-1403","할인","MATCHED","네이버 Geocoding API","확인 완료","37.6422426","126.9162208","서울특별시 은평구 북한산로 2 은평뉴타운 구파발","시·도, 도로명과 건물번호가 일치하는 단일 결과"
"574","수민헤어","경기도김포시통진읍조강로98(통진읍서암리, 1층)","031-983-2510","할인","MATCHED","네이버 Geocoding API","확인 완료","37.6929431","126.5961155","경기도 김포시 통진읍 조강로 98","시·도, 도로명과 건물번호가 일치하는 단일 결과"
"575","아워스스킨","인천광역시부평구길주로639(삼산동, 1층 102호)","0507-1363-7800","할인","REUSED","네이버 Geocoding API","확인 완료","37.5072685","126.7335552","","업소명·주소 정규화 키가 기존 검증 좌표와 일치"
"576","팔팔순대(배곧직영점)","경기도시흥시서울대학로59- 49(배곧동, 건영테크노밸리 118호)","0507-1424-8933","할인","MATCHED","네이버 Geocoding API","확인 완료","37.3597186","126.7085372","경기도 시흥시 서울대학로 59-49 건영테크노밸리","시·도, 도로명과 건물번호가 일치하는 단일 결과"
"594","유디치과의원","서울특별시강북구도봉로256(미아동, (덕산빌딩 4층))","02-988-2882","할인","REUSED","네이버 Geocoding API","확인 완료","37.631364","127.0245019","","업소명·주소 정규화 키가 기존 검증 좌표와 일치"
"597","청담i치과","경기도의정부시신흥로240번길213,4층 (의정부동)","031-837-1111","할인","NO_RESULT","","미확인","","","","주소 검색 결과 없음"
"598","청담i성형외과(진료과목 피부과)","경기도의정부시신흥로240번길2111,12층 (의정부동)","031-877-6326","할인","NO_RESULT","","미확인","","","","주소 검색 결과 없음"
"599","성베드로병원","경기도의정부시평화로622(의정부동)","1544-1131","할인","REUSED","네이버 Geocoding API","확인 완료","37.7475198","127.0458614","","업소명·주소 정규화 키가 기존 검증 좌표와 일치"
"600","의정부서울척병원","경기도의정부시태평로6(의정부동)","031-830-2000","할인","REUSED","네이버 Geocoding API","확인 완료","37.7336074","127.0486693","","업소명·주소 정규화 키가 기존 검증 좌표와 일치"
"601","로체스터병원","경기도의정부시호국로1519번길2- 29(금오동)","031-879-7575","할인","REUSED","네이버 Geocoding API","확인 완료","37.7539203","127.0709934","","업소명·주소 정규화 키가 기존 검증 좌표와 일치"
"602","연세베스트병원","경기도의정부시평화로3892-8층 (호원동, 화성빌딩)","031-874-0119","할인","NO_RESULT","","미확인","","","","주소 검색 결과 없음"
"603","의정부모커리한방병원","경기도의정부시동일로7134층 (금오동)","031-827-2575","할인","NO_RESULT","","미확인","","","","주소 검색 결과 없음"
"604","블루힐요양병원","경기도의정부시입석로70번길66(녹양동)","031-871-8118","할인","REUSED","네이버 Geocoding API","확인 완료","37.7576669","127.0195007","","업소명·주소 정규화 키가 기존 검증 좌표와 일치"
"605","서울신세계안과","경기도의정부시태평로73번길553,4층 (의정부동, 농협빌딩)","1599-7397","할인","NO_RESULT","","미확인","","","","주소 검색 결과 없음"
"606","서울마디정형외과","경기도의정부시태평로73번길556,7층 (의정부동)","031-875-7355","할인","NO_RESULT","","미확인","","","","주소 검색 결과 없음"
"607","김재우한의원","경기도의정부시시민로1461층 (의정부동)","031-878-0808","할인","NO_RESULT","","미확인","","","","주소 검색 결과 없음"
"608","의정부장례식장","경기도의정부시체육로113- 18(녹양동)","031-871-4444","할인","REUSED","네이버 Geocoding API","확인 완료","37.757424","127.0222128","","업소명·주소 정규화 키가 기존 검증 좌표와 일치"
"609","의정부간호학원","경기도의정부시시민로1255층 (의정부동)","031-845-0381","할인","NO_RESULT","","미확인","","","","주소 검색 결과 없음"
"610","경기북부간호학원","경기도의정부시태평로1283,4층 (의정부동)","031-846-4238","할인","NO_RESULT","","미확인","","","","주소 검색 결과 없음"
"647","나도보청기","경기도용인시 기흥구동백5로21- 114층 (중동, 동백훼미리프라자1)","031-283-2515","할인","ADDRESS_MISMATCH","","재확인 필요","","","","도로명·건물번호가 원본과 일치하지 않음"
"666","글로벌안과","경기도안양시 동안구관악대로480201호2층 (관양동, 우정타운)","031-426-1004","할인","NO_RESULT","","미확인","","","","주소 검색 결과 없음"
"668","자생한방병원","경기도수원시 영통구봉영로1587406호4,9,10층 (영통동, 다모아프라자)","031-695-8034","할인","NO_RESULT","","미확인","","","","주소 검색 결과 없음"
"669","사람사랑치과","경기도수원시 장안구경수대로950434호4층 (조원동)","031-257-2803","할인","NO_RESULT","","미확인","","","","주소 검색 결과 없음"
"670","연세굿데이치과의원 양재점","서울특별시서초구강남대로206(양재동, (5~6층))","02-574-2279","할인","REUSED","네이버 Geocoding API","확인 완료","37.4826678","127.0365079","","업소명·주소 정규화 키가 기존 검증 좌표와 일치"
"671","연세굿데이치과의원 수서점","서울특별시강남구광평로281(수서동, (2층))","02-6181-3800","할인","REUSED","네이버 Geocoding API","확인 완료","37.4881219","127.103087","","업소명·주소 정규화 키가 기존 검증 좌표와 일치"
"683","아람컴퓨터전문학원","서울특별시동작구동작대로29길91(사당동, (우성2공구상가 404호))","02-593-5424","할인","REUSED","네이버 Geocoding API","확인 완료","37.4875831","126.9771295","","업소명·주소 정규화 키가 기존 검증 좌표와 일치"
"684","국제컴퓨터학원","서울특별시서대문구통일로157- 6(냉천동, (3층))","02-393-5641","할인","REUSED","네이버 Geocoding API","확인 완료","37.5680135","126.9640144","","업소명·주소 정규화 키가 기존 검증 좌표와 일치"
"685","유림컴퓨터학원","서울특별시성동구뚝섬로325- 1(성수동1가, (한샘어린이집))","02-468-2174","할인","REUSED","네이버 Geocoding API","확인 완료","37.5412337","127.047261","","업소명·주소 정규화 키가 기존 검증 좌표와 일치"
"686","송파컴퓨터회계학원","서울특별시송파구송파대로38길2- 9(송파동)","0507-1408-7744","할인","REUSED","네이버 Geocoding API","확인 완료","37.5001579","127.1124643","","업소명·주소 정규화 키가 기존 검증 좌표와 일치"
"711","상아컴퓨터학원","인천광역시계양구경명대로1124(계산동, 명인프라자 501호)","032-541-0131","할인","REUSED","네이버 Geocoding API","확인 완료","37.5428698","126.7318657","","업소명·주소 정규화 키가 기존 검증 좌표와 일치"
"712","우리컴퓨터아카데미(지점)","인천광역시부평구경원대로1369(부평동)","032-343-4927","할인","REUSED","네이버 Geocoding API","확인 완료","37.4914754","126.721029","","업소명·주소 정규화 키가 기존 검증 좌표와 일치"
"713","한나래컴퓨터학원","인천광역시계양구장제로899(임학동, 4층)","032-552-9669","할인","REUSED","네이버 Geocoding API","확인 완료","37.5470052","126.7399534","","업소명·주소 정규화 키가 기존 검증 좌표와 일치"
"714","시대컴퓨터학원","인천광역시남동구구월남로232(구월동, 롯데프라자 1차)","032-427-7494","할인","REUSED","네이버 Geocoding API","확인 완료","37.4523746","126.7152227","","업소명·주소 정규화 키가 기존 검증 좌표와 일치"
"715","한결컴퓨터학원","인천광역시남동구서창남로81- 0(서창동, 투엠프라자 505호)","","할인","REUSED","네이버 Geocoding API","확인 완료","37.4262867","126.7480493","","업소명·주소 정규화 키가 기존 검증 좌표와 일치"
"716","길컴퓨터학원","인천광역시미추홀구소성로20(용현동, 201호)","032-765-7956","할인","REUSED","네이버 Geocoding API","확인 완료","37.4476282","126.6519759","","업소명·주소 정규화 키가 기존 검증 좌표와 일치"
"717","이컴회계정보처리학원","인천광역시미추홀구석정로202번길12- 17(도화동, 3~5층)","032-881-4030","할인","REUSED","네이버 Geocoding API","확인 완료","37.4671403","126.657386","","업소명·주소 정규화 키가 기존 검증 좌표와 일치"
"718","가인컴퓨터학원","인천광역시부평구주부토로231(갈산동, 갈산홈프라자 401호)","032-524-0833","할인","REUSED","네이버 Geocoding API","확인 완료","37.5158535","126.7260311","","업소명·주소 정규화 키가 기존 검증 좌표와 일치"
"719","원당컴퓨터학원","인천광역시검단구원당대로840번길5- 0(당하동, 502호)","032-565-5497","할인","REUSED","네이버 Geocoding API","확인 완료","37.593062","126.6948981","","업소명·주소 정규화 키가 기존 검증 좌표와 일치"
"720","도원회계컴퓨터학원","인천광역시제물포구참외전로244- 1-1(도원동, 3층)","032-886-8805","할인","REUSED","네이버 Geocoding API","확인 완료","37.4685427","126.6416496","","업소명·주소 정규화 키가 기존 검증 좌표와 일치"
"721","우리컴퓨터아카데미","경기도구리시건원대로36(인창동, 406호)","031-555-6667","할인","REUSED","네이버 Geocoding API","확인 완료","37.6044341","127.1405155","","업소명·주소 정규화 키가 기존 검증 좌표와 일치"
"730","대원평생교육원","경기도수원시 권선구수인로43- 26(서둔동)","031-291-6110","할인","REUSED","네이버 Geocoding API","확인 완료","37.2695464","126.9929742","","업소명·주소 정규화 키가 기존 검증 좌표와 일치"
"731","중앙컴퓨터전산회계학원","경기도광주시중앙로145번길23(경안동, 용궁빌딩)","","할인","REUSED","네이버 Geocoding API","확인 완료","37.4124331","127.2547288","","업소명·주소 정규화 키가 기존 검증 좌표와 일치"
"732","영진아이티학원","경기도수원시 팔달구정조로7241203호12층 (중동, 마이온프라자)","","할인","NO_RESULT","","미확인","","","","주소 검색 결과 없음"
"733","더플랜컴퓨터학원 공도점","경기도안성시공도읍공도4로3207호2층 (공도읍만정리, 우성메디컬)","031-653-7902","할인","NO_RESULT","","미확인","","","","주소 검색 결과 없음"
"736","샘물 IT 캠퍼스학원","경기도여주시여흥로176- 21층 (상동)","","할인","REUSED","네이버 Geocoding API","확인 완료","37.2950376","127.6429209","","업소명·주소 정규화 키가 기존 검증 좌표와 일치"
"738","하늘바다컴퓨터학원","경기도용인시 수지구풍덕천로122503호5층 (풍덕천동, 하나로프라자)","031-261-7785","할인","NO_RESULT","","미확인","","","","주소 검색 결과 없음"
"741","더플랜컴퓨터학원 이천점","경기도이천시영창로143301호(관고동)","031-631-4865","할인","NO_RESULT","","미확인","","","","주소 검색 결과 없음"
"743","더플랜컴퓨터학원 평택점","경기도평택시용죽3로125층 (용이동)","031-656-7901","할인","NO_RESULT","","미확인","","","","주소 검색 결과 없음"
"745","비트컴퓨터학원","경기도평택시비전5로117층 (비전동, 타임빌딩)","0507-1315-6236","할인","NO_RESULT","","미확인","","","","주소 검색 결과 없음"
"746","더영진아이티학원","경기도화성시 동탄구동탄대로537441호4층 (오산동, 라스플로레스)","","할인","NO_RESULT","","미확인","","","","주소 검색 결과 없음"
"747","동탄영진아이티학원","경기도화성시 동탄구동탄대로시범길148- 54503호(청계동)","","할인","NO_RESULT","","미확인","","","","주소 검색 결과 없음"
"776","광명안경원","경기도동두천시중앙로235(생연동)","031-862-7799","할인","REUSED","네이버 Geocoding API","확인 완료","37.9026924","127.0530852","","업소명·주소 정규화 키가 기존 검증 좌표와 일치"
"777","바흐야마","경기도성남시 수정구위례광장로27- 0(창곡동, 으뜸프라자 102호)","","할인","REUSED","네이버 Geocoding API","확인 완료","37.4669488","127.1401074","","업소명·주소 정규화 키가 기존 검증 좌표와 일치"
"778","글라스타안경 죽전점","경기도용인시 기흥구죽전로39(보정동, SJ타워 108호)","031-896-7755","할인","REUSED","네이버 Geocoding API","확인 완료","37.3207161","127.1131676","","업소명·주소 정규화 키가 기존 검증 좌표와 일치"
"779","시호비전 안경원","경기도안성시공도읍서동대로4478(공도읍양기리, 롯데마트 2층)","031-653-0444","할인","REUSED","네이버 Geocoding API","확인 완료","37.0078386","127.1994978","","업소명·주소 정규화 키가 기존 검증 좌표와 일치"
"780","안경박사 야탑점","경기도성남시 분당구벌말로37(야탑동, 1층)","031-706-8985","할인","REUSED","네이버 Geocoding API","확인 완료","37.4113526","127.1380138","","업소명·주소 정규화 키가 기존 검증 좌표와 일치"
"781","글라스타안경 아주대구내점","경기도수원시 영통구월드컵로206(원천동, 성호관 1층)","031-214-5990","할인","REUSED","네이버 Geocoding API","확인 완료","37.2833808","127.046072","","업소명·주소 정규화 키가 기존 검증 좌표와 일치"
"782","공도안경","경기도안성시공도읍공도로77(공도읍만정리)","031-654-9009","할인","REUSED","네이버 Geocoding API","확인 완료","36.9995936","127.1696098","","업소명·주소 정규화 키가 기존 검증 좌표와 일치"
"784","클리어서울안과의원","서울특별시서초구서초대로77길17(서초동, (6층))","02-566-7778","할인","REUSED","네이버 Geocoding API","확인 완료","37.4995536","127.0257524","","업소명·주소 정규화 키가 기존 검증 좌표와 일치"
"786","인터넷피해구제협회","서울특별시금천구범안로1130(가산동, (3층)))","0507-1320-8896","할인","REUSED","네이버 Geocoding API","확인 완료","37.4655207","126.8876739","","업소명·주소 정규화 키가 기존 검증 좌표와 일치"
"787","에스앤유안과의원","서울특별시강남구강남대로624(신사동)","02-548-0201","할인","REUSED","네이버 Geocoding API","확인 완료","37.5174876","127.0195523","","업소명·주소 정규화 키가 기존 검증 좌표와 일치"
"788","밴스모자이너의원","서울특별시강남구강남대로470(역삼동, (9층))","02-3011-8556","할인","REUSED","네이버 Geocoding API","확인 완료","37.5043479","127.0250552","","업소명·주소 정규화 키가 기존 검증 좌표와 일치"
"789","퍼스트성모안과의원","서울특별시노원구동일로1405(상계동, (8층))","02-6956-8011","할인","REUSED","네이버 Geocoding API","확인 완료","37.6538336","127.0601763","","업소명·주소 정규화 키가 기존 검증 좌표와 일치"
"792","가우디치과의원","서울특별시강남구테헤란로520(대치동, (삼안빌딩 4층))","1599-7402","할인","REUSED","네이버 Geocoding API","확인 완료","37.5078362","127.0610749","","업소명·주소 정규화 키가 기존 검증 좌표와 일치"
"793","미켈란치과의원","서울특별시강남구강남대로382(역삼동, (메리츠타워 지하1층))","1599-7402","할인","REUSED","네이버 Geocoding API","확인 완료","37.4970813","127.0286302","","업소명·주소 정규화 키가 기존 검증 좌표와 일치"
"802","송화","경기도고양시 덕양구수역이길25(성사동)","0507-1466-8906","할인","MATCHED","네이버 Geocoding API","확인 완료","37.6638736","126.8502979","경기도 고양시 덕양구 수역이길 25","시·도, 도로명과 건물번호가 일치하는 단일 결과"
"803","일품사천불짬뽕","서울특별시강서구양천로28(방화동, (벽산에어트리움))","02-2662-6639","할인","MATCHED","네이버 Geocoding API","확인 완료","37.5722167","126.8067625","서울특별시 강서구 양천로 28 벽산에어트리움","시·도, 도로명과 건물번호가 일치하는 단일 결과"
"806","포아이니 개화산역점","서울특별시강서구양천로28(방화동, (본관동 104호))","02-2665-5599","할인","MATCHED","네이버 Geocoding API","확인 완료","37.5722167","126.8067625","서울특별시 강서구 양천로 28 벽산에어트리움","시·도, 도로명과 건물번호가 일치하는 단일 결과"
"807","전주콩나물 해장국&지지미 방화점","서울특별시강서구양천로6길28(방화동)","02-2665-8222","할인","MATCHED","네이버 Geocoding API","확인 완료","37.5705336","126.8068242","서울특별시 강서구 양천로6길 28 마곡중앙하이츠아파트","시·도, 도로명과 건물번호가 일치하는 단일 결과"
"808","강서풍천민물장어","서울특별시강서구양천로18길9(방화동)","02-2661-1033","할인","MATCHED","네이버 Geocoding API","확인 완료","37.5729726","126.812989","서울특별시 강서구 양천로18길 9 만가화로구이","시·도, 도로명과 건물번호가 일치하는 단일 결과"
"809","칼스토랑 방화점","서울특별시강서구양천로28(방화동, (b106)))","070-8657-3869","할인","MATCHED","네이버 Geocoding API","확인 완료","37.5722167","126.8067625","서울특별시 강서구 양천로 28 벽산에어트리움","시·도, 도로명과 건물번호가 일치하는 단일 결과"
"810","김가네 개화산역점","서울특별시강서구양천로28(방화동, (벽산에어트리움 C-8호)))","02-2664-2335","할인","MATCHED","네이버 Geocoding API","확인 완료","37.5722167","126.8067625","서울특별시 강서구 양천로 28 벽산에어트리움","시·도, 도로명과 건물번호가 일치하는 단일 결과"
"811","공항두루치기","서울특별시강서구양천로28(방화동)","02-2666-2272","할인","MATCHED","네이버 Geocoding API","확인 완료","37.5722167","126.8067625","서울특별시 강서구 양천로 28 벽산에어트리움","시·도, 도로명과 건물번호가 일치하는 단일 결과"
"812","서울맥치과의원 강서점","서울특별시강서구양천로490(등촌동, (3층 301호))","02-2659-2870","할인","REUSED","네이버 Geocoding API","확인 완료","37.5610697","126.8544711","","업소명·주소 정규화 키가 기존 검증 좌표와 일치"
"813","인천맥치과의원","인천광역시서해구봉오대로255- 0(가정동, 3층 305호~308호)","032-565-7928","할인","REUSED","네이버 Geocoding API","확인 완료","37.5251182","126.6779803","","업소명·주소 정규화 키가 기존 검증 좌표와 일치"
"814","김포맥치과의원","경기도김포시중봉1로17(감정동, 2층)","032-982-2853","할인","REUSED","네이버 Geocoding API","확인 완료","37.6233037","126.6993417","","업소명·주소 정규화 키가 기존 검증 좌표와 일치"
"815","업프로짐","경기도의왕시왕곡로163층 (왕곡동, 의왕프라자)","0507-1488-8320","할인","NO_RESULT","","미확인","","","","주소 검색 결과 없음"
"817","로젠안경원","경기도과천시별양상가2로201층 (별양동, 새서울쇼핑)","02-503-2121","면제","NO_RESULT","","미확인","","","","주소 검색 결과 없음"
"818","준스이","경기도부천시 원미구상동로69(상동, 새롬프라자 15차 101호)","070-4334-3699","할인","MATCHED","네이버 Geocoding API","확인 완료","37.5037563","126.7522343","경기도 부천시 원미구 상동로 69 새롬프라자(15차)","시·도, 도로명과 건물번호가 일치하는 단일 결과"
"822","힐앤필 PT 필라테스","경기도과천시과천대로6가길22503호(갈현동, 소호프라자)","0507-1461-0664","할인","NO_RESULT","","미확인","","","","주소 검색 결과 없음"
"830","으뜸 50안경 과천점","경기도과천시새술막길38304호(중앙동, 중앙빌딩)","02-6326-5051","할인","NO_RESULT","","미확인","","","","주소 검색 결과 없음"
"836","스타안경원","서울특별시관악구남부순환로1938(봉천동, (2층))","02-883-1999","할인","REUSED","네이버 Geocoding API","확인 완료","37.4765678","126.9641291","","업소명·주소 정규화 키가 기존 검증 좌표와 일치"
"842","베스트헤어","경기도수원시 장안구정자로42번길52203호(천천동, 베스트상가)","031-268-5535","할인","NO_RESULT","","미확인","","","","주소 검색 결과 없음"
"843","새빛안과병원","경기도고양시 일산동구중앙로1065(백석동)","031-900-7700","할인","REUSED","네이버 Geocoding API","확인 완료","37.6442729","126.7857545","","업소명·주소 정규화 키가 기존 검증 좌표와 일치"
"849","모모성형외과의원","서울특별시강남구압구정로124(신사동, (모모빌딩))","1566-4766","할인","REUSED","네이버 Geocoding API","확인 완료","37.5237732","127.0222286","","업소명·주소 정규화 키가 기존 검증 좌표와 일치"
"850","디지털해피스치과","인천광역시부평구광장로28(부평동, 405일부,406,407,408,409호)","0507-1327-2896","할인","REUSED","네이버 Geocoding API","확인 완료","37.4904402","126.7248666","","업소명·주소 정규화 키가 기존 검증 좌표와 일치"
"851","우디핏","경기도의왕시내손중앙로46층 (내손동, 벨포레스퀘어)","031-429-9679","할인","NO_RESULT","","미확인","","","","주소 검색 결과 없음"
"856","인천안경","인천광역시제물포구송림로91(송림동, 1층)","032-773-4891","할인","REUSED","네이버 Geocoding API","확인 완료","37.4762735","126.644975","","업소명·주소 정규화 키가 기존 검증 좌표와 일치"
"860","모모의원(수원점)","경기도수원시 팔달구중부대로1419층 (우만동)","1688-8666","할인","NO_RESULT","","미확인","","","","주소 검색 결과 없음"
"861","푸라닭 용인역북점","경기도용인시 처인구금학로235번길261층 (역북동, 선봉레스텔)","0507-1379-9207","할인","ADDRESS_MISMATCH","","재확인 필요","","","","도로명·건물번호가 원본과 일치하지 않음"
"863","닥터유치과의원","서울특별시강남구학동로221(논현동, (예진빌딩 2층))","02-544-2804","할인","REUSED","네이버 Geocoding API","확인 완료","37.5150652","127.0333556","","업소명·주소 정규화 키가 기존 검증 좌표와 일치"
"865","육회바른연어 부천상동역점","경기도부천시 원미구상동로69(상동, 새롬프라자 1층 105호)","0507-1392-4766","할인","MATCHED","네이버 Geocoding API","확인 완료","37.5037563","126.7522343","경기도 부천시 원미구 상동로 69 새롬프라자(15차)","시·도, 도로명과 건물번호가 일치하는 단일 결과"
"869","바로나치과의원","경기도양주시회천중앙로248(덕계동, 2층)","031-864-7528","할인","REUSED","네이버 Geocoding API","확인 완료","37.8196515","127.0535361","","업소명·주소 정규화 키가 기존 검증 좌표와 일치"
"878","석바위칼국수","인천광역시미추홀구경원대로852번길9(주안동)","050713102621","할인","MATCHED","네이버 Geocoding API","확인 완료","37.4588663","126.6901559","인천광역시 미추홀구 경원대로852번길 9","시·도, 도로명과 건물번호가 일치하는 단일 결과"
"883","안양 남대문 안경","경기도안양시 만안구장내로89번길5(안양동)","031-443-4439","할인","REUSED","네이버 Geocoding API","확인 완료","37.3955184","126.9181705","","업소명·주소 정규화 키가 기존 검증 좌표와 일치"
"886","강남다움의원","서울특별시서초구강남대로419(서초동, 파고다타워)","0507-1309-7833","할인","REUSED","네이버 Geocoding API","확인 완료","37.4998135","127.0262296","","업소명·주소 정규화 키가 기존 검증 좌표와 일치"
"887","365다움의원","서울특별시성동구왕십리광장로64층 (행당동, 비트플렉스)","0507-1343-1755","할인","NO_RESULT","","미확인","","","","주소 검색 결과 없음"
"889","365다움의원 파주운정","경기도파주시숲속노을로128(동패동, 4층)","0507-1350-5617","할인","REUSED","네이버 Geocoding API","확인 완료","37.7122846","126.715172","","업소명·주소 정규화 키가 기존 검증 좌표와 일치"
"890","에스바이크","서울특별시노원구초안산로2길921층 (월계동, 에스바이크)","010-7343-1233","할인","REUSED","네이버 Geocoding API","확인 완료","37.6284784","127.0557652","","업소명·주소 정규화 키가 기존 검증 좌표와 일치"
"891","서울 센트럴 병원","서울특별시관악구남부순환로1814- 0(봉천동, 3층~9층)","1600-3565","할인","REUSED","네이버 Geocoding API","확인 완료","37.4810595","126.9516001","","업소명·주소 정규화 키가 기존 검증 좌표와 일치"
"896","자연치아살리기강서모아","서울특별시강서구강서로323303호(내발산동, 효동메디컬빌딩)","02-6951-3656","할인","NO_RESULT","","미확인","","","","주소 검색 결과 없음"
"897","서울 미소탑 치과의원","서울특별시강북구도봉로1905층 (미아동, 비전빌딩)","02-945-2275","할인","NO_RESULT","","미확인","","","","주소 검색 결과 없음"
"898","가바치과교정과치과","서울특별시강북구도봉로30810층 (번동)","02-990-2080","할인","NO_RESULT","","미확인","","","","주소 검색 결과 없음"
"899","강서자연치과의원","서울특별시강서구양천로6906층 (염창동, 호서빌딩)","02-3661-7528","할인","NO_RESULT","","미확인","","","","주소 검색 결과 없음"
"900","365서울원탑치과의원","서울특별시강서구강서로1794층 (화곡동, 동명서빌딩)","02-6734-2828","할인","NO_RESULT","","미확인","","","","주소 검색 결과 없음"
"901","e조은치과의원","서울특별시강북구솔샘로233301호(미아동, 동북프라자)","02-988-2804","할인","NO_RESULT","","미확인","","","","주소 검색 결과 없음"
"902","연세센트럴치과의원","서울특별시강동구아리수로93나길262층 (강일동, 성산타워)","02-441-2825","할인","NO_RESULT","","미확인","","","","주소 검색 결과 없음"
"903","까페신기촌","인천광역시미추홀구인하로247번길1(주안동, 1층 까페신기촌)","050713563714","할인","MATCHED","네이버 Geocoding API","확인 완료","37.4484835","126.6754747","인천광역시 미추홀구 인하로247번길 1 백곰표씽크","시·도, 도로명과 건물번호가 일치하는 단일 결과"
"905","닥터재일치과의원","서울특별시강동구올림픽로7962층 (암사동)","02-6417-2875","할인","NO_RESULT","","미확인","","","","주소 검색 결과 없음"
"906","타코마신호드림치과","서울특별시강서구등촌로2352층 (등촌동)","02-456-7528","할인","NO_RESULT","","미확인","","","","주소 검색 결과 없음"
"907","연세비전안과의원","서울특별시강동구천호대로10062층 (성내동)","02-477-0977","할인","NO_RESULT","","미확인","","","","주소 검색 결과 없음"
"908","강동씨엘치과","서울특별시강동구양재대로14733층 (길동)","02-471-7755","할인","NO_RESULT","","미확인","","","","주소 검색 결과 없음"
"909","연세우주아이정치과의원","서울특별시강동구아리수로93길33301호(강일동, 베스트플라자)","02-427-4590","할인","NO_RESULT","","미확인","","","","주소 검색 결과 없음"
"910","서울골든치과","서울특별시강서구강서로532층 (화곡동, 형제빌딩)","02-2699-2323","할인","NO_RESULT","","미확인","","","","주소 검색 결과 없음"
"911","베스트안경원","경기도안산시 단원구원포공원1로49(초지동, 태영타운)","031-482-4227","할인","REUSED","네이버 Geocoding API","확인 완료","37.302442","126.8123402","","업소명·주소 정규화 키가 기존 검증 좌표와 일치"
"912","안경빛나","경기도안산시 단원구광덕대로146(고잔동, 1층 115,116호)","031-401-8889","할인","REUSED","네이버 Geocoding API","확인 완료","37.3094273","126.8306695","","업소명·주소 정규화 키가 기존 검증 좌표와 일치"
"913","안경세상","경기도안산시 단원구당곡2로23(고잔동, 바상가 1층)","031-482-9009","할인","REUSED","네이버 Geocoding API","확인 완료","37.3249399","126.8379327","","업소명·주소 정규화 키가 기존 검증 좌표와 일치"
"914","우리안경","경기도안산시 상록구감골로137(사동, 1층 우리안경)","031-416-0584","할인","REUSED","네이버 Geocoding API","확인 완료","37.2939375","126.8571339","","업소명·주소 정규화 키가 기존 검증 좌표와 일치"
"915","으뜸50안경 안산중앙점","경기도안산시 단원구예술대학로17(고잔동, 중앙노블레스 B동 3층 318호)","050713089963","할인","REUSED","네이버 Geocoding API","확인 완료","37.3187059","126.8365081","","업소명·주소 정규화 키가 기존 검증 좌표와 일치"
"918","본안경","경기도안산시 상록구석호로315(본오동, 145호 본안경)","031-501-3465","할인","REUSED","네이버 Geocoding API","확인 완료","37.2937514","126.8659746","","업소명·주소 정규화 키가 기존 검증 좌표와 일치"
"922","마곡세브란스치과","서울특별시강서구마곡중앙6로401호4층 (마곡동)","02-2668-2828","할인","NO_RESULT","","미확인","","","","주소 검색 결과 없음"
"923","서울굿닥터치과","서울특별시강동구올림픽로7823층 (암사동)","02-6427-2875","할인","NO_RESULT","","미확인","","","","주소 검색 결과 없음"
"924","코랄치과의원","서울특별시강동구양재대로13032층 (성내동, 평원빌딩)","02-484-2879","할인","NO_RESULT","","미확인","","","","주소 검색 결과 없음"
"925","탑플랜치과의원","서울특별시강서구양천로30길123- 28(마곡동)","02-2668-2804","할인","REUSED","네이버 Geocoding API","확인 완료","37.5672926","126.8238347","","업소명·주소 정규화 키가 기존 검증 좌표와 일치"
"926","코모키이비인후과의원","서울특별시강동구천호대로10157층 (천호동, 성보빌딩)","02-488-5075","할인","NO_RESULT","","미확인","","","","주소 검색 결과 없음"
"927","연세힐치과의원","서울특별시강서구강서로2311, 2층 (화곡동, 효성해링턴상가)","02-2697-2875","할인","NO_RESULT","","미확인","","","","주소 검색 결과 없음"
"928","이선생 치과의원","서울특별시강북구도봉로2052층 (미아동)","02-987-2080","할인","NO_RESULT","","미확인","","","","주소 검색 결과 없음"
"929","연세송병재치과교정과의원","서울특별시강동구양재대로13602076호(둔촌동, 포레온스테이션)","02-470-9204","할인","NO_RESULT","","미확인","","","","주소 검색 결과 없음"
"931","카이 안과의원","서울특별시강남구테헤란로326(역삼동, (역삼아이타워 2층))","02-6207-1236","할인","REUSED","네이버 Geocoding API","확인 완료","37.5035425","127.0470436","","업소명·주소 정규화 키가 기존 검증 좌표와 일치"
"932","미래안경","경기도안산시 단원구광덕서로56(고잔동, 1층 미래안경)","050713327578","할인","REUSED","네이버 Geocoding API","확인 완료","37.3096801","126.8273635","","업소명·주소 정규화 키가 기존 검증 좌표와 일치"
"933","닥터 디자이너 의원 동탄점","경기도화성시 동탄구동탄순환대로7014층 (영천동)","031-378-7082","할인","NO_RESULT","","미확인","","","","주소 검색 결과 없음"
"934","끌림안경원","경기도화성시 효행구봉담읍동화길81- 101층 (봉담읍동화리)","031-278-0039","할인","REUSED","네이버 Geocoding API","확인 완료","37.2170241","126.9577241","","업소명·주소 정규화 키가 기존 검증 좌표와 일치"
"942","샤론안경원","경기도수원시 권선구수성로47- 0상가동2층 (구운동, 삼환아파트)","031-295-0072","할인","REUSED","네이버 Geocoding API","확인 완료","37.2838786","126.9781897","","업소명·주소 정규화 키가 기존 검증 좌표와 일치"
"943","글라스스튜디오 경기대점","경기도수원시 영통구대학로56107호(이의동, 리치프라자 1차)","031-212-1233","할인","NO_RESULT","","미확인","","","","주소 검색 결과 없음"
"944","다비치안경 안중터미널점","경기도평택시안중읍안현로서9길14- 9(안중읍현화리)","031-681-1356","할인","REUSED","네이버 Geocoding API","확인 완료","36.9782901","126.9232569","","업소명·주소 정규화 키가 기존 검증 좌표와 일치"
"945","천사안경원","경기도성남시 수정구남문로711층 (태평동)","031-753-0119","할인","NO_RESULT","","미확인","","","","주소 검색 결과 없음"
"946","으뜸안경 서현점","경기도성남시 분당구서현로210번길2- 0(서현동)","031-706-1010","할인","REUSED","네이버 Geocoding API","확인 완료","37.3868395","127.1254838","","업소명·주소 정규화 키가 기존 검증 좌표와 일치"
"947","오티오안경 화양점","서울특별시광진구군자로85(군자동)","02-468-1721","할인","REUSED","네이버 Geocoding API","확인 완료","37.550783","127.0709146","","업소명·주소 정규화 키가 기존 검증 좌표와 일치"
"948","으뜸50안경(아주대점)","경기도수원시 영통구중부대로264- 12층 (매탄동)","031-211-1825","할인","REUSED","네이버 Geocoding API","확인 완료","37.2742331","127.0444627","","업소명·주소 정규화 키가 기존 검증 좌표와 일치"
"949","이안경나라","경기도성남시 중원구산성대로350(중앙동)","031-734-8585","할인","REUSED","네이버 Geocoding API","확인 완료","37.4437619","127.1553544","","업소명·주소 정규화 키가 기존 검증 좌표와 일치"
"950","바라봄안경원","경기도수원시 권선구금곡로102번길15(금곡동)","0507-1407-1086","할인","REUSED","네이버 Geocoding API","확인 완료","37.273501","126.941852","","업소명·주소 정규화 키가 기존 검증 좌표와 일치"
"951","선명안경","경기도성남시 수정구수정로3461층 (산성동, 백강빌딩)","0507-1427-9990","할인","NO_RESULT","","미확인","","","","주소 검색 결과 없음"
"952","네모안경","경기도성남시 수정구수정로2851층 (신흥동)","031-745-8765","할인","NO_RESULT","","미확인","","","","주소 검색 결과 없음"
"953","안경세상","경기도수원시 영통구봉영로1590110호(영통동, 밀레니엄프라자)","0507-1493-5513","할인","NO_RESULT","","미확인","","","","주소 검색 결과 없음"
"955","가람동물병원","경기도고양시 일산동구강석로156(마두동, 선경상가 101호)","031-906-0976","할인","REUSED","네이버 Geocoding API","확인 완료","37.65474","126.777761","","업소명·주소 정규화 키가 기존 검증 좌표와 일치"
"956","도매당 안경","경기도수원시 장안구창룡대로181(연무동)","031-248-2572","할인","REUSED","네이버 Geocoding API","확인 완료","37.2923786","127.0297796","","업소명·주소 정규화 키가 기존 검증 좌표와 일치"
"957","다비치안경 산본점","경기도군포시번영로489(산본동)","031-395-0645","할인","REUSED","네이버 Geocoding API","확인 완료","37.357943","126.9315862","","업소명·주소 정규화 키가 기존 검증 좌표와 일치"
"958","안경박사 수내초림점","경기도성남시 분당구내정로165번길38167호(수내동, 금호행복시장)","031-711-8646","할인","NO_RESULT","","미확인","","","","주소 검색 결과 없음"
"959","포커스 안경","경기도성남시 중원구광명로3731층 (금광동)","031-749-0130","할인","NO_RESULT","","미확인","","","","주소 검색 결과 없음"
"960","글라스 1.0 안경원","경기도용인시 기흥구동백중앙로177110호(중동, 씨엘뷰오피스텔)","031-283-1011","할인","NO_RESULT","","미확인","","","","주소 검색 결과 없음"
"966","강화작은영화관","인천광역시강화군강화읍고비고개로12(강화읍국화리, 강화문예회관 2층)","032-934-7717","할인","REUSED","네이버 Geocoding API","확인 완료","37.7476977","126.4754205","","업소명·주소 정규화 키가 기존 검증 좌표와 일치"
"969","안경나라 성남을지대점","경기도성남시 수정구산성대로517(양지동)","031-732-4001","할인","REUSED","네이버 Geocoding API","확인 완료","37.4574432","127.163172","","업소명·주소 정규화 키가 기존 검증 좌표와 일치"
"970","초록안경","경기도성남시 분당구돌마로356번길3114호(수내동, 그랜드프라자)","031-786-0035","할인","NO_RESULT","","미확인","","","","주소 검색 결과 없음"
"971","글라스미 신갈점","경기도용인시 기흥구신갈로58번길25(신갈동)","031-283-8774","할인","REUSED","네이버 Geocoding API","확인 완료","37.2728329","127.1083944","","업소명·주소 정규화 키가 기존 검증 좌표와 일치"
"972","글라스타 장호원점","경기도이천시장호원읍장감로771층 (장호원읍장호원리)","031-642-8585","할인","NO_RESULT","","미확인","","","","주소 검색 결과 없음"
"973","글라스월드안경 분당수내점","경기도성남시 분당구내정로174번길42154호1층 (수내동, 파크타운 돌고래복합상가)","031-711-8048","할인","NO_RESULT","","미확인","","","","주소 검색 결과 없음"
"974","글라스팩토리","경기도안양시 만안구만안로216(안양동)","0507-1377-5012","할인","REUSED","네이버 Geocoding API","확인 완료","37.4001398","126.923569","","업소명·주소 정규화 키가 기존 검증 좌표와 일치"
"975","이노티안경 판교대장점","경기도성남시 분당구판교대장로6길10106호(대장동, 클라우드베이센트럴)","0507-1314-2516","할인","NO_RESULT","","미확인","","","","주소 검색 결과 없음"
"976","아인안경원","경기도안양시 동안구동편로6111호(관양동, 스마트프라자)","031-427-8787","할인","NO_RESULT","","미확인","","","","주소 검색 결과 없음"
"982","포천클라우드시네마","경기도포천시영북면운천로23번길7- 8(영북면운천리)","031-531-7718","할인","REUSED","네이버 Geocoding API","확인 완료","38.0906478","127.2720592","","업소명·주소 정규화 키가 기존 검증 좌표와 일치"
"983","다비치안경 북수원홈플러스건너점","경기도수원시 장안구경수대로959(송죽동)","0507-1440-0094","할인","REUSED","네이버 Geocoding API","확인 완료","37.3035294","127.0056142","","업소명·주소 정규화 키가 기존 검증 좌표와 일치"
"984","또 안경","경기도성남시 수정구위례서일로3길151층 (복정동)","031-759-2494","할인","ADDRESS_MISMATCH","","재확인 필요","","","","도로명·건물번호가 원본과 일치하지 않음"
"986","최의원","서울특별시노원구동일로1551(상계동, (삼전빌딩 301호))","02-952-7575","할인","REUSED","네이버 Geocoding API","확인 완료","37.6668972","127.056869","","업소명·주소 정규화 키가 기존 검증 좌표와 일치"
"989","서울프라임내과의원","경기도의정부시천보로64(민락동, 그린타워 6층)","031-853-9010","할인","REUSED","네이버 Geocoding API","확인 완료","37.7452404","127.0945298","","업소명·주소 정규화 키가 기존 검증 좌표와 일치"
"990","행복한 안경원","경기도성남시 분당구장미로42101호(야탑동, 리더스빌딩)","031-707-1577","할인","NO_RESULT","","미확인","","","","주소 검색 결과 없음"
"991","안경천국","경기도이천시증신로291번길92(송정동)","031-631-9808","할인","REUSED","네이버 Geocoding API","확인 완료","37.2961757","127.4351964","","업소명·주소 정규화 키가 기존 검증 좌표와 일치"
"992","보다 안경","경기도안양시 만안구병목안로20108호1층 (안양동, 스페이스타워)","031-449-3737","할인","NO_RESULT","","미확인","","","","주소 검색 결과 없음"
"994","인영당 안경원","경기도성남시 중원구박석로100(상대원동)","031-742-6379","할인","REUSED","네이버 Geocoding API","확인 완료","37.4414733","127.1642707","","업소명·주소 정규화 키가 기존 검증 좌표와 일치"
"995","다비치안경 성남야탑터미널점","경기도성남시 분당구성남대로925번길16104호(야탑동)","031-781-1357","할인","NO_RESULT","","미확인","","","","주소 검색 결과 없음"
"996","안경매니져 상현","경기도용인시 수지구만현로1031층 (상현동, 한길프라자)","031-262-9006","할인","NO_RESULT","","미확인","","","","주소 검색 결과 없음"
"997","스위트 안경원","경기도평택시송탄로42511층 (지산동)","031-667-8800","할인","NO_RESULT","","미확인","","","","주소 검색 결과 없음"
"998","뉴페이스 안경","경기도이천시이섭대천로1411(증포동)","031-636-4800","할인","REUSED","네이버 Geocoding API","확인 완료","37.2938832","127.4556417","","업소명·주소 정규화 키가 기존 검증 좌표와 일치"
"999","안경볼래","경기도용인시 처인구중부대로1154110호(삼가동, 인앤인프라자)","031-337-2772","할인","NO_RESULT","","미확인","","","","주소 검색 결과 없음"
"1000","궉기정안경","경기도용인시 처인구백옥대로1097(김량장동)","031-335-2881","할인","REUSED","네이버 Geocoding API","확인 완료","37.2335969","127.2087843","","업소명·주소 정규화 키가 기존 검증 좌표와 일치"
"1011","주영광안경원","경기도성남시 분당구구미로60(구미동)","031-715-7006","할인","REUSED","네이버 Geocoding API","확인 완료","37.337805","127.115704","","업소명·주소 정규화 키가 기존 검증 좌표와 일치"
"1012","안경나라 야탑점","경기도성남시 분당구야탑로81번길10137호(야탑동, 아미고타워)","031-622-0313","할인","NO_RESULT","","미확인","","","","주소 검색 결과 없음"
"1013","킹콩안경","경기도이천시영창로168(창전동)","031-798-3313","할인","REUSED","네이버 Geocoding API","확인 완료","37.2814268","127.441326","","업소명·주소 정규화 키가 기존 검증 좌표와 일치"
"1014","오즈안경원","경기도수원시 영통구덕영대로1549(영통동)","031-202-0440","할인","REUSED","네이버 Geocoding API","확인 완료","37.2463296","127.0603804","","업소명·주소 정규화 키가 기존 검증 좌표와 일치"
"1015","안경을 부탁해","경기도수원시 권선구금곡로196번길61104호(금곡동)","031-296-5557","할인","NO_RESULT","","미확인","","","","주소 검색 결과 없음"
"1016","루킹안경 용인영덕점","경기도용인시 기흥구흥덕2로87번길9104호(영덕동, 용인메디컬센터)","031-211-1090","할인","NO_RESULT","","미확인","","","","주소 검색 결과 없음"
"1017","스마트안경 콘택트","경기도안양시 만안구박달로523(박달동)","031-448-3005","할인","REUSED","네이버 Geocoding API","확인 완료","37.4027654","126.9108561","","업소명·주소 정규화 키가 기존 검증 좌표와 일치"
"1018","남문 남대문안경원","경기도수원시 팔달구정조로770번길72층 (팔달로3가, 남문스퀘어)","031-241-7733","할인","REUSED","네이버 Geocoding API","확인 완료","37.2766827","127.0169831","","업소명·주소 정규화 키가 기존 검증 좌표와 일치"
"1019","아이원안경원","경기도성남시 분당구서현로184101-1호(서현동, LG에클라트)","031-603-0102","면제","NO_RESULT","","미확인","","","","주소 검색 결과 없음"
"1020","아브뉴안경 광교점","경기도수원시 영통구센트럴타운로85AB11호지하 1층 (이의동, 아브뉴프랑)","031-212-1599","할인","REUSED","네이버 Geocoding API","확인 완료","37.2908162","127.0505897","","업소명·주소 정규화 키가 기존 검증 좌표와 일치"
"1021","패밀리 안경원","경기도안양시 만안구안양로3721층 (안양동)","0507-1446-3077","할인","NO_RESULT","","미확인","","","","주소 검색 결과 없음"
"1022","보라 안경원","경기도용인시 기흥구한보라2로14번길3- 5103호(보라동)","031-275-1001","할인","NO_RESULT","","미확인","","","","주소 검색 결과 없음"
"1023","대학당안경원","경기도안양시 동안구시민대로175206호(비산동, 동안프라자)","031-383-8173","할인","NO_RESULT","","미확인","","","","주소 검색 결과 없음"
"1024","글라스미 렌즈미 장호원감곡점","경기도이천시장호원읍장감로82- 11층 (장호원읍장호원리)","031-641-2040","할인","REUSED","네이버 Geocoding API","확인 완료","37.1173635","127.6317482","","업소명·주소 정규화 키가 기존 검증 좌표와 일치"
"1025","룩옵티컬","경기도수원시 영통구도청로10B1호(이의동, 롯데몰 광교점)","031-8064-2074","할인","REUSED","네이버 Geocoding API","확인 완료","37.2866697","127.0554484","","업소명·주소 정규화 키가 기존 검증 좌표와 일치"
"1026","이천 실로암 안경원","경기도이천시영창로163번길1- 0(관고동)","0507-1339-4521","할인","REUSED","네이버 Geocoding API","확인 완료","37.28184","127.4406011","","업소명·주소 정규화 키가 기존 검증 좌표와 일치"
"1027","글라스미렌즈미 이천점","경기도이천시서희로60번길6- 11층 (창전동)","031-638-1001","할인","REUSED","네이버 Geocoding API","확인 완료","37.2806612","127.4432377","","업소명·주소 정규화 키가 기존 검증 좌표와 일치"
"1045","샤인유의원 건대입구역","서울특별시광진구아차산로205(화양동, (2층)))","02-572-1033","할인","REUSED","네이버 Geocoding API","확인 완료","37.5416811","127.0663863","","업소명·주소 정규화 키가 기존 검증 좌표와 일치"
"1050","더베스트의원","서울특별시노원구동일로1341(상계동, (경남빌딩 5층)))","02-931-3001","할인","REUSED","네이버 Geocoding API","확인 완료","37.6483272","127.0621075","","업소명·주소 정규화 키가 기존 검증 좌표와 일치"
"1056","안경매니져 용인둔전점","경기도용인시 처인구포곡읍포곡로86(포곡읍둔전리)","0507-1460-3240","할인","REUSED","네이버 Geocoding API","확인 완료","37.2681861","127.2154991","","업소명·주소 정규화 키가 기존 검증 좌표와 일치"
"1057","안경매니져 세교점","경기도오산시수청로210101호(금암동, 휴먼시아 아파트 상가동)","031-374-1412","할인","NO_RESULT","","미확인","","","","주소 검색 결과 없음"
"1058","다비치안경 위례신도시점","경기도성남시 수정구위례광장로328- 0(창곡동)","031-722-1005","할인","REUSED","네이버 Geocoding API","확인 완료","37.4713405","127.1427759","","업소명·주소 정규화 키가 기존 검증 좌표와 일치"
"1063","다비치안경 부평역점","인천광역시부평구경원대로1383(부평동, 1층)","0507-1417-2022","할인","REUSED","네이버 Geocoding API","확인 완료","37.4915411","126.722586","","업소명·주소 정규화 키가 기존 검증 좌표와 일치"
"1078","더원서울안과","서울특별시강남구강남대로652(신사동, (신사스퀘어 8층))","02-585-0202","할인","REUSED","네이버 Geocoding API","확인 완료","37.5196035","127.0190762","","업소명·주소 정규화 키가 기존 검증 좌표와 일치"
"1082","보드게임카페 레드버튼 건대점","서울특별시광진구동일로22길81(화양동)","0507-1466-3804","할인","MATCHED","네이버 Geocoding API","확인 완료","37.5415251","127.068812","서울특별시 광진구 동일로22길 81 캠퍼스 프라자","시·도, 도로명과 건물번호가 일치하는 단일 결과"
"1093","대우마트안경원","경기도고양시 일산동구중앙로1129(장항동, 동관 1층)","031-905-2252","할인","REUSED","네이버 Geocoding API","확인 완료","37.6491885","126.7788898","","업소명·주소 정규화 키가 기존 검증 좌표와 일치"
"1101","다비치안경 수원역홍익프라자옆점","경기도수원시 팔달구갓매산로32(매산로2가)","031-257-1357","할인","REUSED","네이버 Geocoding API","확인 완료","37.267574","127.0058638","","업소명·주소 정규화 키가 기존 검증 좌표와 일치"
"1106","안경매니져 평택소사벌점","경기도평택시평남로929102호(비전동, 우리타워)","031-651-1515","할인","NO_RESULT","","미확인","","","","주소 검색 결과 없음"
"1107","밝은안경","경기도오산시누읍로10(누읍동)","031-376-5110031-376-5110","할인","REUSED","네이버 Geocoding API","확인 완료","37.1414335","127.048773","","업소명·주소 정규화 키가 기존 검증 좌표와 일치"
"1108","하나안경원","경기도용인시 수지구동천로27(동천동)","031-263-3397","할인","REUSED","네이버 Geocoding API","확인 완료","37.3408338","127.099983","","업소명·주소 정규화 키가 기존 검증 좌표와 일치"
"1109","국제안경","경기도안양시 만안구안양로291(안양동)","0507-1438-7401","할인","REUSED","네이버 Geocoding API","확인 완료","37.3981601","126.9216664","","업소명·주소 정규화 키가 기존 검증 좌표와 일치"
"1111","모먼트짐 학익점 헬스&PT","인천광역시미추홀구노적산로70(학익동, 2층 모먼트짐 학익점)","0507-1340-1185","할인","REUSED","네이버 Geocoding API","확인 완료","37.4402766","126.6569612","","업소명·주소 정규화 키가 기존 검증 좌표와 일치"
"1114","아이디어안경 봉담점","경기도화성시 효행구봉담읍와우로24A동105호(봉담읍와우리, 도원프라자)","031-309-0642","할인","REUSED","네이버 Geocoding API","확인 완료","37.214537","126.9690585","","업소명·주소 정규화 키가 기존 검증 좌표와 일치"
"1115","아이플러스 안경","경기도오산시오산로200(원동)","031-378-6969","할인","REUSED","네이버 Geocoding API","확인 완료","37.144657","127.0687078","","업소명·주소 정규화 키가 기존 검증 좌표와 일치"
"1116","대한안경","경기도성남시 분당구야탑로81번길10109호1층 (야탑동, 아미고타워)","031-622-1356","할인","NO_RESULT","","미확인","","","","주소 검색 결과 없음"
"1117","독일안경","경기도안양시 만안구안양로2942층 (안양동)","031-444-8500","할인","NO_RESULT","","미확인","","","","주소 검색 결과 없음"
"1118","안경만들기 우만점","경기도수원시 팔달구경수대로656번길55- 21(우만동)","031-258-0090","할인","REUSED","네이버 Geocoding API","확인 완료","37.2860528","127.0303766","","업소명·주소 정규화 키가 기존 검증 좌표와 일치"
"1119","아노브 이태원","서울특별시용산구이태원로20가길7- 5(이태원동, (1층))","02-6052-6606","할인","MATCHED","네이버 Geocoding API","확인 완료","37.5337317","126.9924173","서울특별시 용산구 이태원로20가길 7-5","시·도, 도로명과 건물번호가 일치하는 단일 결과"
"1120","성원미의원","서울특별시강동구구천면로170(천호동)","02-483-7777","할인","REUSED","네이버 Geocoding API","확인 완료","37.5414384","127.1234826","","업소명·주소 정규화 키가 기존 검증 좌표와 일치"
"1121","다비치안경 서현점","경기도성남시 분당구서현로170109호(서현동, 풍림아이원플러스)","0507-1478-7794","할인","NO_RESULT","","미확인","","","","주소 검색 결과 없음"
"1122","이태리 안경원","경기도여주시세종로17(홍문동)","031-884-6633","할인","REUSED","네이버 Geocoding API","확인 완료","37.2961651","127.6371003","","업소명·주소 정규화 키가 기존 검증 좌표와 일치"
"1123","바라보다안경 동탄호수공원점","경기도화성시 동탄구동탄대로6길9118호(산척동, 산척호수프라자)","031-373-0456","할인","NO_RESULT","","미확인","","","","주소 검색 결과 없음"
"1124","1001안경 명학역점","경기도안양시 만안구안양로96101호(안양동, 유토피아상가)","031-468-5600","할인","NO_RESULT","","미확인","","","","주소 검색 결과 없음"
"1125","가나안 안경","경기도여주시가남읍태평중앙1길2(가남읍태평리)","031-884-5817","할인","REUSED","네이버 Geocoding API","확인 완료","37.2026879","127.5468947","","업소명·주소 정규화 키가 기존 검증 좌표와 일치"
"1126","홍안경","경기도화성시 동탄구동탄순환대로17길311동107호(산척동, 중흥에스클래스에듀하이 상가)","031-372-1001","할인","NO_RESULT","","미확인","","","","주소 검색 결과 없음"
"1127","아름다운 안경원","경기도성남시 중원구금상로14(상대원동)","031-746-3838","할인","REUSED","네이버 Geocoding API","확인 완료","37.4373459","127.1594409","","업소명·주소 정규화 키가 기존 검증 좌표와 일치"
"1183","롯데시네마 도곡","서울특별시강남구남부순환로2753(도곡동)","1544-8855","할인","REUSED","네이버 Geocoding API","확인 완료","37.4874808","127.0469896","","업소명·주소 정규화 키가 기존 검증 좌표와 일치"
"1184","롯데시네마 김포공항","서울특별시강서구하늘길38(방화동)","1544-8855","할인","REUSED","네이버 Geocoding API","확인 완료","37.5660275","126.800904","","업소명·주소 정규화 키가 기존 검증 좌표와 일치"
"1185","롯데시네마 서울대입구","서울특별시관악구남부순환로1818- 2(봉천동)","1544-8855","할인","REUSED","네이버 Geocoding API","확인 완료","37.4812473","126.9519827","","업소명·주소 정규화 키가 기존 검증 좌표와 일치"
"1186","롯데시네마 신림","서울특별시관악구신림로330(신림동, (타임스트림 10~15층))","1544-8855","할인","REUSED","네이버 Geocoding API","확인 완료","37.4838598","126.9302425","","업소명·주소 정규화 키가 기존 검증 좌표와 일치"
"1187","롯데시네마 건대입구점","서울특별시광진구아차산로272(자양동, (더샵스타시티)))","1544-8855","할인","REUSED","네이버 Geocoding API","확인 완료","37.5385583","127.0729962","","업소명·주소 정규화 키가 기존 검증 좌표와 일치"
"1188","롯데시네마 신도림","서울특별시구로구경인로662(신도림동, (7층)))","1544-8855","할인","REUSED","네이버 Geocoding API","확인 완료","37.5081311","126.8883838","","업소명·주소 정규화 키가 기존 검증 좌표와 일치"
"1189","롯데시네마 가산디지털","서울특별시금천구디지털로10길9(가산동)","1544-8855","할인","REUSED","네이버 Geocoding API","확인 완료","37.4776093","126.8891538","","업소명·주소 정규화 키가 기존 검증 좌표와 일치"
"1190","롯데시네마 독산","서울특별시금천구시흥대로399(독산동, (6~9층))","1544-8855","할인","REUSED","네이버 Geocoding API","확인 완료","37.4693592","126.8970019","","업소명·주소 정규화 키가 기존 검증 좌표와 일치"
"1191","롯데시네마 노원","서울특별시노원구동일로1414(상계동, (롯데백화점))","1544-8855","할인","REUSED","네이버 Geocoding API","확인 완료","37.6551094","127.0611155","","업소명·주소 정규화 키가 기존 검증 좌표와 일치"
"1192","롯데시네마 청량리","서울특별시동대문구왕산로214(전농동)","1544-8855","할인","REUSED","네이버 Geocoding API","확인 완료","37.58103","127.0487122","","업소명·주소 정규화 키가 기존 검증 좌표와 일치"
"1193","롯데시네마 신대방","서울특별시동작구시흥대로606(신대방동, (지하2층)))","1544-8855","할인","REUSED","네이버 Geocoding API","확인 완료","37.4863308","126.9052355","","업소명·주소 정규화 키가 기존 검증 좌표와 일치"
"1194","롯데시네마(산본피트인)","경기도군포시번영로485(산본동)","1544-8855","면제","REUSED","네이버 Geocoding API","확인 완료","37.3578642","126.930632","","업소명·주소 정규화 키가 기존 검증 좌표와 일치"
"1195","롯데시네마 성남중앙","경기도성남시 수정구산성대로267(신흥동)","1544-8855","할인","REUSED","네이버 Geocoding API","확인 완료","37.441324","127.1464467","","업소명·주소 정규화 키가 기존 검증 좌표와 일치"
"1196","롯데시네마 홍대입구","서울특별시마포구양화로176(동교동, (동교동 스타피카소))","1544-8855","할인","REUSED","네이버 Geocoding API","확인 완료","37.557251","126.9249991","","업소명·주소 정규화 키가 기존 검증 좌표와 일치"
"1197","롯데시네마 합정점","서울특별시마포구양화로45(서교동, (메세나폴리스))","1544-8855","할인","AMBIGUOUS","","재확인 필요","","","","주소가 일치하는 결과가 여러 개"
"1198","샤롯데씨어터","서울특별시송파구올림픽로240(잠실동)","1877-6077","할인","REUSED","네이버 Geocoding API","확인 완료","37.511088","127.0982822","","업소명·주소 정규화 키가 기존 검증 좌표와 일치"
"1199","롯데시네마 월드타워점","서울특별시송파구올림픽로300(신천동)","1544-8855","할인","REUSED","네이버 Geocoding API","확인 완료","37.5125701","127.1025624","","업소명·주소 정규화 키가 기존 검증 좌표와 일치"
"1200","롯데시네마 영등포","서울특별시영등포구경인로846(영등포동)","1544-8855","할인","REUSED","네이버 Geocoding API","확인 완료","37.515668","126.907666","","업소명·주소 정규화 키가 기존 검증 좌표와 일치"
"1201","롯데시네마 용산","서울특별시용산구청파로74(한강로3가, (전자랜드(본관)))","1544-8855","할인","REUSED","네이버 Geocoding API","확인 완료","37.5327771","126.9596573","","업소명·주소 정규화 키가 기존 검증 좌표와 일치"
"1202","롯데시네마 은평","서울특별시은평구통일로1050(진관동, (롯데몰은평점 5층))","1544-8855","할인","REUSED","네이버 Geocoding API","확인 완료","37.6375366","126.9179003","","업소명·주소 정규화 키가 기존 검증 좌표와 일치"
"1204","롯데시네마 에비뉴엘","서울특별시중구남대문로73(남대문로2가)","1544-8855","할인","REUSED","네이버 Geocoding API","확인 완료","37.5641952","126.981707","","업소명·주소 정규화 키가 기존 검증 좌표와 일치"
"1206","롯데시네마 강동","서울특별시강동구천호옛길85(성내동, (영화관씨네일레븐)))","1544-8855","할인","REUSED","네이버 Geocoding API","확인 완료","37.5366647","127.1253535","","업소명·주소 정규화 키가 기존 검증 좌표와 일치"
"1208","롯데시네마 수유","서울특별시강북구도봉로308(번동)","1544-8855","할인","REUSED","네이버 Geocoding API","확인 완료","37.6356641","127.0238352","","업소명·주소 정규화 키가 기존 검증 좌표와 일치"
"1210","롯데시네마 가양","서울특별시강서구양천로476(등촌동, (롯데시네마 가양 4층))","1544-8855","할인","REUSED","네이버 Geocoding API","확인 완료","37.5616037","126.8532854","","업소명·주소 정규화 키가 기존 검증 좌표와 일치"
"1211","롯데시네마 수락산점","서울특별시노원구동일로1660(상계동, (동일로주유소))","1544-8855","할인","REUSED","네이버 Geocoding API","확인 완료","37.6765981","127.0556934","","업소명·주소 정규화 키가 기존 검증 좌표와 일치"
"1212","롯데시네마 중랑","서울특별시중랑구동일로951(묵동)","1544-8855","할인","REUSED","네이버 Geocoding API","확인 완료","37.61515","127.0760571","","업소명·주소 정규화 키가 기존 검증 좌표와 일치"
"1223","롯데시네마 구리아울렛","경기도구리시동구릉로136번길47(인창동)","","할인","REUSED","네이버 Geocoding API","확인 완료","37.6118666","127.1405479","","업소명·주소 정규화 키가 기존 검증 좌표와 일치"
"1224","롯데시네마 별내","경기도남양주시별내중앙로10(별내동)","","할인","REUSED","네이버 Geocoding API","확인 완료","37.6448465","127.127292","","업소명·주소 정규화 키가 기존 검증 좌표와 일치"
"1225","롯데시네마 진접","경기도남양주시진접읍해밀예당1로36(진접읍금곡리, 래일스타 9층)","","할인","REUSED","네이버 Geocoding API","확인 완료","37.7120313","127.1866789","","업소명·주소 정규화 키가 기존 검증 좌표와 일치"
"1226","롯데시네마 마석","경기도남양주시화도읍경춘로1992(화도읍마석우리)","","할인","REUSED","네이버 Geocoding API","확인 완료","37.6501433","127.3093365","","업소명·주소 정규화 키가 기존 검증 좌표와 일치"
"1227","롯데시네마 의정부민락","경기도의정부시천보로44(민락동, 8층-9층)","","할인","REUSED","네이버 Geocoding API","확인 완료","37.7443257","127.0963397","","업소명·주소 정규화 키가 기존 검증 좌표와 일치"
"1228","롯데시네마 파주운정","경기도파주시청암로17번길17(목동동)","","할인","REUSED","네이버 Geocoding API","확인 완료","37.729584","126.7367378","","업소명·주소 정규화 키가 기존 검증 좌표와 일치"
"1229","롯데시네마 라페스타","경기도고양시 일산동구무궁화로32- 34(장항동, 라페스타C동 3층)","","할인","REUSED","네이버 Geocoding API","확인 완료","37.6612864","126.7688372","","업소명·주소 정규화 키가 기존 검증 좌표와 일치"
"1230","롯데시네마 파주롯데아울렛","경기도파주시문발로302(문발동, 롯데프리미엄아울렛 B동 4층)","","할인","REUSED","네이버 Geocoding API","확인 완료","37.7196781","126.693171","","업소명·주소 정규화 키가 기존 검증 좌표와 일치"
"1231","롯데시네마 위례","경기도성남시 수정구위례광장로104(복정동)","1544-8855","할인","REUSED","네이버 Geocoding API","확인 완료","37.4730526","127.1412642","","업소명·주소 정규화 키가 기존 검증 좌표와 일치"
"1232","롯데시네마 판교","경기도성남시 수정구창업로183층 (시흥동, 파미어스몰)","1544-8855","할인","NO_RESULT","","미확인","","","","주소 검색 결과 없음"
"1233","롯데시네마 수원","경기도수원시 권선구세화로1345층 (서둔동)","1544-8855","할인","NO_RESULT","","미확인","","","","주소 검색 결과 없음"
"1234","롯데시네마 광교","경기도수원시 영통구도청로10(이의동)","1544-8855","할인","REUSED","네이버 Geocoding API","확인 완료","37.2866697","127.0554484","","업소명·주소 정규화 키가 기존 검증 좌표와 일치"
"1235","롯데시네마 북수원","경기도수원시 장안구천천로100(천천동)","1544-8855","할인","REUSED","네이버 Geocoding API","확인 완료","37.3006051","126.9840731","","업소명·주소 정규화 키가 기존 검증 좌표와 일치"
"1236","롯데시네마 평촌","경기도안양시 동안구시민대로180(호계동)","1544-8855","할인","REUSED","네이버 Geocoding API","확인 완료","37.3900085","126.9504445","","업소명·주소 정규화 키가 기존 검증 좌표와 일치"
"1237","롯데시네마 안양","경기도안양시 만안구만안로244- 0(안양동)","1544-8855","할인","REUSED","네이버 Geocoding API","확인 완료","37.4024401","126.9221172","","업소명·주소 정규화 키가 기존 검증 좌표와 일치"
"1238","롯데시네마 안양일번가","경기도안양시 만안구안양로311(안양동)","1544-8855","할인","REUSED","네이버 Geocoding API","확인 완료","37.3996231","126.9202001","","업소명·주소 정규화 키가 기존 검증 좌표와 일치"
"1239","롯데시네마 용인기흥","경기도용인시 기흥구기흥역로63(구갈동)","1544-8855","할인","REUSED","네이버 Geocoding API","확인 완료","37.2747434","127.1179653","","업소명·주소 정규화 키가 기존 검증 좌표와 일치"
"1240","롯데시네마 용인역북","경기도용인시 처인구중부대로1294(역북동)","1544-8855","할인","REUSED","네이버 Geocoding API","확인 완료","37.2354739","127.1883042","","업소명·주소 정규화 키가 기존 검증 좌표와 일치"
"1241","롯데시네마 송탄","경기도평택시관광특구로19(서정동)","1544-8855","할인","REUSED","네이버 Geocoding API","확인 완료","37.0672656","127.0609138","","업소명·주소 정규화 키가 기존 검증 좌표와 일치"
"1242","롯데시네마 동탄","경기도화성시 동탄구동탄역로1607층 (오산동, 롯데시네마 동탄)","1544-8855","할인","NO_RESULT","","미확인","","","","주소 검색 결과 없음"
"1243","롯데시네마 향남","경기도화성시 만세구향남읍상신하길로298번길7- 21(향남읍하길리)","1544-8855","할인","REUSED","네이버 Geocoding API","확인 완료","37.1151722","126.9124754","","업소명·주소 정규화 키가 기존 검증 좌표와 일치"
"1244","롯데시네마 병점","경기도화성시 병점구효행로1052(병점동)","1544-8855","할인","REUSED","네이버 Geocoding API","확인 완료","37.213946","127.042457","","업소명·주소 정규화 키가 기존 검증 좌표와 일치"
"1255","롯데시네마 안성","경기도안성시공도읍서동대로44781층 (공도읍양기리, 롯데마트 안성점)","1544-8855","할인","NO_RESULT","","미확인","","","","주소 검색 결과 없음"
"1256","롯데시네마 인덕원","경기도안양시 동안구흥안대로5197층 (관양동, 아이퍼스트)","1544-8855","할인","NO_RESULT","","미확인","","","","주소 검색 결과 없음"
"1257","롯데시네마 수지","경기도용인시 수지구성복2로38(성복동)","1544-8855","할인","REUSED","네이버 Geocoding API","확인 완료","37.3128099","127.081613","","업소명·주소 정규화 키가 기존 검증 좌표와 일치"
"1258","롯데시네마 하남미사","경기도하남시미사대로520지하 1층 (덕풍동)","1544-8855","할인","REUSED","네이버 Geocoding API","확인 완료","37.5588656","127.2045806","","업소명·주소 정규화 키가 기존 검증 좌표와 일치"
"1259","롯데시네마 서수원","경기도수원시 권선구금곡로219(금곡동)","1544-8855","할인","REUSED","네이버 Geocoding API","확인 완료","37.2750009","126.9540792","","업소명·주소 정규화 키가 기존 검증 좌표와 일치"
"1260","롯데시네마 광명(광명사거리)","경기도광명시오리로970(광명동)","010-7542-3559","할인","REUSED","네이버 Geocoding API","확인 완료","37.4794445","126.8556293","","업소명·주소 정규화 키가 기존 검증 좌표와 일치"
"1261","롯데시네마 광명아울렛점","경기도광명시일직로17(일직동, 롯데프리미엄마울렛광명점 5F)","010-7514-3559","할인","REUSED","네이버 Geocoding API","확인 완료","37.4243049","126.8827677","","업소명·주소 정규화 키가 기존 검증 좌표와 일치"
"1262","롯데시네마 부천","경기도부천시 원미구길주로280- 0(중동, 8-14층)","010-5872-3559","할인","REUSED","네이버 Geocoding API","확인 완료","37.5028819","126.7732053","","업소명·주소 정규화 키가 기존 검증 좌표와 일치"
"1263","롯데시네마 시흥장현","경기도시흥시장현능곡로155- 0(능곡동, 6층)","010-5806-3559","할인","REUSED","네이버 Geocoding API","확인 완료","37.3710435","126.8073771","","업소명·주소 정규화 키가 기존 검증 좌표와 일치"
"1264","롯데시네마 센트럴락(안산)","경기도안산시 단원구고잔로108(고잔동, 조이월드상가 901호)","010-7562-3559","할인","REUSED","네이버 Geocoding API","확인 완료","37.3185732","126.8380374","","업소명·주소 정규화 키가 기존 검증 좌표와 일치"
"1265","롯데시네마 안산고잔","경기도안산시 단원구광덕대로141(고잔동)","010-7687-3559","할인","REUSED","네이버 Geocoding API","확인 완료","37.3091051","126.8289398","","업소명·주소 정규화 키가 기존 검증 좌표와 일치"
"1266","롯데시네마 안산","경기도안산시 상록구항가울로422(성포동)","010-7513-3559","할인","REUSED","네이버 Geocoding API","확인 완료","37.3180329","126.8466629","","업소명·주소 정규화 키가 기존 검증 좌표와 일치"
"1267","롯데시네마 시화","경기도시흥시마유로418번길10(정왕동, 롯데시네마 시화점)","031-319-0902","할인","REUSED","네이버 Geocoding API","확인 완료","37.3514417","126.7418288","","업소명·주소 정규화 키가 기존 검증 좌표와 일치"
"1268","롯데시네마 인천터미널","인천광역시미추홀구연남로35(관교동, 롯데백화점 지하1층)","010-5796-3559","할인","REUSED","네이버 Geocoding API","확인 완료","37.4424853","126.7013784","","업소명·주소 정규화 키가 기존 검증 좌표와 일치"
"1269","롯데시네마 부평역사","인천광역시부평구광장로16(부평동, 부평민자역사)","010-7504-3559","할인","REUSED","네이버 Geocoding API","확인 완료","37.4895942","126.7233426","","업소명·주소 정규화 키가 기존 검증 좌표와 일치"
"1270","롯데시네마 부평점","인천광역시부평구대정로66(부평동, 다운타운일레븐)","010-7526-3559","할인","REUSED","네이버 Geocoding API","확인 완료","37.4935756","126.7266952","","업소명·주소 정규화 키가 기존 검증 좌표와 일치"
"1271","롯데시네마 부평갈산","인천광역시부평구주부토로236(갈산동, 3~5층)","010-2585-3559","할인","REUSED","네이버 Geocoding API","확인 완료","37.5158706","126.7268708","","업소명·주소 정규화 키가 기존 검증 좌표와 일치"
"1272","롯데시네마 인천아시아드관","인천광역시서해구봉수대로806(연희동)","010-5829-3559","할인","REUSED","네이버 Geocoding API","확인 완료","37.5476153","126.6666172","","업소명·주소 정규화 키가 기존 검증 좌표와 일치"
"1274","포레온안경","서울특별시강동구양재대로1360(둔촌동, (1층 1080호))","0507-1402-5441","할인","REUSED","네이버 Geocoding API","확인 완료","37.5274745","127.1370449","","업소명·주소 정규화 키가 기존 검증 좌표와 일치"
"1302","안경마을","인천광역시계양구장제로867(임학동, 상우프라자 1층 안경마을)","0507-1348-8539","할인","REUSED","네이버 Geocoding API","확인 완료","37.5447518","126.738057","","업소명·주소 정규화 키가 기존 검증 좌표와 일치"
"1303","지니스안경 인천동양점","인천광역시계양구순평길34(동양동, 1층 101,102,103호37.5606334)","0507-1319-5503","할인","REUSED","네이버 Geocoding API","확인 완료","37.5606357","126.7557048","","업소명·주소 정규화 키가 기존 검증 좌표와 일치"
"1305","다비치안경 주안점","인천광역시미추홀구미추홀대로729(주안동, 1층 다비치안경 주안점)","032-770-0200","할인","REUSED","네이버 Geocoding API","확인 완료","37.4624775","126.6798745","","업소명·주소 정규화 키가 기존 검증 좌표와 일치"
"1306","1001안경콘택트 계산점","인천광역시계양구경명대로1066(계산동)","032-555-1017","할인","REUSED","네이버 Geocoding API","확인 완료","37.5431383","126.7252496","","업소명·주소 정규화 키가 기존 검증 좌표와 일치"
"1307","위드아이 안경","인천광역시계양구장제로822(계산동, 계산동, 롯데마트 계양점 2층)","032-540-6200","할인","REUSED","네이버 Geocoding API","확인 완료","37.540841","126.735966","","업소명·주소 정규화 키가 기존 검증 좌표와 일치"
"1308","아이라움 인천논현점","인천광역시남동구논고개로123번길35- 0(논현동, 칼리오페 132호)","0507-1364-1012","할인","REUSED","네이버 Geocoding API","확인 완료","37.4015154","126.7220901","","업소명·주소 정규화 키가 기존 검증 좌표와 일치"
"1309","남양주백병원","경기도남양주시진접읍해밀예당1로30- 25(진접읍금곡리)","031-572-3111","할인","REUSED","네이버 Geocoding API","확인 완료","37.7112839","127.1876577","","업소명·주소 정규화 키가 기존 검증 좌표와 일치"
"1310","한국안경백화점","인천광역시계양구계양대로102(작전동, 하나빌딩)","032-541-1001","할인","REUSED","네이버 Geocoding API","확인 완료","37.5328095","126.7229024","","업소명·주소 정규화 키가 기존 검증 좌표와 일치"
"1311","정안경","인천광역시제물포구송림로100(송림동, 유림빌딩 1층)","032-764-8383","할인","REUSED","네이버 Geocoding API","확인 완료","37.4759321","126.6459162","","업소명·주소 정규화 키가 기존 검증 좌표와 일치"
"1312","태광당안경","인천광역시미추홀구독배로417- 1(용현동, 태광당안경)","032-883-5229","할인","REUSED","네이버 Geocoding API","확인 완료","37.4567781","126.6495146","","업소명·주소 정규화 키가 기존 검증 좌표와 일치"
"1318","내눈에안경","인천광역시연수구한나루로193번길4- 0(옥련동, 내눈에안경)","032-833-7474","할인","REUSED","네이버 Geocoding API","확인 완료","37.42665","126.6565817","","업소명·주소 정규화 키가 기존 검증 좌표와 일치"
"1320","자이스비전센터 송도점","인천광역시연수구신송로122(송도동, 송도프라자 1층 자이스비전센터 송도점)","0507-1371-3579","할인","REUSED","네이버 Geocoding API","확인 완료","37.395829","126.652429","","업소명·주소 정규화 키가 기존 검증 좌표와 일치"
"1321","석촌호수치과의원","서울특별시송파구삼학사로100(석촌동, (석촌동 그랜드빌딩 5층, 501호))","02-2135-7582","할인","REUSED","네이버 Geocoding API","확인 완료","37.5061954","127.0975364","","업소명·주소 정규화 키가 기존 검증 좌표와 일치"
"1322","밝은눈안경 도화점","인천광역시미추홀구제일로31(도화동, 1층 108호 밝은눈안경)","032-876-2122","할인","REUSED","네이버 Geocoding API","확인 완료","37.4592639","126.6738661","","업소명·주소 정규화 키가 기존 검증 좌표와 일치"
"1323","아이스토어","인천광역시부평구충선로51(부개동)","032-525-2491","할인","REUSED","네이버 Geocoding API","확인 완료","37.4939453","126.7351143","","업소명·주소 정규화 키가 기존 검증 좌표와 일치"
"1324","아이마트 청천점","인천광역시부평구세월천로46(청천동, 1층 아이마트 청천점)","032-517-9080","할인","REUSED","네이버 Geocoding API","확인 완료","37.513197","126.7042201","","업소명·주소 정규화 키가 기존 검증 좌표와 일치"
"1325","새로안안경 부평센터","인천광역시부평구부평대로55(부평동, 9층 901호 새로안안경 부평센터)","0507-1366-7532","할인","REUSED","네이버 Geocoding API","확인 완료","37.4963056","126.72216","","업소명·주소 정규화 키가 기존 검증 좌표와 일치"
"1326","1001안경콘택트 위드렌즈 삼산점","인천광역시부평구부평북로448(삼산동, 로얄프라자 105호 1001안경콘택트 위드렌즈 삼산점)","032-527-5339","할인","REUSED","네이버 Geocoding API","확인 완료","37.5217204","126.7433662","","업소명·주소 정규화 키가 기존 검증 좌표와 일치"
"1327","으뜸50안경 동암역점","인천광역시부평구열우물로40- 1(십정동, 1층)","032-432-5050","할인","REUSED","네이버 Geocoding API","확인 완료","37.4719531","126.7013495","","업소명·주소 정규화 키가 기존 검증 좌표와 일치"
"1328","리아이즈안경원","인천광역시부평구동수로125(부개동, 1층)","032-502-0903","할인","REUSED","네이버 Geocoding API","확인 완료","37.4850372","126.7326286","","업소명·주소 정규화 키가 기존 검증 좌표와 일치"
"1329","아이러브안경콘택트 부평점","인천광역시부평구동수북로154(부평동, 1층 우측)","0507-1472-0459","할인","REUSED","네이버 Geocoding API","확인 완료","37.4888826","126.7232363","","업소명·주소 정규화 키가 기존 검증 좌표와 일치"
"1332","헤이사랑치과의원","서울특별시광진구천호대로559(중곡동, (4층, 401호))","02-2201-2275","할인","REUSED","네이버 Geocoding API","확인 완료","37.5572068","127.0804491","","업소명·주소 정규화 키가 기존 검증 좌표와 일치"
"1336","글라스밤안경 루원시티점","인천광역시서해구가정로437(가정동, 305동 B121호 글라스밤안경 루원시티점)","0507-1362-2054","할인","REUSED","네이버 Geocoding API","확인 완료","37.523467","126.6712038","","업소명·주소 정규화 키가 기존 검증 좌표와 일치"
"1337","밝은미소안경","인천광역시서해구탁옥로108(심곡동, 1층 밝은미소안경원)","0507-1386-2069","할인","REUSED","네이버 Geocoding API","확인 완료","37.543484","126.6815841","","업소명·주소 정규화 키가 기존 검증 좌표와 일치"
"1338","바라보다 안경원 청라점","인천광역시서해구청라라임로57(청라동)","032-255-4518","할인","REUSED","네이버 Geocoding API","확인 완료","37.5326128","126.6529099","","업소명·주소 정규화 키가 기존 검증 좌표와 일치"
"1340","심청이가찾은안경원","인천광역시서해구탁옥로46(심곡동, 다린상가 1층 104호)","032-568-1557","할인","REUSED","네이버 Geocoding API","확인 완료","37.5437464","126.6746638","","업소명·주소 정규화 키가 기존 검증 좌표와 일치"
"1341","밀리브로","인천광역시서해구길주로8(석남동, 밀리브로)","070-4140-4594","할인","REUSED","네이버 Geocoding API","확인 완료","37.5064376","126.662648","","업소명·주소 정규화 키가 기존 검증 좌표와 일치"
"1342","렌즈하우스지엠","인천광역시부평구부평대로233(청천동, 한국지엠주식회사 제2호,2층일부)","032-505-2788","할인","REUSED","네이버 Geocoding API","확인 완료","37.5133983","126.7141171","","업소명·주소 정규화 키가 기존 검증 좌표와 일치"
"1343","으뜸50안경 인천강남시장점","인천광역시서해구가정로308(석남동, 석남프라자 202호(그랜드약국 2층))","0507-1365-5100","할인","REUSED","네이버 Geocoding API","확인 완료","37.5123642","126.6728783","","업소명·주소 정규화 키가 기존 검증 좌표와 일치"
"1344","아이피아 홈플러스가좌점","인천광역시서해구가정로151번길11- 0(가좌동, 홈플러스가좌점, 2층)","0507-1407-0929","할인","REUSED","네이버 Geocoding API","확인 완료","37.4976706","126.6707496","","업소명·주소 정규화 키가 기존 검증 좌표와 일치"
"1345","오클리 아이하우스안경","인천광역시검단구서곶로866(마전동)","0507-1394-1677","할인","REUSED","네이버 Geocoding API","확인 완료","37.5942253","126.6746532","","업소명·주소 정규화 키가 기존 검증 좌표와 일치"
"1346","아이원안경","인천광역시서해구서곶로323(심곡동)","032-565-0930","할인","REUSED","네이버 Geocoding API","확인 완료","37.5465216","126.6766579","","업소명·주소 정규화 키가 기존 검증 좌표와 일치"
"1347","안경창고싸군 송도점","인천광역시연수구컨벤시아대로130번길14- 0(송도동, 송도 메디컬타워)","032-833-6565","할인","REUSED","네이버 Geocoding API","확인 완료","37.3929706","126.644882","","업소명·주소 정규화 키가 기존 검증 좌표와 일치"
"1348","글라스밤안경 동인천첨","인천광역시제물포구우현로87번길2- 0(인현동)","032-772-8185","할인","REUSED","네이버 Geocoding API","확인 완료","37.4747878","126.6305492","","업소명·주소 정규화 키가 기존 검증 좌표와 일치"
"1349","안경진정성 하늘도시점","인천광역시영종구하늘중앙로225번길12- 0(중산동, 101호,102호)","0507-1454-6223","할인","REUSED","네이버 Geocoding API","확인 완료","37.4874927","126.5584983","","업소명·주소 정규화 키가 기존 검증 좌표와 일치"
"1350","트렌디카안경 인천연수점","인천광역시연수구청능대로75(청학동, IMC9 101호)","032-815-6002","할인","REUSED","네이버 Geocoding API","확인 완료","37.4156284","126.6745941","","업소명·주소 정규화 키가 기존 검증 좌표와 일치"
"1356","참좋은안경","인천광역시제물포구우현로47(신포동)","032-773-0701","할인","REUSED","네이버 Geocoding API","확인 완료","37.4715148","126.6281661","","업소명·주소 정규화 키가 기존 검증 좌표와 일치"
"1357","렌즈미 황선생안경","인천광역시서해구가정로437(가정동, 상가 301동 A동 B102호)","032-575-0095","할인","REUSED","네이버 Geocoding API","확인 완료","37.523467","126.6712038","","업소명·주소 정규화 키가 기존 검증 좌표와 일치"
"1358","미인안경","인천광역시검단구검단로470(왕길동, 1층 미인안경원)","032-561-4727","할인","REUSED","네이버 Geocoding API","확인 완료","37.6015153","126.6567498","","업소명·주소 정규화 키가 기존 검증 좌표와 일치"
"1359","아이닥터안경원 석남점","인천광역시서해구가정로208(석남동)","032-571-9397","할인","REUSED","네이버 Geocoding API","확인 완료","37.5033243","126.6724214","","업소명·주소 정규화 키가 기존 검증 좌표와 일치"
"1377","뉴발란스 뉴코아팩토리아울렛 광명점","경기도광명시하안로287번길8- 0(하안동, 뉴코아팩토리아울렛 2층 뉴발란스 매장)","02-3397-2411","할인","REUSED","네이버 Geocoding API","확인 완료","37.4612163","126.8798937","","업소명·주소 정규화 키가 기존 검증 좌표와 일치"
"1381","구이대장쪽갈비 광명역점","경기도광명시오리로169(일직동, 1층 구이대장쪽갈비 광명역점)","0507-1465-7926","할인","MATCHED","네이버 Geocoding API","확인 완료","37.418271","126.879374","경기도 광명시 오리로 169","시·도, 도로명과 건물번호가 일치하는 단일 결과"
"1382","시호비전 롯데마트 영동도점","인천광역시영종구흰바위로51- 0(운서동, 롯데마트 영동도점 3층)","032-752-3991","할인","REUSED","네이버 Geocoding API","확인 완료","37.4927087","126.4912091","","업소명·주소 정규화 키가 기존 검증 좌표와 일치"
"1383","그릭당","경기도의정부시시민로19번길22- 9(의정부동, 1층)","031-877-0370","할인","MATCHED","네이버 Geocoding API","확인 완료","37.7393552","127.0371795","경기도 의정부시 시민로19번길 22-9","시·도, 도로명과 건물번호가 일치하는 단일 결과"
"1387","무한정수제돈까스","서울특별시광진구군자로102(군자동, (1층))","02-469-3122","할인","MATCHED","네이버 Geocoding API","확인 완료","37.5522268","127.0715294","서울특별시 광진구 군자로 102","시·도, 도로명과 건물번호가 일치하는 단일 결과"
"1388","글라스코드 안경원","경기도파주시한울로123(동패동, 2층)","031-947-4138","할인","REUSED","네이버 Geocoding API","확인 완료","37.7103661","126.7451109","","업소명·주소 정규화 키가 기존 검증 좌표와 일치"
"1389","옐로치킨07&바로돈까스","서울특별시성북구아리랑로19길48(정릉동, (1츧))","02-913-2360","할인","MATCHED","네이버 Geocoding API","확인 완료","37.6025432","127.0107407","서울특별시 성북구 아리랑로19길 48","시·도, 도로명과 건물번호가 일치하는 단일 결과"
"1390","신세계안경콘택트","인천광역시서해구승학로310(연희동)","032-567-6605","할인","REUSED","네이버 Geocoding API","확인 완료","37.5495118","126.6747845","","업소명·주소 정규화 키가 기존 검증 좌표와 일치"
"1391","착한이발","서울특별시강북구도봉로371(수유동, (지하1층))","010-4769-2350","할인","MATCHED","네이버 Geocoding API","확인 완료","37.6404577","127.0278529","서울특별시 강북구 도봉로 371","시·도, 도로명과 건물번호가 일치하는 단일 결과"
"1392","국수집","서울특별시동대문구한천로14길63(장안동, (1층))","02-2212-9410","할인","MATCHED","네이버 Geocoding API","확인 완료","37.566711","127.06627","서울특별시 동대문구 한천로14길 63","시·도, 도로명과 건물번호가 일치하는 단일 결과"
"1393","서울쉬퐁","서울특별시동대문구한천로63길17(이문동, (1층))","0507-1414-2539","할인","MATCHED","네이버 Geocoding API","확인 완료","37.6039396","127.0665311","서울특별시 동대문구 한천로63길 17","시·도, 도로명과 건물번호가 일치하는 단일 결과"
"1397","강남브랜드안과 인천","인천광역시부평구시장로32(부평동, 2층,3층)","1644-5595","할인","REUSED","네이버 Geocoding API","확인 완료","37.4935787","126.7261913","","업소명·주소 정규화 키가 기존 검증 좌표와 일치"
"1398","올리브짐","서울특별시성북구동소문로118(동선동1가)","02-953-7180","할인","REUSED","네이버 Geocoding API","확인 완료","37.5933253","127.0182014","","업소명·주소 정규화 키가 기존 검증 좌표와 일치"
"1399","서울감동치과의원","경기도이천시장호원읍장감로854층 (장호원읍장호원리, 용천빌딩)","031-643-2875","할인","NO_RESULT","","미확인","","","","주소 검색 결과 없음"
"1400","만미정 식당","서울특별시강북구솔매로43길96(미아동)","02-983-8884","할인","MATCHED","네이버 Geocoding API","확인 완료","37.6299344","127.0228654","서울특별시 강북구 솔매로43길 96","시·도, 도로명과 건물번호가 일치하는 단일 결과"
"1402","이문동사진관","서울특별시동대문구이문로12길4- 3(이문동, (지하1층))","0507-1406-5701","할인","REUSED","네이버 Geocoding API","확인 완료","37.5930399","127.0583619","","업소명·주소 정규화 키가 기존 검증 좌표와 일치"
"1420","그랑프리안경 우장산점","서울특별시강서구강서로45길13(화곡동, (선화빌딩 1층))","02-2691-5479","할인","REUSED","네이버 Geocoding API","확인 완료","37.5478512","126.8353978","","업소명·주소 정규화 키가 기존 검증 좌표와 일치"
"1421","신남대문안경","서울특별시구로구고척로135(고척동)","02-2617-8448","할인","REUSED","네이버 Geocoding API","확인 완료","37.5026584","126.848931","","업소명·주소 정규화 키가 기존 검증 좌표와 일치"
"1423","아이스타안경원(마포)","서울특별시마포구월드컵북로348(상암동, (1층))","02-374-9001","할인","REUSED","네이버 Geocoding API","확인 완료","37.5767277","126.8935323","","업소명·주소 정규화 키가 기존 검증 좌표와 일치"
"1424","밝은눈안경 면목점","서울특별시중랑구면목로44바길23(면목동)","02-491-6421","할인","REUSED","네이버 Geocoding API","확인 완료","37.5820468","127.0926268","","업소명·주소 정규화 키가 기존 검증 좌표와 일치"
"1425","루네뜨안경","서울특별시마포구도화길24(도화동, (1층))","02-719-2220","할인","REUSED","네이버 Geocoding API","확인 완료","37.5404418","126.948751","","업소명·주소 정규화 키가 기존 검증 좌표와 일치"
"1426","세란안경","서울특별시중구을지로30(소공동, (롯데호텔 지하1층))","02-777-6789","할인","REUSED","네이버 Geocoding API","확인 완료","37.5653459","126.9810075","","업소명·주소 정규화 키가 기존 검증 좌표와 일치"
"1427","송미용실","서울특별시강북구인수봉로78길13(수유동)","02-905-2225","면제","MATCHED","네이버 Geocoding API","확인 완료","37.644609","127.0116053","서울특별시 강북구 인수봉로78길 13","시·도, 도로명과 건물번호가 일치하는 단일 결과"
"1428","안경맘","경기도수원시 영통구중부대로2521층 (매탄동)","031-212-6009","할인","NO_RESULT","","미확인","","","","주소 검색 결과 없음"
"1429","다비치안경수원천천동롯데마트옆점","경기도수원시 장안구덕영대로535번길28103호(천천동, 리안플리츠상가)","031-268-1116","할인","NO_RESULT","","미확인","","","","주소 검색 결과 없음"
"1430","예쁜안경원 북수원점","경기도수원시 장안구송원로471층 (송죽동, 해동빌딩)","031-287-6162","할인","NO_RESULT","","미확인","","","","주소 검색 결과 없음"
"1435","한솔아카데미","서울특별시강남구강남대로42길13(도곡동)","02-575-7113","할인","REUSED","네이버 Geocoding API","확인 완료","37.4855234","127.0351552","","업소명·주소 정규화 키가 기존 검증 좌표와 일치"
"1436","대우건축토목학원","서울특별시동대문구하정로36(신설동, (광진빌딩 5층))","02-964-0368","할인","REUSED","네이버 Geocoding API","확인 완료","37.5743359","127.0269926","","업소명·주소 정규화 키가 기존 검증 좌표와 일치"
"1437","한국청소직업전문학원","서울특별시동대문구황물로42(전농동, (3층 301호))","0507-1391-6353","할인","REUSED","네이버 Geocoding API","확인 완료","37.5733278","127.0462045","","업소명·주소 정규화 키가 기존 검증 좌표와 일치"
"1438","153캐드캠학원","서울특별시금천구디지털로9길47(가산동, (한신IT타워 2차 304-1))","0507-1404-4185","할인","REUSED","네이버 Geocoding API","확인 완료","37.4795805","126.8858036","","업소명·주소 정규화 키가 기존 검증 좌표와 일치"
"1439","사파사진학원","서울특별시서초구서초대로52길37(서초동, (강우빌딩 101호))","02-2278-8333","할인","REUSED","네이버 Geocoding API","확인 완료","37.4920495","127.0149691","","업소명·주소 정규화 키가 기존 검증 좌표와 일치"
"1440","국제건축평생교육원","서울특별시영등포구대림로178(대림동, (한경빌딩 5층))","0507-1310-8447","할인","REUSED","네이버 Geocoding API","확인 완료","37.4967165","126.8994221","","업소명·주소 정규화 키가 기존 검증 좌표와 일치"
"1441","노라노패션학원","서울특별시종로구종로393- 1(숭인동, (4층))","0507-1357-1302","할인","REUSED","네이버 Geocoding API","확인 완료","37.5749108","127.0209602","","업소명·주소 정규화 키가 기존 검증 좌표와 일치"
"1442","파고다어학원 신촌","서울특별시서대문구신촌로121(창천동, (아남오피스텔))","02-717-4000","할인","REUSED","네이버 Geocoding API","확인 완료","37.5562107","126.9393157","","업소명·주소 정규화 키가 기존 검증 좌표와 일치"
"1443","㈜해커스어학원 / 강남역캠퍼스","서울특별시서초구강남대로61길23(서초동, (현대성우빌딩 1층))","02-566-0001","할인","REUSED","네이버 Geocoding API","확인 완료","37.498226","127.0243833","","업소명·주소 정규화 키가 기존 검증 좌표와 일치"
"1444","파고다어학원 강남","서울특별시서초구강남대로419(서초동, (5층))","02-2051-4000","할인","REUSED","네이버 Geocoding API","확인 완료","37.4998135","127.0262296","","업소명·주소 정규화 키가 기존 검증 좌표와 일치"
"1445","㈜해커스어학원 / 종로캠퍼스","서울특별시종로구인사동길12(인사동, (대일빌딩 4층))","02-502-2000","할인","REUSED","네이버 Geocoding API","확인 완료","37.5718987","126.9872482","","업소명·주소 정규화 키가 기존 검증 좌표와 일치"
"1446","파고다어학원 종로","서울특별시중구남대문로120(남대문로1가, (그레이츠 청계 2~3층))","02-2274-4000","할인","REUSED","네이버 Geocoding API","확인 완료","37.5679441","126.983141","","업소명·주소 정규화 키가 기존 검증 좌표와 일치"
"1447","대건정보처리학원","서울특별시강동구상암로210(명일동, (명일현대종합상가))","02-3426-5013","할인","REUSED","네이버 Geocoding API","확인 완료","37.5462983","127.1458016","","업소명·주소 정규화 키가 기존 검증 좌표와 일치"
"1448","방학컴퓨터회계학원","서울특별시도봉구방학로171(방학동)","02-956-2323","할인","REUSED","네이버 Geocoding API","확인 완료","37.6621704","127.0332666","","업소명·주소 정규화 키가 기존 검증 좌표와 일치"
"1458","성모맑은눈안과의원","서울특별시송파구올림픽로145(잠실동, 리센츠상가)","02-3431-3733","할인","REUSED","네이버 Geocoding API","확인 완료","37.5119828","127.0870707","","업소명·주소 정규화 키가 기존 검증 좌표와 일치"
"1464","자연석 돌구이 생삼겹살 한우","서울특별시동작구여의대방로202(대방동, 1층)","0507-1382-8744","할인","MATCHED","네이버 Geocoding API","확인 완료","37.5047919","126.92254","서울특별시 동작구 여의대방로 202","시·도, 도로명과 건물번호가 일치하는 단일 결과"
"1497","서울에이스병원","경기도남양주시다산중앙로145- 9(다산동, 에이스병원 빌딩)","1577-7558","할인","NO_RESULT","","미확인","","","","주소 검색 결과 없음"
"1498","시유안경원","경기도구리시건원대로91101호(인창동)","031-556-2001","할인","NO_RESULT","","미확인","","","","주소 검색 결과 없음"
"1499","코아안경","경기도양평군양평읍양근로1691층 (양평읍양근리)","031-775-1001","할인","NO_RESULT","","미확인","","","","주소 검색 결과 없음"
"1500","플로레카페","경기도가평군청평면에덴벚꽃길39- 1(청평면상천리)","0507-1350-6864","할인","MATCHED","네이버 Geocoding API","확인 완료","37.7819019","127.4670432","경기도 가평군 청평면 에덴벚꽃길 39-1","시·도, 도로명과 건물번호가 일치하는 단일 결과"
"1501","다봄안과의원","경기도양주시옥정로218403호(옥정동, 신운정튼튼프라자)","031-868-7585","할인","NO_RESULT","","미확인","","","","주소 검색 결과 없음"
"1502","가평튼튼정형외과의원","경기도가평군가평읍장터3길103,4층 (가평읍읍내리, 가평메디컬센터)","031-581-7577","할인","NO_RESULT","","미확인","","","","주소 검색 결과 없음"
"1506","으뜸플러스안경(인천영종하늘도시)","인천광역시영종구하늘중앙로193(중산동, 조양타워 213호)","032-721-9919","할인","REUSED","네이버 Geocoding API","확인 완료","37.4903649","126.5606632","","업소명·주소 정규화 키가 기존 검증 좌표와 일치"
"1507","족발야시장(인천용현점)","인천광역시미추홀구매소홀로69(용현동, 1층)","032-888-4969","할인","MATCHED","네이버 Geocoding API","확인 완료","37.4498463","126.6337585","인천광역시 미추홀구 매소홀로 69","시·도, 도로명과 건물번호가 일치하는 단일 결과"
"1508","조은미래의원","경기도김포시김포한강8로396(구래동, 3층)","031-992-6677","할인","REUSED","네이버 Geocoding API","확인 완료","37.6432764","126.6251107","","업소명·주소 정규화 키가 기존 검증 좌표와 일치"
"1509","솔솔이비인후과의원","인천광역시검단구이음대로392- 0(원당동, 메트로시티 605호)","032-566-7586","할인","REUSED","네이버 Geocoding API","확인 완료","37.5926069","126.7127253","","업소명·주소 정규화 키가 기존 검증 좌표와 일치"
"1510","화평동372 더봉지식당","인천광역시제물포구화도진로75(화평동, 1층)","032-777-0372","할인","MATCHED","네이버 Geocoding API","확인 완료","37.4785074","126.6309909","인천광역시 제물포구 화도진로 75","시·도, 도로명과 건물번호가 일치하는 단일 결과"
"1511","이목안경원","인천광역시부평구주부토로236(갈산동, 인천테크로밸리U1센터 A동 1층)","032-209-1538","할인","REUSED","네이버 Geocoding API","확인 완료","37.5158706","126.7268708","","업소명·주소 정규화 키가 기존 검증 좌표와 일치"
"1512","안경상회(송도점))","인천광역시연수구첨단대로40(송도동, B동 206호)","032-822-1999","할인","REUSED","네이버 Geocoding API","확인 완료","37.3700348","126.6503746","","업소명·주소 정규화 키가 기존 검증 좌표와 일치"
"1513","안경박사(소래포구점)","인천광역시남동구앵고개로928(논현동, 1층 119호)","032-441-4515","할인","REUSED","네이버 Geocoding API","확인 완료","37.4017932","126.733912","","업소명·주소 정규화 키가 기존 검증 좌표와 일치"
"1514","안경정원","인천광역시연수구센트럴로415(송도동, 판매시설동 155호)","","할인","REUSED","네이버 Geocoding API","확인 완료","37.4105318","126.6269233","","업소명·주소 정규화 키가 기존 검증 좌표와 일치"
"1515","바른안경(부개점)","인천광역시부평구부흥로416(부개동, 1층 102호, 103호)","032-502-5552","할인","REUSED","네이버 Geocoding API","확인 완료","37.4973656","126.7382856","","업소명·주소 정규화 키가 기존 검증 좌표와 일치"
"1516","수상한 전집","인천광역시미추홀구인하로254(주안동, 1층)","","할인","MATCHED","네이버 Geocoding API","확인 완료","37.4481266","126.6762574","인천광역시 미추홀구 인하로 254","시·도, 도로명과 건물번호가 일치하는 단일 결과"
"1517","미루안경(운남점)","인천광역시영종구흰바위로236(운남동, 영종메가타워 117호)","032-746-3005","할인","REUSED","네이버 Geocoding API","확인 완료","37.4797442","126.502155","","업소명·주소 정규화 키가 기존 검증 좌표와 일치"
"1519","서울글로우안과의원","서울특별시노원구노해로507(상계동)","02-930-9306","할인","REUSED","네이버 Geocoding API","확인 완료","37.6554251","127.063937","","업소명·주소 정규화 키가 기존 검증 좌표와 일치"
"1520","으뜸플러스안경(인천주안점)","인천광역시미추홀구미추홀대로735(주안동, 가동 303호)","032-873-3386","할인","REUSED","네이버 Geocoding API","확인 완료","37.4632304","126.6801028","","업소명·주소 정규화 키가 기존 검증 좌표와 일치"
"1540","새봄안경원","서울특별시마포구와우산로150(창전동)","02-332-6405","할인","REUSED","네이버 Geocoding API","확인 완료","37.5542959","126.9298265","","업소명·주소 정규화 키가 기존 검증 좌표와 일치"
"1550","남궁가 족발","경기도군포시대야1로22- 2(대야미동)","031-422-2227","할인","ADDRESS_MISMATCH","","재확인 필요","","","","도로명·건물번호가 원본과 일치하지 않음"
"1551","야미커피","경기도군포시대야1로6번길22- 2103호(대야미동)","010-9348-3927","할인","NO_RESULT","","미확인","","","","주소 검색 결과 없음"
"1552","구름상상(산본점)","경기도군포시산본천로199- 5(산본동)","010-5395-8477","할인","MATCHED","네이버 Geocoding API","확인 완료","37.3706098","126.9395802","경기도 군포시 산본천로 199 동향","시·도, 도로명과 건물번호가 일치하는 단일 결과"
"1553","켄커피(본점)","경기도안양시 만안구예술공원로164- 1(안양동)","010-9137-6972","할인","MATCHED","네이버 Geocoding API","확인 완료","37.4190918","126.9241804","경기도 안양시 만안구 예술공원로 164-1","시·도, 도로명과 건물번호가 일치하는 단일 결과"
"1554","켄커피","경기도안양시 만안구안양로110105호1층 (안양동)","010-4447-4114","할인","NO_RESULT","","미확인","","","","주소 검색 결과 없음"
"1555","메종카소","경기도과천시관문로92A동216호(중앙동)","0507-1364-4227","할인","MATCHED","네이버 Geocoding API","확인 완료","37.4297486","126.9904189","경기도 과천시 관문로 92 힐스테이트 과천중앙","시·도, 도로명과 건물번호가 일치하는 단일 결과"
"1556","천하수산","경기도군포시대야1로15- 3(대야미동)","031-438-0304","할인","ADDRESS_MISMATCH","","재확인 필요","","","","도로명·건물번호가 원본과 일치하지 않음"
"1557","콩고커피","경기도안양시 동안구관평로182- 171층 (관양동)","0507-1411-9558","할인","MATCHED","네이버 Geocoding API","확인 완료","37.3929744","126.9607138","경기도 안양시 동안구 관평로 182 국민건강보험공단 안양지사","시·도, 도로명과 건물번호가 일치하는 단일 결과"
"1558","로이옵티크","경기도부천시 원미구신흥로1705동109호(중동, 상가)","032-710-00775","할인","NO_RESULT","","미확인","","","","주소 검색 결과 없음"
"1559","(주)모두투어네트워크","서울특별시중구을지로16(을지로1가, 백남빌딩 5층 (모두투어))","1644-2135","할인","REUSED","네이버 Geocoding API","확인 완료","37.5656261","126.9794354","","업소명·주소 정규화 키가 기존 검증 좌표와 일치"
"1560","엉터리분식","경기도부천시 원미구부일로445- 45(심곡동)","032-613-7744","할인","NO_RESULT","","미확인","","","","주소 검색 결과 없음"
"1561","신천차이나","경기도부천시 원미구송내대로265번길73- 46201호(상동)","010-4357-3050","할인","NO_RESULT","","미확인","","","","주소 검색 결과 없음"
"1562","카카오가든","경기도군포시대야1로192층 (대야미동)","0507-1398-9434","할인","NO_RESULT","","미확인","","","","주소 검색 결과 없음"
"1563","스톨커피","경기도과천시뒷골2로1(과천동)","010-2803-2638","할인","MATCHED","네이버 Geocoding API","확인 완료","37.4528719","127.0019401","경기도 과천시 뒷골2로 1","시·도, 도로명과 건물번호가 일치하는 단일 결과"
"1564","황기순손칼국수&왕돈까스","경기도안양시 동안구인덕원로13(관양동)","010-2030-7106","할인","MATCHED","네이버 Geocoding API","확인 완료","37.4011324","126.9736072","경기도 안양시 동안구 인덕원로 13","시·도, 도로명과 건물번호가 일치하는 단일 결과"
"1565","플레르희소","경기도안양시 동안구흥안대로427번길57- 2102호1층 (평촌동, 아이에스비즈타워)","010-2779-8935","할인","NO_RESULT","","미확인","","","","주소 검색 결과 없음"
"1566","건인약국","경기도안양시 동안구인덕원로24- 56(관양동)","031-423-1185","할인","NO_RESULT","","미확인","","","","주소 검색 결과 없음"
"1567","동산꽃농원 꽃피는공간","경기도안양시 동안구관악대로475(관양동)","031-424-6982","할인","REUSED","네이버 Geocoding API","확인 완료","37.4034117","126.9754313","","업소명·주소 정규화 키가 기존 검증 좌표와 일치"
"1568","바른국수 둥이네","경기도과천시별양상가로714호지하1층 (별양동, 벽산빌딩)","02-3679-1253","할인","NO_RESULT","","미확인","","","","주소 검색 결과 없음"
"1569","안경진정성 본오점","경기도안산시 상록구본오로1201층 (본오동)","0507-1413-8936","할인","NO_RESULT","","미확인","","","","주소 검색 결과 없음"
"1570","드림위드치과의원","서울특별시강서구강서로385(마곡동, (우성에스비타워 6층))","02-3661-2879","할인","REUSED","네이버 Geocoding API","확인 완료","37.5601067","126.838266","","업소명·주소 정규화 키가 기존 검증 좌표와 일치"
"1572","오신우헤어","경기도과천시별양상가2로353동204호(별양동)","02-504-5177","할인","NO_RESULT","","미확인","","","","주소 검색 결과 없음"
"1576","드론마스터무인항공전문교육원","경기도포천시이동면새낭로465- 275(이동면노곡리, 드론마스터무인항공전문교육원)","1899-5274","할인","REUSED","네이버 Geocoding API","확인 완료","38.0190418","127.316474","","업소명·주소 정규화 키가 기존 검증 좌표와 일치"
"1577","마음샘심리상담센터(민락점)","경기도의정부시오목로225번길161502호(민락동, 마음샘심리상담센터 민락점)","031-894-8052","할인","NO_RESULT","","미확인","","","","주소 검색 결과 없음"
"1578","마음샘심리상담센터(호원점)","경기도의정부시외미로95209호(호원동, 하나프라자)","031-928-7372","할인","NO_RESULT","","미확인","","","","주소 검색 결과 없음"
"1579","원더플란트치과의원 강북점","서울특별시강북구도봉로10길6(미아동, (4층, 씨앤에스프라임))","02-986-2275","할인","REUSED","네이버 Geocoding API","확인 완료","37.6129878","127.0307849","","업소명·주소 정규화 키가 기존 검증 좌표와 일치"
"1581","온누리스마일안과의원","서울특별시서초구서초대로77길3(서초동, (아라타워 B2층))","02-6913-0000","할인","REUSED","네이버 Geocoding API","확인 완료","37.4980609","127.0265048","","업소명·주소 정규화 키가 기존 검증 좌표와 일치"
"1583","외할머니소머리국밥","경기도안양시 동안구안양판교로14- 1(관양동)","031-426-2966","할인","MATCHED","네이버 Geocoding API","확인 완료","37.4007034","126.9776389","경기도 안양시 동안구 안양판교로 14-1","시·도, 도로명과 건물번호가 일치하는 단일 결과"
"1584","레스트앤드","경기도안양시 동안구평촌대로419- 7(비산동)","010-5205-0130","할인","MATCHED","네이버 Geocoding API","확인 완료","37.4082739","126.950248","경기도 안양시 동안구 평촌대로 419-7","시·도, 도로명과 건물번호가 일치하는 단일 결과"
"1585","성신양꼬치","경기도안양시 동안구흥안대로493- 161층 (관양동)","0507-1440-8924","할인","MATCHED","네이버 Geocoding API","확인 완료","37.3979788","126.9764822","경기도 안양시 동안구 흥안대로 493 비해빌딩","시·도, 도로명과 건물번호가 일치하는 단일 결과"
"1586","남대문안경콘택트(한대앞역점)","경기도안산시 상록구광덕1로386116호1층 (이동, 캠퍼스타운)","031-417-9008","할인","NO_RESULT","","미확인","","","","주소 검색 결과 없음"
"1587","더편한치과의원","서울특별시성북구동소문로92(동소문동5가, (강윤빌딩 4층))","02-928-2888","할인","REUSED","네이버 Geocoding API","확인 완료","37.5921783","127.0155017","","업소명·주소 정규화 키가 기존 검증 좌표와 일치"
"1595","반석안경","서울특별시중구남대문시장4길28- 12(남창동, (남대문수입상가 1층 56~58호))","02-752-0124","할인","REUSED","네이버 Geocoding API","확인 완료","37.5591795","126.9766341","","업소명·주소 정규화 키가 기존 검증 좌표와 일치"
"1596","원더플란트치과의원 노원점","서울특별시노원구한글비석로384(중계동, (대호프라자 201호))","02-938-2275","할인","REUSED","네이버 Geocoding API","확인 완료","37.6598085","127.07324","","업소명·주소 정규화 키가 기존 검증 좌표와 일치"
"1597","안경매니져 방학점","서울특별시도봉구도봉로153길14(도봉동, (1층))","02-955-3111","할인","REUSED","네이버 Geocoding API","확인 완료","37.6699979","127.0427405","","업소명·주소 정규화 키가 기존 검증 좌표와 일치"
"1598","백년안경","서울특별시중구마른내로34(초동, (1층))","02-2272-7888","할인","REUSED","네이버 Geocoding API","확인 완료","37.5642426","126.9917013","","업소명·주소 정규화 키가 기존 검증 좌표와 일치"
"1599","성모 안경 콘택트 쌍문역점","서울특별시도봉구도봉로483(쌍문동)","02-990-0858","할인","REUSED","네이버 Geocoding API","확인 완료","37.6489372","127.0345524","","업소명·주소 정규화 키가 기존 검증 좌표와 일치"
"1600","경희안경원","서울특별시용산구이태원로22(용산동3가, (국방부종합민원실 지하))","02-049-0079","할인","REUSED","네이버 Geocoding API","확인 완료","37.5336495","126.9775963","","업소명·주소 정규화 키가 기존 검증 좌표와 일치"
"1601","안경박사 장안점","서울특별시동대문구사가정로214(장안동)","02-2214-2284","할인","REUSED","네이버 Geocoding API","확인 완료","37.5784912","127.0687738","","업소명·주소 정규화 키가 기존 검증 좌표와 일치"
"1602","굿모닝안경","서울특별시중구남대문시장길61- 0(회현동1가)","02-773-0049","할인","REUSED","네이버 Geocoding API","확인 완료","37.5607302","126.979443","","업소명·주소 정규화 키가 기존 검증 좌표와 일치"
"1603","경희안경콘택트","서울특별시동대문구이문로43- 0(회기동)","02-967-7735","할인","REUSED","네이버 Geocoding API","확인 완료","37.5913014","127.0566291","","업소명·주소 정규화 키가 기존 검증 좌표와 일치"
"1604","봄안경","서울특별시은평구서오릉로138(대조동)","02-308-7770","할인","REUSED","네이버 Geocoding API","확인 완료","37.6111905","126.9178298","","업소명·주소 정규화 키가 기존 검증 좌표와 일치"
"1605","그랑프리안경원 중계점","서울특별시노원구한글비석로242(중계동, (삼부프라자 120호))","02-933-1501","할인","REUSED","네이버 Geocoding API","확인 완료","37.6492399","127.0769853","","업소명·주소 정규화 키가 기존 검증 좌표와 일치"
"1606","마리안경","서울특별시용산구청파로47길42- 1(청파동2가)","02-704-0326","할인","REUSED","네이버 Geocoding API","확인 완료","37.5448269","126.9680052","","업소명·주소 정규화 키가 기존 검증 좌표와 일치"
"1607","안경진정성 태릉입구점","서울특별시노원구동일로1019(공릉동, (1층 좌측코너점포))","0507-1314-4751","할인","REUSED","네이버 Geocoding API","확인 완료","37.621105","127.0742011","","업소명·주소 정규화 키가 기존 검증 좌표와 일치"
"1608","성원안경원","서울특별시용산구한강대로77길4(갈월동)","02-714-7953","할인","REUSED","네이버 Geocoding API","확인 완료","37.5422847","126.9723794","","업소명·주소 정규화 키가 기존 검증 좌표와 일치"
"1609","란안경","서울특별시광진구아차산로387(구의동, (101호))","02-456-0110","할인","REUSED","네이버 Geocoding API","확인 완료","37.5372362","127.0858163","","업소명·주소 정규화 키가 기존 검증 좌표와 일치"
"1610","글라스미 렌즈미 종암점","서울특별시성북구종암로107(종암동, (1층))","02-915-3663","할인","REUSED","네이버 Geocoding API","확인 완료","37.599689","127.0338649","","업소명·주소 정규화 키가 기존 검증 좌표와 일치"
"1611","푸른안경원","서울특별시성북구장월로3길1(상월곡동, (다누프라자 B03호))","02-941-7791","할인","REUSED","네이버 Geocoding API","확인 완료","37.607878","127.0470329","","업소명·주소 정규화 키가 기존 검증 좌표와 일치"
"1612","렌즈미 석계역점","서울특별시성북구한천로78길68(석관동)","02-962-8766","할인","REUSED","네이버 Geocoding API","확인 완료","37.6134549","127.0652266","","업소명·주소 정규화 키가 기존 검증 좌표와 일치"
"1613","우리들안경콘택트 월곡점","서울특별시성북구화랑로76(하월곡동, (1층 108-1호))","02-911-6363","할인","REUSED","네이버 Geocoding API","확인 완료","37.6018278","127.0404635","","업소명·주소 정규화 키가 기존 검증 좌표와 일치"
"1614","글라스뷰 안경&콘택트렌즈","서울특별시성북구안암로77(안암동5가, (1층))","02-927-1230","할인","REUSED","네이버 Geocoding API","확인 완료","37.5831975","127.0297051","","업소명·주소 정규화 키가 기존 검증 좌표와 일치"
"1615","밝은안경콘택트렌즈","서울특별시용산구회나무로18(이태원동)","02-797-2030","할인","REUSED","네이버 Geocoding API","확인 완료","37.5389255","126.9888525","","업소명·주소 정규화 키가 기존 검증 좌표와 일치"
"1616","보고싶다","서울특별시성북구고려대로94(안암동5가, (1층))","02-928-1008","할인","REUSED","네이버 Geocoding API","확인 완료","37.5861481","127.0298039","","업소명·주소 정규화 키가 기존 검증 좌표와 일치"
"1617","으뜸플러스안경 노원점","서울특별시노원구노해로81길16(상계동, (화랑상가 2층))","070-7645-4949","할인","REUSED","네이버 Geocoding API","확인 완료","37.6556099","127.0628825","","업소명·주소 정규화 키가 기존 검증 좌표와 일치"
"1621","이기대안경 홍대점","서울특별시마포구독막로56(합정동, (1층))","02-322-0822","할인","REUSED","네이버 Geocoding API","확인 완료","37.5475859","126.9195831","","업소명·주소 정규화 키가 기존 검증 좌표와 일치"
"1622","안경박사 미아점","서울특별시강북구도봉로245(미아동, (수메디칼빌딩))","02-982-0084","할인","REUSED","네이버 Geocoding API","확인 완료","37.630305","127.0242706","","업소명·주소 정규화 키가 기존 검증 좌표와 일치"
"1623","으뜸50안경 녹번점","서울특별시은평구은평로235- 1(녹번동, (2층))","0507-1489-5058","할인","REUSED","네이버 Geocoding API","확인 완료","37.601176","126.9340311","","업소명·주소 정규화 키가 기존 검증 좌표와 일치"
"1624","글라스월드수제안경","서울특별시성북구성북로2길48(동소문동1가, (1층))","02-741-5055","할인","REUSED","네이버 Geocoding API","확인 완료","37.5897992","127.008391","","업소명·주소 정규화 키가 기존 검증 좌표와 일치"
"1625","아이비스 안경 아차산점","서울특별시광진구영화사로54(중곡동, (1층))","02-3436-1001","할인","REUSED","네이버 Geocoding API","확인 완료","37.5554823","127.09229","","업소명·주소 정규화 키가 기존 검증 좌표와 일치"
"1626","다비치안경 응암이마트옆점","서울특별시은평구은평로99(응암동, (1층))","02-353-1357","할인","REUSED","네이버 Geocoding API","확인 완료","37.5999337","126.9187415","","업소명·주소 정규화 키가 기존 검증 좌표와 일치"
"1627","모닝아이 안경원","서울특별시광진구뚝섬로621(자양동, (1층))","02-3437-2789","할인","REUSED","네이버 Geocoding API","확인 완료","37.5324211","127.0787752","","업소명·주소 정규화 키가 기존 검증 좌표와 일치"
"1628","Good안경","서울특별시도봉구노해로137(쌍문동)","02-990-3333","할인","REUSED","네이버 Geocoding API","확인 완료","37.6472464","127.0253869","","업소명·주소 정규화 키가 기존 검증 좌표와 일치"
"1629","심안경","서울특별시강동구풍성로130(성내동, (해바라기상가 106호))","02-486-9009","할인","REUSED","네이버 Geocoding API","확인 완료","37.5314695","127.1265552","","업소명·주소 정규화 키가 기존 검증 좌표와 일치"
"1630","아이리스안경원","서울특별시용산구청파로47길47(청파동3가, (1층))","02-718-4321","할인","REUSED","네이버 Geocoding API","확인 완료","37.5446142","126.9677814","","업소명·주소 정규화 키가 기존 검증 좌표와 일치"
"1631","바라봄안경","서울특별시노원구동일로1529(상계동, (105호, 마들역 6번출구 바로앞,기업은행옆))","02-934-1212","할인","REUSED","네이버 Geocoding API","확인 완료","37.6651043","127.0573299","","업소명·주소 정규화 키가 기존 검증 좌표와 일치"
"1632","안경공장쇼룸","서울특별시은평구증산로305(증산동)","02-307-0015","할인","REUSED","네이버 Geocoding API","확인 완료","37.5843756","126.9098299","","업소명·주소 정규화 키가 기존 검증 좌표와 일치"
"1633","안다미로","경기도안양시 동안구평촌대로440(비산동)","010-9393-4823","할인","MATCHED","네이버 Geocoding API","확인 완료","37.4099801","126.9509207","경기도 안양시 동안구 평촌대로 440","시·도, 도로명과 건물번호가 일치하는 단일 결과"
"1634","머리쟁이","경기도안양시 동안구관악대로106번길77- 0(비산동)","031-383-5757","할인","MATCHED","네이버 Geocoding API","확인 완료","37.3984214","126.9389864","경기도 안양시 동안구 관악대로106번길 77 비산롯데캐슬 상가동","시·도, 도로명과 건물번호가 일치하는 단일 결과"
"1635","제이제이마야","경기도군포시흥안대로27번길14- 16(금정동)","031-8068-3388","기타","REUSED","네이버 Geocoding API","확인 완료","37.3681659","126.9487574","","업소명·주소 정규화 키가 기존 검증 좌표와 일치"
"1636","바른본치과","경기도수원시 권선구효원로904층 (세류동)","031-234-2080","할인","NO_RESULT","","미확인","","","","주소 검색 결과 없음"
"1638","페이보릿커피","경기도안양시 만안구안양천서로177상가1동36호2층 (안양동)","0507-1466-5881","할인","MATCHED","네이버 Geocoding API","확인 완료","37.3940293","126.9336533","경기도 안양시 만안구 안양천서로 177 래미안 안양 메가트리아","시·도, 도로명과 건물번호가 일치하는 단일 결과"
"1639","구운몽","경기도안양시 동안구시민대로167105동1호(비산동, 안양벤처텔)","387-9889","할인","NO_RESULT","","미확인","","","","주소 검색 결과 없음"
"1640","세종안경","서울특별시광진구능동로209(군자동, (군자관 1층))","02-468-9442","할인","REUSED","네이버 Geocoding API","확인 완료","37.5514705","127.073884","","업소명·주소 정규화 키가 기존 검증 좌표와 일치"
"1641","으뜸50안경 문정역점","서울특별시송파구법원로128(문정동, (C동 1층, 122호))","02-407-5052","할인","REUSED","네이버 Geocoding API","확인 완료","37.4868641","127.120416","","업소명·주소 정규화 키가 기존 검증 좌표와 일치"
"1642","다비치안경 보청기 천호역점","서울특별시강동구올림픽로659(천호동, (1층))","02-484-2003","할인","REUSED","네이버 Geocoding API","확인 완료","37.540306","127.1235823","","업소명·주소 정규화 키가 기존 검증 좌표와 일치"
"1643","아이빛나안경원","서울특별시송파구송파대로98(문정동, (2층))","02-402-0078","할인","REUSED","네이버 Geocoding API","확인 완료","37.479711","127.1261982","","업소명·주소 정규화 키가 기존 검증 좌표와 일치"
"1644","으뜸50안경 신림1호점","서울특별시관악구신림로344(신림동, (3층, 308호))","02-859-3331","할인","REUSED","네이버 Geocoding API","확인 완료","37.4851585","126.9299942","","업소명·주소 정규화 키가 기존 검증 좌표와 일치"
"1645","윤안경","서울특별시중랑구동일로143길19(중화동)","02-2207-7813","할인","REUSED","네이버 Geocoding API","확인 완료","37.6050111","127.0776285","","업소명·주소 정규화 키가 기존 검증 좌표와 일치"
"1646","킨안경 우장산역점","서울특별시강서구강서로242(화곡동, (강서힐스테이트 상가동 111,112호))","02-2603-8002","할인","REUSED","네이버 Geocoding API","확인 완료","37.5473848","126.8367634","","업소명·주소 정규화 키가 기존 검증 좌표와 일치"
"1647","압구정에스앤비안과의원","서울특별시강남구논현로842(신사동, (압구정빌딩 9층))","02-3446-6666","할인","REUSED","네이버 Geocoding API","확인 완료","37.5240509","127.0287459","","업소명·주소 정규화 키가 기존 검증 좌표와 일치"
"1658","으뜸50안경 신림3호점","서울특별시관악구남부순환로1594(신림동, (2층))","02-888-8022","할인","REUSED","네이버 Geocoding API","확인 완료","37.4837431","126.9277647","","업소명·주소 정규화 키가 기존 검증 좌표와 일치"
"1659","아이엠벨리 안경원","서울특별시강서구마곡서1로115- 1(마곡동, (110호))","02-2665-6405","할인","REUSED","네이버 Geocoding API","확인 완료","37.5667077","126.8185711","","업소명·주소 정규화 키가 기존 검증 좌표와 일치"
"1660","밝은안경","서울특별시관악구남부순환로2062(남현동)","02-523-2123","할인","REUSED","네이버 Geocoding API","확인 완료","37.4763977","126.9777939","","업소명·주소 정규화 키가 기존 검증 좌표와 일치"
"1661","안경과사람들","서울특별시성북구오패산로46(하월곡동, (두산위브상가 134호))","02-911-1011","할인","REUSED","네이버 Geocoding API","확인 완료","37.6070692","127.0387215","","업소명·주소 정규화 키가 기존 검증 좌표와 일치"
"1662","까만안경 동부시장점","서울특별시중랑구망우로32길13(상봉동)","02-2207-4774","할인","REUSED","네이버 Geocoding API","확인 완료","37.5932966","127.0767358","","업소명·주소 정규화 키가 기존 검증 좌표와 일치"
"1663","라운즈 교보문고 강남","서울특별시서초구강남대로465(서초동, (지하 1층))","02-3478-0142","할인","REUSED","네이버 Geocoding API","확인 완료","37.5037825","127.0241334","","업소명·주소 정규화 키가 기존 검증 좌표와 일치"
"1664","하브안경","서울특별시강서구등촌로5길80(화곡동, (신라쇼핑센터 건물 1층 (시장길)))","02-2644-8785","할인","REUSED","네이버 Geocoding API","확인 완료","37.5330691","126.8589551","","업소명·주소 정규화 키가 기존 검증 좌표와 일치"
"1665","새틀안경","서울특별시양천구목동중앙본로107(목동)","02-6408-2500","할인","REUSED","네이버 Geocoding API","확인 완료","37.5451643","126.8706287","","업소명·주소 정규화 키가 기존 검증 좌표와 일치"
"1666","안경상회 서일대점","서울특별시중랑구용마산로427- 91(면목동, (1층))","02-493-1749","할인","REUSED","네이버 Geocoding API","확인 완료","37.5895919","127.0967757","","업소명·주소 정규화 키가 기존 검증 좌표와 일치"
"1667","씨웰안경원","서울특별시서대문구가재울로4길57- 2(남가좌동)","02-302-5119","할인","REUSED","네이버 Geocoding API","확인 완료","37.5762712","126.9244604","","업소명·주소 정규화 키가 기존 검증 좌표와 일치"
"1668","다비치안경 발산역점","서울특별시강서구공항대로281(등촌동, (1층))","02-2668-1118","할인","REUSED","네이버 Geocoding API","확인 완료","37.5588718","126.8389063","","업소명·주소 정규화 키가 기존 검증 좌표와 일치"
"1669","나래안경","서울특별시은평구불광로42(불광동)","02-357-0013","할인","REUSED","네이버 Geocoding API","확인 완료","37.611194","126.9305148","","업소명·주소 정규화 키가 기존 검증 좌표와 일치"
"1670","그랑프리안경 목동점","서울특별시양천구목동중앙본로7길45(목동, (보미리즌빌 1층))","0507-1328-2925","할인","REUSED","네이버 Geocoding API","확인 완료","37.5391445","126.8664038","","업소명·주소 정규화 키가 기존 검증 좌표와 일치"
"1671","아이스타안경원(강북)","서울특별시강북구솔샘로237(미아동, (1층))","02-980-4132","할인","REUSED","네이버 Geocoding API","확인 완료","37.6201187","127.0192683","","업소명·주소 정규화 키가 기존 검증 좌표와 일치"
"1672","남대문안경원","서울특별시관악구남부순환로1741(봉천동, (2층))","02-887-7018","할인","REUSED","네이버 Geocoding API","확인 완료","37.4825626","126.9436246","","업소명·주소 정규화 키가 기존 검증 좌표와 일치"
"1673","으뜸50안경 불광점","서울특별시은평구통일로741- 1(대조동, (2층))","02-356-0050","할인","REUSED","네이버 Geocoding API","확인 완료","37.611573","126.928483","","업소명·주소 정규화 키가 기존 검증 좌표와 일치"
"1674","포나인안경 파리공원점","서울특별시양천구목동서로57(목동, (120호))","02-2648-7778","할인","REUSED","네이버 Geocoding API","확인 완료","37.5366423","126.8798539","","업소명·주소 정규화 키가 기존 검증 좌표와 일치"
"1678","루미애체안경원","서울특별시구로구경인로40길47(개봉동, (개봉역프라자 3층))","02-2686-2286","할인","REUSED","네이버 Geocoding API","확인 완료","37.4945222","126.8591026","","업소명·주소 정규화 키가 기존 검증 좌표와 일치"
"1679","글라스스토리 강동구청역점","서울특별시송파구토성로65(풍납동, (태양상가 103호))","02-485-8008","할인","REUSED","네이버 Geocoding API","확인 완료","37.5289127","127.1173696","","업소명·주소 정규화 키가 기존 검증 좌표와 일치"
"1680","디파인 안경원","서울특별시도봉구도봉로150길8(방학동, (이안테라디움 101호))","02-6082-5949","할인","REUSED","네이버 Geocoding API","확인 완료","37.6657563","127.0436389","","업소명·주소 정규화 키가 기존 검증 좌표와 일치"
"1681","아이온안경원","서울특별시성동구마조로30(행당동, (미진빌딩 1층 101호))","02-2299-5848","할인","REUSED","네이버 Geocoding API","확인 완료","37.5602955","127.0415017","","업소명·주소 정규화 키가 기존 검증 좌표와 일치"
"1682","으뜸플러스안경 서울신방화점","서울특별시강서구마곡서1로115- 1(마곡동, (116호))","02-2666-0610","할인","REUSED","네이버 Geocoding API","확인 완료","37.5667077","126.8185711","","업소명·주소 정규화 키가 기존 검증 좌표와 일치"
"1683","다비치안경 금천점","서울특별시금천구시흥대로415(독산동)","02-868-5679","할인","REUSED","네이버 Geocoding API","확인 완료","37.4706526","126.8976683","","업소명·주소 정규화 키가 기존 검증 좌표와 일치"
"1684","다비치안경 명일역점","서울특별시강동구양재대로1621(천호동)","02-479-4791","할인","REUSED","네이버 Geocoding API","확인 완료","37.5503283","127.1436225","","업소명·주소 정규화 키가 기존 검증 좌표와 일치"
"1685","명동아이리스안경","서울특별시중구남대문로67(남대문로2가, (명동지하상가 나-3))","02-776-9009","할인","REUSED","네이버 Geocoding API","확인 완료","37.5634867","126.9815301","","업소명·주소 정규화 키가 기존 검증 좌표와 일치"
"1686","다비치안경 신사역점","서울특별시강남구도산대로109(신사동, (동원빌딩 1층))","02-517-5659","할인","REUSED","네이버 Geocoding API","확인 완료","37.5168691","127.0205249","","업소명·주소 정규화 키가 기존 검증 좌표와 일치"
"1687","원앤원안경","서울특별시성동구마장로186(홍익동)","02-2291-8001","할인","REUSED","네이버 Geocoding API","확인 완료","37.5666065","127.0304395","","업소명·주소 정규화 키가 기존 검증 좌표와 일치"
"1688","안경나라 관악낙성대점","서울특별시관악구남부순환로1911(봉천동)","02-883-6006","할인","REUSED","네이버 Geocoding API","확인 완료","37.4780053","126.961894","","업소명·주소 정규화 키가 기존 검증 좌표와 일치"
"1689","모던안경콘텍트타운","서울특별시성동구성덕정길89(성수동2가)","02-463-2558","할인","REUSED","네이버 Geocoding API","확인 완료","37.5378974","127.053522","","업소명·주소 정규화 키가 기존 검증 좌표와 일치"
"1690","안경하다","서울특별시강동구고덕로385(고덕동, (그라시움 4상가 101호))","02-6015-5656","할인","REUSED","네이버 Geocoding API","확인 완료","37.5573672","127.1684125","","업소명·주소 정규화 키가 기존 검증 좌표와 일치"
"1691","안경나라 신길점","서울특별시영등포구가마산로455(신길동, (1층))","02-831-1010","할인","REUSED","네이버 Geocoding API","확인 완료","37.5060104","126.9069504","","업소명·주소 정규화 키가 기존 검증 좌표와 일치"
"1692","경복궁누룽지백숙","경기도부천시 원미구신흥로170- 1(중동)","0507-1435-8866","할인","MATCHED","네이버 Geocoding API","확인 완료","37.498892","126.7785354","경기도 부천시 원미구 신흥로 170-1 위브더스테이트","시·도, 도로명과 건물번호가 일치하는 단일 결과"
"1693","눈높은 돼지","경기도부천시 소사구송내대로42번길161층 (송내동, 성민빌딩)","0507-1489-3498","할인","MATCHED","네이버 Geocoding API","확인 완료","37.4873801","126.7539048","경기도 부천시 소사구 송내대로 42","시·도, 도로명과 건물번호가 일치하는 단일 결과"
"1694","쿡마스터","경기도과천시별양로164101호(부림동)","02-403-9455","할인","NO_RESULT","","미확인","","","","주소 검색 결과 없음"
"1695","타임안경마트","서울특별시양천구목동서로377(신정동, (A동 104호))","02-2642-4350","할인","REUSED","네이버 Geocoding API","확인 완료","37.5161604","126.8621608","","업소명·주소 정규화 키가 기존 검증 좌표와 일치"
"1696","으뜸50안경 압구정역점","서울특별시강남구논현로841(신사동, (2층 210호))","02-544-5005","할인","REUSED","네이버 Geocoding API","확인 완료","37.5240297","127.027762","","업소명·주소 정규화 키가 기존 검증 좌표와 일치"
"1697","아이템안경원","서울특별시강남구자곡로201(자곡동, (1층))","02-2226-5259","할인","REUSED","네이버 Geocoding API","확인 완료","37.4753785","127.1047297","","업소명·주소 정규화 키가 기존 검증 좌표와 일치"
"1699","그랑프리안경 금천구청점","서울특별시금천구시흥대로291(독산동, (롯데캐슬상가 L층 39호))","02-802-1472","할인","REUSED","네이버 Geocoding API","확인 완료","37.459981","126.8972935","","업소명·주소 정규화 키가 기존 검증 좌표와 일치"
"1701","아이닥터 안경콘택트","서울특별시동작구동작대로29길49(사당동, (2층))","02-537-0980","할인","REUSED","네이버 Geocoding API","확인 완료","37.4883882","126.9793014","","업소명·주소 정규화 키가 기존 검증 좌표와 일치"
"1702","스튜디오 안경원","서울특별시강서구마곡중앙5로87(마곡동, (103호))","02-2662-7392","할인","REUSED","네이버 Geocoding API","확인 완료","37.5671749","126.8177747","","업소명·주소 정규화 키가 기존 검증 좌표와 일치"
"1703","홍콩안경","서울특별시도봉구방학로187(방학동, (한화A상가 104호))","02-956-3786","할인","REUSED","네이버 Geocoding API","확인 완료","37.6619755","127.0313894","","업소명·주소 정규화 키가 기존 검증 좌표와 일치"
"1704","으뜸50안경 연신내점","서울특별시은평구통일로845(대조동, (2층))","02-356-9127","할인","REUSED","네이버 Geocoding API","확인 완료","37.6185891","126.9211218","","업소명·주소 정규화 키가 기존 검증 좌표와 일치"
"1705","신라아이파크면세점","서울특별시용산구한강대로23길55(한강로3가)","02-1688-8800","할인","REUSED","네이버 Geocoding API","확인 완료","37.5297718","126.9647415","","업소명·주소 정규화 키가 기존 검증 좌표와 일치"
"1708","카페카린","경기도안양시 동안구관악대로2721층 (비산동)","031-386-1646","할인","NO_RESULT","","미확인","","","","주소 검색 결과 없음"
"1709","펜스바버샵","경기도안양시 동안구시민대로230(관양동)","010-9966-1423","할인","MATCHED","네이버 Geocoding API","확인 완료","37.3923016","126.9565208","경기도 안양시 동안구 시민대로 230 평촌아크로타워","시·도, 도로명과 건물번호가 일치하는 단일 결과"
"1748","안경마루(문학점)","인천광역시미추홀구소성로350(문학동)","032-423-1001","할인","REUSED","네이버 Geocoding API","확인 완료","37.4371095","126.6863055","","업소명·주소 정규화 키가 기존 검증 좌표와 일치"
"1750","누네안과병원","경기도남양주시진접읍해밀예당1로284,5층 (진접읍연평리, 진접농협)","031-522-5292","할인","ADDRESS_MISMATCH","","재확인 필요","","","","도로명·건물번호가 원본과 일치하지 않음"
"1751","민스","경기도의정부시안말로8번길481층 (호원동)","031-837-1360","할인","ADDRESS_MISMATCH","","재확인 필요","","","","도로명·건물번호가 원본과 일치하지 않음"
"1801","부천메트로신경외과의원","경기도부천시 소사구소사로231(소사본동, 4, 5층)","032-346-6689","할인","REUSED","네이버 Geocoding API","확인 완료","37.4789657","126.7952894","","업소명·주소 정규화 키가 기존 검증 좌표와 일치"
"1802","산내동물병원","경기도파주시심학산로423번길7- 33201호(목동동, 준프라자)","031-948-6669","할인","NO_RESULT","","미확인","","","","주소 검색 결과 없음"
"1803","허리업정형외과의원","경기도남양주시다산중앙로123번길21- 53층 (다산동)","031-552-1777","할인","ADDRESS_MISMATCH","","재확인 필요","","","","도로명·건물번호가 원본과 일치하지 않음"
"1916","한제소곱창전골 수원금곡점","경기도수원시 권선구금곡로197번길18- 23(금곡동, 108호, 109호)","0507-1399-9407","할인","MATCHED","네이버 Geocoding API","확인 완료","37.2750546","126.9527467","경기도 수원시 권선구 금곡로197번길 18-23 해피라움블루","시·도, 도로명과 건물번호가 일치하는 단일 결과"
"1917","한제소곱창전골 목감점","경기도시흥시산현마을길33- 21층 (산현동)","031-439-0472","할인","ADDRESS_MISMATCH","","재확인 필요","","","","도로명·건물번호가 원본과 일치하지 않음"
"1918","한제소곱창전골 신대방삼거리역점","서울특별시동작구여의대방로22길121- 0(신대방동, 상가동 1층 1444호, 1445호)","0507-1359-9161","할인","MATCHED","네이버 Geocoding API","확인 완료","37.4985848","126.9262263","서울특별시 동작구 여의대방로22길 121 보라매자이 더 포레스트","시·도, 도로명과 건물번호가 일치하는 단일 결과"
"1919","한제소곱창전골 안양일번가점","경기도안양시 만안구장내로139- 01층 (안양동)","031-466-5515","할인","MATCHED","네이버 Geocoding API","확인 완료","37.397925","126.922932","경기도 안양시 만안구 장내로 139","시·도, 도로명과 건물번호가 일치하는 단일 결과"
"1920","미금세브란스치과","경기도성남시 분당구성남대로151213호2층 (구미동)","031-604-2875","할인","NO_RESULT","","미확인","","","","주소 검색 결과 없음"
"1929","레이트 체크아웃","경기도연천군전곡읍은대성로984층 (전곡읍은대리)","0507-1367-7682","할인","NO_RESULT","","미확인","","","","주소 검색 결과 없음"
"1933","뉴엔치과의원","서울특별시서초구강남대로405(서초동, 통영빌딩 3층)","02-534-2755","할인","REUSED","네이버 Geocoding API","확인 완료","37.4987858","127.0267117","","업소명·주소 정규화 키가 기존 검증 좌표와 일치"
"1939","허리업의원(김포점)","경기도김포시중봉1로17(감정동, 3층)","031-983-1175","할인","REUSED","네이버 Geocoding API","확인 완료","37.6233037","126.6993417","","업소명·주소 정규화 키가 기존 검증 좌표와 일치"
"1961","꽃담수","경기도의정부시망월로18- 11107동102호(호원동, 신일타운하우스)","0507-1336-0669","할인","NO_RESULT","","미확인","","","","주소 검색 결과 없음"
"1962","엠플러스병원","경기도용인시 기흥구동백중앙로2658층 (중동, 동백지구 더엠플라자)","031-285-6900","할인","NO_RESULT","","미확인","","","","주소 검색 결과 없음"
"1964","에이치엠에스피트니스","경기도수원시 권선구호매실로90번길1164층 (호매실동, 블루테라스)","010-8380-7475","할인","NO_RESULT","","미확인","","","","주소 검색 결과 없음"
"1965","수원독일보청기","경기도수원시 장안구파장로82번길파장동(파장동)","031-891-9275","할인","REUSED","네이버 Geocoding API","확인 완료","37.3065437","126.992109","","업소명·주소 정규화 키가 기존 검증 좌표와 일치"
"1966","의왕레일파크","경기도의왕시왕송못동로209(월암동)","031-462-3001","할인","REUSED","네이버 Geocoding API","확인 완료","37.310886","126.9503037","","업소명·주소 정규화 키가 기존 검증 좌표와 일치"
"1967","명주병원","경기도용인시 처인구금령로106번길39(김량장동, 8-6)","1522-8119","할인","NO_RESULT","","미확인","","","","주소 검색 결과 없음"
"1971","빛오름","경기도수원시 팔달구고화로1171층 (화서동)","0507-1317-2397","할인","NO_RESULT","","미확인","","","","주소 검색 결과 없음"
"1972","윌스기념병원","경기도수원시 팔달구경수대로437(인계동)","031-240-6281","할인","REUSED","네이버 Geocoding API","확인 완료","37.2652013","127.02548","","업소명·주소 정규화 키가 기존 검증 좌표와 일치"
"1978","투오프커피","서울특별시강남구역삼로9길20(역삼동, (1층))","070-7704-6600","할인","MATCHED","네이버 Geocoding API","확인 완료","37.495297","127.0339254","서울특별시 강남구 역삼로9길 20","시·도, 도로명과 건물번호가 일치하는 단일 결과"
"1980","강남병원","경기도용인시 기흥구중부대로411(신갈동)","031-300-0163","할인","REUSED","네이버 Geocoding API","확인 완료","37.2736747","127.1114342","","업소명·주소 정규화 키가 기존 검증 좌표와 일치"
"1981","김기록치과","경기도수원시 영통구효원로4002층 (매탄동, 탑프라자)","031-306-2811","할인","NO_RESULT","","미확인","","","","주소 검색 결과 없음"
"1983","더 이로운","인천광역시제물포구우현로87번길28(인현동, 1층)","032-777-4333","할인","MATCHED","네이버 Geocoding API","확인 완료","37.4752594","126.6291652","인천광역시 제물포구 우현로87번길 28","시·도, 도로명과 건물번호가 일치하는 단일 결과"
"1984","명가의 뜰(인천공항)","인천광역시영종구공항로272(운서동, (인천공항))","032-743-4834","할인","REUSED","네이버 Geocoding API","확인 완료","37.4583507","126.4276993","","업소명·주소 정규화 키가 기존 검증 좌표와 일치"
"1986","명가의 뜰(김포공항)","서울특별시강서구하늘길112(공항동, (김포공항))","02-2661-4830","할인","REUSED","네이버 Geocoding API","확인 완료","37.5587842","126.8033552","","업소명·주소 정규화 키가 기존 검증 좌표와 일치"
"1987","플랜튜드 용산","서울특별시용산구한강대로23길55(한강로3가, 아이파크몰테이스트파크 7층)","050-71390-0798","할인","REUSED","네이버 Geocoding API","확인 완료","37.5297718","126.9647415","","업소명·주소 정규화 키가 기존 검증 좌표와 일치"
"1988","포스웨이브 드론교육원","경기도포천시호국로1007309호(선단동, 대진대학교 산학협력단)","0507-1397-7000","할인","NO_RESULT","","미확인","","","","주소 검색 결과 없음"
"1989","플랜튜드 코엑스","서울특별시강남구영동대로513(삼성동)","02-551-3933","할인","REUSED","네이버 Geocoding API","확인 완료","37.5118239","127.0591591","","업소명·주소 정규화 키가 기존 검증 좌표와 일치"
"1990","롯데시티호텔 구로 씨카페","서울특별시구로구디지털로300(구로동)","02-6210-1090","할인","REUSED","네이버 Geocoding API","확인 완료","37.4849271","126.8965381","","업소명·주소 정규화 키가 기존 검증 좌표와 일치"
"1991","더카라 뷔페(서머셋호텔분당)","경기도성남시 분당구황새울로311번길36(서현동)","031-724-0822","할인","REUSED","네이버 Geocoding API","확인 완료","37.3865396","127.1212274","","업소명·주소 정규화 키가 기존 검증 좌표와 일치"
"2000","상쾌한필치과 양평점","경기도양평군양평읍시민로37- 12층 (양평읍양근리)","031-771-2822","할인","REUSED","네이버 Geocoding API","확인 완료","37.4905501","127.4957209","","업소명·주소 정규화 키가 기존 검증 좌표와 일치"
"2003","키키포차","경기도부천시 소사구양지로171번길38(옥길동)","010-5293-8902","할인","MATCHED","네이버 Geocoding API","확인 완료","37.4686153","126.8225564","경기도 부천시 소사구 양지로171번길 38","시·도, 도로명과 건물번호가 일치하는 단일 결과"
"2005","메트로치과","경기도수원시 팔달구팔달로105(화서동)","031-246-2875","할인","REUSED","네이버 Geocoding API","확인 완료","37.2781032","127.0031234","","업소명·주소 정규화 키가 기존 검증 좌표와 일치"
"2006","커피놀이터","인천광역시미추홀구한나루로353- 1(학익동, 2층)","010-8967-3531","할인","MATCHED","네이버 Geocoding API","확인 완료","37.4398034","126.6618381","인천광역시 미추홀구 한나루로 353-1","시·도, 도로명과 건물번호가 일치하는 단일 결과"
"2010","가운소곱창","서울특별시강동구상암로42(천호동, 131호)","0507-1372-6863","할인","MATCHED","네이버 Geocoding API","확인 완료","37.5495882","127.1279034","서울특별시 강동구 상암로 42 암사오피스텔","시·도, 도로명과 건물번호가 일치하는 단일 결과"
"2014","밝은눈안경(송내점)","경기도부천시 원미구상일로94번길13(상동)","032-343-3339","할인","REUSED","네이버 Geocoding API","확인 완료","37.4909495","126.7527928","","업소명·주소 정규화 키가 기존 검증 좌표와 일치"
"2015","안경박사 상동점","경기도부천시 원미구상일로86103호1층 (상동, 투원프라자)","032-323-7270","할인","NO_RESULT","","미확인","","","","주소 검색 결과 없음"
"2016","조민호의 사진여행","경기도안양시 만안구관악대로173201호(안양동)","031-388-4779","할인","NO_RESULT","","미확인","","","","주소 검색 결과 없음"
"2017","쁘띠뜨메종","경기도부천시 원미구상동로84206호(상동, 영플러스)","032-325-7143","할인","NO_RESULT","","미확인","","","","주소 검색 결과 없음"
"2018","상동시선안경원","경기도부천시 원미구조마루로83(상동)","032-321-1001","할인","REUSED","네이버 Geocoding API","확인 완료","37.5006694","126.7530575","","업소명·주소 정규화 키가 기존 검증 좌표와 일치"
"2047","그로잉(꽃집)","경기도안양시 동안구벌말로126118호1층 (관양동, 평촌오비즈타워)","0507-1480-2032","할인","NO_RESULT","","미확인","","","","주소 검색 결과 없음"
"2048","밝은눈안경(부천상동점)","경기도부천시 원미구상동로69114호1층 (상동, 새롬프라자)","032-327-9229","할인","NO_RESULT","","미확인","","","","주소 검색 결과 없음"
"2062","이브자리 안양평촌점","경기도안양시 동안구흥안대로460(평촌동)","031-421-2355","할인","REUSED","네이버 Geocoding API","확인 완료","37.3951428","126.9760831","","업소명·주소 정규화 키가 기존 검증 좌표와 일치"
"2064","맨즈헤어","경기도부천시 원미구중동로248번길86106호(중동, 현해탑프라자)","0507-1460-7947","할인","NO_RESULT","","미확인","","","","주소 검색 결과 없음"
"2065","대성안경","경기도부천시 원미구중동로262번길38(중동)","032-322-3010","할인","REUSED","네이버 Geocoding API","확인 완료","37.5026325","126.7709985","","업소명·주소 정규화 키가 기존 검증 좌표와 일치"
"2066","성신여대사진관","서울특별시성북구동소문로20나길47(동선동1가, 코아루센타시아 2층 208호)","02-927-7785","할인","REUSED","네이버 Geocoding API","확인 완료","37.5930553","127.0191525","","업소명·주소 정규화 키가 기존 검증 좌표와 일치"
"2067","레드바이크 본점","경기도안양시 동안구관양로289(관양동)","031-421-4228","면제","REUSED","네이버 Geocoding API","확인 완료","37.3977059","126.9764019","","업소명·주소 정규화 키가 기존 검증 좌표와 일치"
"2068","오로라케이크&쿠키","경기도안양시 동안구동편로1461층 (관양동)","070-7954-7024","할인","NO_RESULT","","미확인","","","","주소 검색 결과 없음"
"2070","효재헤어","경기도안양시 동안구관양로247- 9(관양동)","010-3062-7719","할인","MATCHED","네이버 Geocoding API","확인 완료","37.399913","126.9733484","경기도 안양시 동안구 관양로 247-9","시·도, 도로명과 건물번호가 일치하는 단일 결과"
"2071","김안경마트","경기도광명시오리로378(소하동)","02-899-3922","할인","REUSED","네이버 Geocoding API","확인 완료","37.4361321","126.8797228","","업소명·주소 정규화 키가 기존 검증 좌표와 일치"
"2115","닥터뷰치과(의정부역점)","경기도의정부시신흥로2192층 (의정부동, 준프라자)","031-825-2828","할인","NO_RESULT","","미확인","","","","주소 검색 결과 없음"
"2181","요거프레소 대방점","서울특별시영등포구가마산로587(신길동)","02-832-8137","할인","MATCHED","네이버 Geocoding API","확인 완료","37.5044676","126.921579","서울특별시 영등포구 가마산로 587 신화빌딩","시·도, 도로명과 건물번호가 일치하는 단일 결과"
"2182","브레드05","서울특별시영등포구여의대방로43나길4(신길동)","02-783-0043","기타","MATCHED","네이버 Geocoding API","확인 완료","37.5066273","126.9216316","서울특별시 영등포구 여의대방로43나길 4","시·도, 도로명과 건물번호가 일치하는 단일 결과"
"2183","카페보니또 영등포1호점","서울특별시영등포구여의대방로203(신길동)","02-833-3773","할인","MATCHED","네이버 Geocoding API","확인 완료","37.5053854","126.9220173","서울특별시 영등포구 여의대방로 203 일이빌딩","시·도, 도로명과 건물번호가 일치하는 단일 결과"
"2184","넥스트에너지","서울특별시동작구사당로29가길26(사당동)","02-536-0836","할인","REUSED","네이버 Geocoding API","확인 완료","37.4861586","126.9795997","","업소명·주소 정규화 키가 기존 검증 좌표와 일치"
"2185","예본안과의원","서울특별시종로구종로78(종로2가, 미려빌딩 2층)","0507-1488-0030","할인","REUSED","네이버 Geocoding API","확인 완료","37.569884","126.9860582","","업소명·주소 정규화 키가 기존 검증 좌표와 일치"
"2186","라임나무치과병원","서울특별시중구명동길43(명동1가, (신한은행빌딩 7층))","0507-1406-2879","할인","REUSED","네이버 Geocoding API","확인 완료","37.5639932","126.9847446","","업소명·주소 정규화 키가 기존 검증 좌표와 일치"
"2190","첫눈애안과의원","서울특별시강남구테헤란로332(역삼동, HJ타워 5층)","0507-1394-0160","할인","REUSED","네이버 Geocoding API","확인 완료","37.5037664","127.0481821","","업소명·주소 정규화 키가 기존 검증 좌표와 일치"
"2206","연세바른안과의원","인천광역시부평구부평문화로874층 (부평동, 로로메디칼타워)","032-504-7900","할인","NO_RESULT","","미확인","","","","주소 검색 결과 없음"
"2207","부평성모안과","인천광역시부평구경원대로13734층 (부평동)","032-528-7288","할인","NO_RESULT","","미확인","","","","주소 검색 결과 없음"
"2208","리봄한방병원","서울특별시강남구학동로50길7- 0(논현동, 2~4층)","02-546-1357","할인","REUSED","네이버 Geocoding API","확인 완료","37.5162495","127.0400911","","업소명·주소 정규화 키가 기존 검증 좌표와 일치"
"2209","푸른세상안과(인천본점)","인천광역시남동구인하로497- 5(구월동)","032-431-9999","기타","REUSED","네이버 Geocoding API","확인 완료","37.4436053","126.7015922","","업소명·주소 정규화 키가 기존 검증 좌표와 일치"
"2210","카페 1990","인천광역시미추홀구노적산로60(학익동)","032-872-8339","할인","MATCHED","네이버 Geocoding API","확인 완료","37.4407915","126.6559937","인천광역시 미추홀구 노적산로 60","시·도, 도로명과 건물번호가 일치하는 단일 결과"
"2211","해군호텔 블랙앤브라운","서울특별시영등포구가마산로538(신길동, 해군호텔 1층)","02-831-4700","할인","MATCHED","네이버 Geocoding API","확인 완료","37.503674","126.9154975","서울특별시 영등포구 가마산로 538","시·도, 도로명과 건물번호가 일치하는 단일 결과"
"2214","인천GS25(학익대박점)","인천광역시미추홀구노적산로70(학익동)","032-876-8708","할인","MATCHED","네이버 Geocoding API","확인 완료","37.4402766","126.6569612","인천광역시 미추홀구 노적산로 70 성신하이텍(주)사옥","시·도, 도로명과 건물번호가 일치하는 단일 결과"
"2221","알파안경","인천광역시남동구논고개로123번길35(논현동, 2층)","0507-1453-1654","할인","REUSED","네이버 Geocoding API","확인 완료","37.4015154","126.7220901","","업소명·주소 정규화 키가 기존 검증 좌표와 일치"
"2223","조은미래산부인과","경기도김포시김포한강8로396(구래동, 지오타워 4층)","031-992-6622","할인","REUSED","네이버 Geocoding API","확인 완료","37.6432764","126.6251107","","업소명·주소 정규화 키가 기존 검증 좌표와 일치"
"2224","계수나무집(한식)","인천광역시연수구샘말로44번길13(연수동)","032-816-6261","할인","MATCHED","네이버 Geocoding API","확인 완료","37.4129631","126.6798922","인천광역시 연수구 샘말로44번길 13","시·도, 도로명과 건물번호가 일치하는 단일 결과"
"2225","헤어스케치(옥련동)","인천광역시연수구능허대로79번길65(옥련동, 현대3차상가 2층)","032-831-8427","할인","MATCHED","네이버 Geocoding API","확인 완료","37.4265054","126.6443468","인천광역시 연수구 능허대로79번길 65 현대3차아파트","시·도, 도로명과 건물번호가 일치하는 단일 결과"
"2226","에이치플레이스","서울특별시동작구여의대방로36길10(대방동, (1층))","0507-1307-6193","할인","MATCHED","네이버 Geocoding API","확인 완료","37.5043025","126.9231009","서울특별시 동작구 여의대방로36길 10 오벌빌딩","시·도, 도로명과 건물번호가 일치하는 단일 결과"
"2227","다함압구정김밥","서울특별시영등포구여의대방로197(신길동)","02-831-7185","할인","MATCHED","네이버 Geocoding API","확인 완료","37.5046367","126.9218606","서울특별시 영등포구 여의대방로 197","시·도, 도로명과 건물번호가 일치하는 단일 결과"
"2228","미각식당","서울특별시영등포구가마산로89길3(신길동, 1층)","02-822-5822","할인","MATCHED","네이버 Geocoding API","확인 완료","37.5046657","126.9213645","서울특별시 영등포구 가마산로89길 3","시·도, 도로명과 건물번호가 일치하는 단일 결과"
"2229","문경밥상","서울특별시영등포구여의대방로47라길31(신길동)","02-842-9436","할인","MATCHED","네이버 Geocoding API","확인 완료","37.5065074","126.921855","서울특별시 영등포구 여의대방로47라길 31","시·도, 도로명과 건물번호가 일치하는 단일 결과"
"2248","청담해리슨송도병원","인천광역시연수구신송로157- 9(송도동, 3~8층)","032-832-5488","할인","REUSED","네이버 Geocoding API","확인 완료","37.3969601","126.648703","","업소명·주소 정규화 키가 기존 검증 좌표와 일치"
"2249","연세이웃치과","서울특별시강동구구천면로233501호(천호동, 한양메디스퀘어)","02-486-2827","할인","NO_RESULT","","미확인","","","","주소 검색 결과 없음"
"2273","예스안경콘택트","경기도안산시 상록구각골로55(본오동, 연지프라자 105호)","031-417-9844","할인","REUSED","네이버 Geocoding API","확인 완료","37.2945128","126.872303","","업소명·주소 정규화 키가 기존 검증 좌표와 일치"
"2275","에이블짐 마곡수명산파크점","서울특별시강서구수명로68- 277~10층 (내발산동, 웨스트엔드2차)","070-4367-2908","할인","NO_RESULT","","미확인","","","","주소 검색 결과 없음"
"2276","잠실 삼성안과","서울특별시송파구올림픽로1147층 (잠실동, 서경빌딩)","02-424-7523","할인","NO_RESULT","","미확인","","","","주소 검색 결과 없음"
"2277","더어반핏(PT, 헬스)","서울특별시강동구진황도로27길42층 (천호동)","0507-1309-9776","할인","ADDRESS_MISMATCH","","재확인 필요","","","","도로명·건물번호가 원본과 일치하지 않음"
"2278","성모진안과","서울특별시서초구강남대로3371,4,5층 (서초동)","02-577-7782","할인","NO_RESULT","","미확인","","","","주소 검색 결과 없음"
"2279","매직짐","서울특별시강동구양재대로1657- 111~2층 (명일동)","02-3426-5510","할인","NO_RESULT","","미확인","","","","주소 검색 결과 없음"
"2280","바디퓨처 퍼스널 트레이닝","서울특별시강동구고덕로353201호(암사동, 그라시움 1상가)","0507-1323-9573","할인","NO_RESULT","","미확인","","","","주소 검색 결과 없음"
"2281","서울 맥치과 강서점","서울특별시강서구양천로490301호3층 (등촌동, 가양메디타워)","02-2659-2870","할인","NO_RESULT","","미확인","","","","주소 검색 결과 없음"
"2282","버터앤츄","경기도수원시 팔달구화서문로45번길91층 (장안동)","0507-1468-7440","할인","ADDRESS_MISMATCH","","재확인 필요","","","","도로명·건물번호가 원본과 일치하지 않음"
"2283","삼성수안과","서울특별시관악구남부순환로1934201호2층 (봉천동, 낙성대빌딩)","02-887-7500","할인","NO_RESULT","","미확인","","","","주소 검색 결과 없음"
"2284","삼성밝은안과의원","서울특별시마포구양화로156303호3층 (동교동, 엘지펠리스)","","할인","NO_RESULT","","미확인","","","","주소 검색 결과 없음"
"2285","강남 현안과","서울특별시강남구강남대로2463층 (도곡동, 다림빌딩)","","할인","NO_RESULT","","미확인","","","","주소 검색 결과 없음"
"2286","태릉 밝은안과","서울특별시노원구동일로10054층 (공릉동, 대정빌딩)","02-977-8275","할인","NO_RESULT","","미확인","","","","주소 검색 결과 없음"
"2287","강남큐브안과","서울특별시강남구선릉로7036층 (논현동, H&S타워)","02-555-2080","할인","NO_RESULT","","미확인","","","","주소 검색 결과 없음"
"2288","눈에힘안과의원","서울특별시구로구시흥대로5515층 (구로동, 광희빌딩)","02-2039-9322","할인","NO_RESULT","","미확인","","","","주소 검색 결과 없음"
"2289","강남 아이원스 안과","서울특별시서초구사평대로3685층 (서초동, 듀오신논현)","02-593-3313","할인","NO_RESULT","","미확인","","","","주소 검색 결과 없음"
"2290","하이안과의원","서울특별시강남구도산대로1193층 (신사동)","02-540-5377","할인","NO_RESULT","","미확인","","","","주소 검색 결과 없음"
"2292","91커피 행궁점","경기도수원시 팔달구행궁로26번길4(남창동)","0507-1340-6983","할인","MATCHED","네이버 Geocoding API","확인 완료","37.2802071","127.0146143","경기도 수원시 팔달구 행궁로26번길 4","시·도, 도로명과 건물번호가 일치하는 단일 결과"
"2293","닥터아이씨엘안과","서울특별시강남구강남대로39020층 (역삼동, 미진프라자빌딩)","02-566-1215","할인","NO_RESULT","","미확인","","","","주소 검색 결과 없음"
"2295","아이비스","경기도안산시 상록구항가울로422(성포동, 1층)","0507-1312-7476","할인","REUSED","네이버 Geocoding API","확인 완료","37.3180329","126.8466629","","업소명·주소 정규화 키가 기존 검증 좌표와 일치"
"2297","태리주택(행궁 본점)","경기도수원시 팔달구화서문로31번길8- 12(장안동)","0507-1363-1416","할인","MATCHED","네이버 Geocoding API","확인 완료","37.285308","127.0119844","경기도 수원시 팔달구 화서문로31번길 8-12","시·도, 도로명과 건물번호가 일치하는 단일 결과"
"2299","슬림앤스트롱 강동점","서울특별시강동구고덕로38길39지하 1층 (명일동, 프라임빌딩)","0507-1380-1396","할인","REUSED","네이버 Geocoding API","확인 완료","37.5528","127.1428064","","업소명·주소 정규화 키가 기존 검증 좌표와 일치"
"2300","강남브랜드안과","서울특별시서초구강남대로5193,8,9층 (반포동, 도층빌딩)","02-2088-3845","할인","NO_RESULT","","미확인","","","","주소 검색 결과 없음"
"2301","파인드미짐 헬스PT 수유역점","서울특별시강북구한천로144길112층 (수유동)","0507-1478-5103","할인","NO_RESULT","","미확인","","","","주소 검색 결과 없음"
"2323","강남조은눈안과","서울특별시강남구테헤란로107길7층 (삼성동, 메디타워)","02-535-8001","할인","REUSED","네이버 Geocoding API","확인 완료","37.4986924","127.0287678","","업소명·주소 정규화 키가 기존 검증 좌표와 일치"
"2342","하이엔드짐 수유점","서울특별시강북구한천로지하1035지하 1층 (수유동)","0507-1417-2362","할인","NO_RESULT","","미확인","","","","주소 검색 결과 없음"
"2343","미래안과의원","서울특별시중랑구망우로353C동312호3층 (상봉동)","02-2684-3005","할인","REUSED","네이버 Geocoding API","확인 완료","37.5982973","127.0903643","","업소명·주소 정규화 키가 기존 검증 좌표와 일치"
"2344","강남스마일안과","서울특별시서초구강남대로4054층 (서초동)","02-553-0210","할인","NO_RESULT","","미확인","","","","주소 검색 결과 없음"
"2345","청담한빛안과","서울특별시강남구학동로4112층 (청담동)","02-512-2955","할인","NO_RESULT","","미확인","","","","주소 검색 결과 없음"
"2346","밝은홍안과","서울특별시은평구통일로7303층 (불광동)","02-355-8966","할인","NO_RESULT","","미확인","","","","주소 검색 결과 없음"
"2347","바디플렉스짐 가양역점","서울특별시강서구양천로4616층 (가양동)","0507-1406-0343","할인","NO_RESULT","","미확인","","","","주소 검색 결과 없음"
"2348","스포짐 양천향교역점","서울특별시강서구마곡중앙8로7길5(마곡동)","0507-1368-2057","할인","REUSED","네이버 Geocoding API","확인 완료","37.5614986","126.8380646","","업소명·주소 정규화 키가 기존 검증 좌표와 일치"
"2357","짐코사트 삼양사거리점","서울특별시강북구삼양로118길3층 (수유동)","0507-1467-8213","할인","REUSED","네이버 Geocoding API","확인 완료","37.6144331","127.0224221","","업소명·주소 정규화 키가 기존 검증 좌표와 일치"
"2358","짐코사트 수유점","서울특별시강북구수유로813층 (수유동)","0507-1308-4535","할인","NO_RESULT","","미확인","","","","주소 검색 결과 없음"
"2359","짐코사트 명일점","서울특별시강동구양재대로145길6지하 1층 (명일동)","","할인","REUSED","네이버 Geocoding API","확인 완료","37.5520227","127.143696","","업소명·주소 정규화 키가 기존 검증 좌표와 일치"
"2360","카운트피티","서울특별시강동구아리수로76길222층 (고덕동)","0507-1425-3827","할인","ADDRESS_MISMATCH","","재확인 필요","","","","도로명·건물번호가 원본과 일치하지 않음"
