"정본CSV행번호","우선순위","업소명","시도","시군구","소재지도로명주소","할인정보","적용대상","이용조건","인증방법","기존출처유형","기존출처URL","기존최근확인일","재확인기준","검증결과","새출처유형","새출처URL","새최근확인일","제안혜택상태","정본반영여부","검토메모"
"4","P1","우동명가기리야마본진","서울특별시","강남구","서울특별시 강남구강남대로84길23(역삼동, (한라클래식 지하1층))","서비스 이용료의 20% 할인","복무중인사람(현역병)","없음 | 혜택기간: 2024-11-12~","복무확인서","공공데이터","https://www.mma.go.kr/about/udgg/list.do?mc=mma0003357","2026-08-15","현재 공식 근거에서 혜택·적용대상·조건이 유지되는지 확인","미검토","","","","","아니오",""
"5","P1","투오프커피","서울특별시","강남구","서울특별시 강남구역삼로9길20(역삼동, (1층))","서비스 이용료의 20% 할인(모든 음료가 가능하나 병 음료는 제외)","동원훈련 이수자, 모범예비군, 복무중인사람","없음 | 혜택기간: 2024-04-17~2027-04-17","동원훈련이수증, 모범예비군증, 복무확인서","공공데이터","https://www.mma.go.kr/about/udgg/list.do?mc=mma0003357","2026-08-15","현재 공식 근거에서 혜택·적용대상·조건이 유지되는지 확인","미검토","","","","","아니오",""
"7","P1","가운소곱창","서울특별시","강동구","서울특별시 강동구상암로42(천호동, 131호)","서비스 이용료의 10% 할인","복무중인사람(현역병,사회복무요원,전문산업기능요원)","없음 | 혜택기간: 2024-05-10~2027-05-10","복무확인서","공공데이터","https://www.mma.go.kr/about/udgg/list.do?mc=mma0003357","2026-08-15","현재 공식 근거에서 혜택·적용대상·조건이 유지되는지 확인","미검토","","","","","아니오",""
"8","P1","송미용실","서울특별시","강북구","서울특별시 강북구인수봉로78길13(수유동)","서비스 이용료 면제","동원훈련 이수자, 모범예비군, 복무중인사람, 병역명문가","없음 | 혜택기간: 2025-04-14~2027-04-14","동원훈련이수,모범예비군,명문가증,복무확인서","공공데이터","https://www.mma.go.kr/about/udgg/list.do?mc=mma0003357","2026-08-15","현재 공식 근거에서 혜택·적용대상·조건이 유지되는지 확인","미검토","","","","","아니오",""
"9","P1","착한이발","서울특별시","강북구","서울특별시 강북구도봉로371(수유동, (지하1층))","서비스 이용료의 10% 할인","동원훈련 이수자, 모범예비군, 복무중인사람, 병역명문가","없음 | 혜택기간: 2025-04-11~","동원훈련이수,모범예비군,명문가증,복무확인서","공공데이터","https://www.mma.go.kr/about/udgg/list.do?mc=mma0003357","2026-08-15","현재 공식 근거에서 혜택·적용대상·조건이 유지되는지 확인","미검토","","","","","아니오",""
"10","P1","만미정 식당","서울특별시","강북구","서울특별시 강북구솔매로43길96(미아동)","서비스 이용료의 10% 할인 *강북구 착한가격(모범)가게기 때문에 뭐든지 잘 드실수 있습니다.","동원훈련 이수자, 모범예비군, 복무중인사람","없음 | 혜택기간: 2025-04-16~2027-04-16","동원훈련이수증,모범예비군증,복무확인서","공공데이터","https://www.mma.go.kr/about/udgg/list.do?mc=mma0003357","2026-08-15","현재 공식 근거에서 혜택·적용대상·조건이 유지되는지 확인","미검토","","","","","아니오",""
"11","P1","강서풍천민물장어","서울특별시","강서구","서울특별시 강서구양천로18길9(방화동)","서비스 이용료의 10% 할인","동원훈련 이수자, 모범예비군, 복무중인사람, 병역명문가","없음 | 혜택기간: 2025-09-25~","동원훈련이수,모범예비군,명문가증,복무확인서","공공데이터","https://www.mma.go.kr/about/udgg/list.do?mc=mma0003357","2026-08-15","현재 공식 근거에서 혜택·적용대상·조건이 유지되는지 확인","미검토","","","","","아니오",""
"12","P1","공항두루치기","서울특별시","강서구","서울특별시 강서구양천로28(방화동)","서비스 이용료의 10% 할인","동원훈련 이수자, 모범예비군, 복무중인사람, 병역명문가","없음 | 혜택기간: 2025-09-25~","동원훈련이수,모범예비군,명문가증,복무확인서","공공데이터","https://www.mma.go.kr/about/udgg/list.do?mc=mma0003357","2026-08-15","현재 공식 근거에서 혜택·적용대상·조건이 유지되는지 확인","미검토","","","","","아니오",""
"13","P1","김가네 개화산역점","서울특별시","강서구","서울특별시 강서구양천로28(방화동, (벽산에어트리움 C-8호)))","서비스 이용료의 5% 할인","동원훈련 이수자, 모범예비군, 복무중인사람, 병역명문가","없음 | 혜택기간: 2025-09-25~","동원훈련이수,모범예비군,명문가증,복무확인서","공공데이터","https://www.mma.go.kr/about/udgg/list.do?mc=mma0003357","2026-08-15","현재 공식 근거에서 혜택·적용대상·조건이 유지되는지 확인","미검토","","","","","아니오",""
"14","P1","일품사천불짬뽕","서울특별시","강서구","서울특별시 강서구양천로28(방화동, (벽산에어트리움))","서비스 이용료의 10% 할인","동원훈련 이수자, 모범예비군, 복무중인사람, 병역명문가","없음 | 혜택기간: 2025-09-08~","동원훈련이수,모범예비군,명문가증,복무확인서","공공데이터","https://www.mma.go.kr/about/udgg/list.do?mc=mma0003357","2026-08-15","현재 공식 근거에서 혜택·적용대상·조건이 유지되는지 확인","미검토","","","","","아니오",""
"15","P1","전주콩나물 해장국&지지미 방화점","서울특별시","강서구","서울특별시 강서구양천로6길28(방화동)","서비스 이용료의 10% 할인","동원훈련 이수자, 모범예비군, 복무중인사람, 병역명문가","없음 | 혜택기간: 2025-09-23~","동원훈련이수,모범예비군,명문가증,복무확인서","공공데이터","https://www.mma.go.kr/about/udgg/list.do?mc=mma0003357","2026-08-15","현재 공식 근거에서 혜택·적용대상·조건이 유지되는지 확인","미검토","","","","","아니오",""
"16","P1","칼스토랑 방화점","서울특별시","강서구","서울특별시 강서구양천로28(방화동, (b106)))","서비스 이용료의 10% 할인","동원훈련 이수자, 모범예비군, 복무중인사람, 병역명문가","없음 | 혜택기간: 2025-09-25~","동원훈련이수,모범예비군,명문가증,복무확인서","공공데이터","https://www.mma.go.kr/about/udgg/list.do?mc=mma0003357","2026-08-15","현재 공식 근거에서 혜택·적용대상·조건이 유지되는지 확인","미검토","","","","","아니오",""
"17","P1","포아이니 개화산역점","서울특별시","강서구","서울특별시 강서구양천로28(방화동, (본관동 104호))","서비스 이용료의 10% 할인","동원훈련 이수자, 모범예비군, 복무중인사람, 병역명문가","없음 | 혜택기간: 2025-09-23~","동원훈련이수, 모범예비군, 명문가증, 복무확인서","공공데이터","https://www.mma.go.kr/about/udgg/list.do?mc=mma0003357","2026-08-15","현재 공식 근거에서 혜택·적용대상·조건이 유지되는지 확인","미검토","","","","","아니오",""
"18","P1","그로우빈스","서울특별시","강서구","서울특별시 강서구양천로18길16(방화동, (1층 101호))","서비스 이용료의 10% 할인 **훈련을 마친 병사는 아메리카노 1잔 증정 (1인 1잔 한정)","동원훈련 이수자, 모범예비군, 복무중인사람, 병역명문가","없음 | 혜택기간: 2024-08-07~","동원훈련이수,모범예비군,명문가증,복무확인서","공공데이터","https://www.mma.go.kr/about/udgg/list.do?mc=mma0003357","2026-08-15","현재 공식 근거에서 혜택·적용대상·조건이 유지되는지 확인","미검토","","","","","아니오",""
"19","P1","밀알카페","서울특별시","강서구","서울특별시 강서구강서로33길16(화곡동, (1층))","모든 메뉴 한 잔 당 무조건 500원 할인","동원훈련 이수자, 모범예비군, 복무중인사람, 병역명문가","없음 | 혜택기간: 2024-08-16~","동원훈련이수,모범예비군,명문가증,복무확인서","공공데이터","https://www.mma.go.kr/about/udgg/list.do?mc=mma0003357","2026-08-15","현재 공식 근거에서 혜택·적용대상·조건이 유지되는지 확인","미검토","","","","","아니오",""
"23","P1","무한정수제돈까스","서울특별시","광진구","서울특별시 광진구군자로102(군자동, (1층))","서비스 이용료의 30% 할인","복무중인사람","없음 | 혜택기간: 2025-04-08~2027-04-08","복무확인서","공공데이터","https://www.mma.go.kr/about/udgg/list.do?mc=mma0003357","2026-08-15","현재 공식 근거에서 혜택·적용대상·조건이 유지되는지 확인","미검토","","","","","아니오",""
"24","P1","탄토탄토","서울특별시","광진구","서울특별시 광진구아차산로33길49(화양동, (2층))","평일 점심에 한하여 서비스 이용료의 20% 할인","복무중인사람","없음 | 혜택기간: 2025-02-27~","복무확인서","공공데이터","https://www.mma.go.kr/about/udgg/list.do?mc=mma0003357","2026-08-15","현재 공식 근거에서 혜택·적용대상·조건이 유지되는지 확인","미검토","","","","","아니오",""
"25","P1","보드게임카페 레드버튼 건대점","서울특별시","광진구","서울특별시 광진구동일로22길81(화양동)","서비스 이용료의 50% 할인 (평일만 사용가능)","복무중인사람","없음 | 혜택기간: 2025-05-28~","복무확인서","공공데이터","https://www.mma.go.kr/about/udgg/list.do?mc=mma0003357","2026-08-15","현재 공식 근거에서 혜택·적용대상·조건이 유지되는지 확인","미검토","","","","","아니오",""
"27","P1","국수집","서울특별시","동대문구","서울특별시 동대문구한천로14길63(장안동, (1층))","서비스 이용료의 10% 할인","동원훈련 이수자, 모범예비군","없음 | 혜택기간: 2025-04-10~2027-04-10","동원훈련이수증,모범예비군증","공공데이터","https://www.mma.go.kr/about/udgg/list.do?mc=mma0003357","2026-08-15","현재 공식 근거에서 혜택·적용대상·조건이 유지되는지 확인","미검토","","","","","아니오",""
"28","P1","돈벼락김치삼겹살 장안동본점","서울특별시","동대문구","서울특별시 동대문구장한로26길24(장안동, (1층))","서비스 이용료의 10% 할인","복무중인사람, 병역명문가","없음 | 혜택기간: 2024-08-07~","복무확인서,병역명문가증","공공데이터","https://www.mma.go.kr/about/udgg/list.do?mc=mma0003357","2026-08-15","현재 공식 근거에서 혜택·적용대상·조건이 유지되는지 확인","미검토","","","","","아니오",""
"29","P1","서울쉬퐁","서울특별시","동대문구","서울특별시 동대문구한천로63길17(이문동, (1층))","서비스 이용료의 10% 할인","동원훈련 이수자, 모범예비군, 복무중인사람, 병역명문가","없음 | 혜택기간: 2025-04-11~2027-04-11","동원훈련이수,모범예비군,명문가증,복무확인서","공공데이터","https://www.mma.go.kr/about/udgg/list.do?mc=mma0003357","2026-08-15","현재 공식 근거에서 혜택·적용대상·조건이 유지되는지 확인","미검토","","","","","아니오",""
"30","P1","자연석 돌구이 생삼겹살 한우","서울특별시","동작구","서울특별시 동작구여의대방로202(대방동, 1층)","서비스이용료(식대) 5% 할인","당해연도 동원훈련 이수자, 모범 예비군","없음 | 혜택기간: 2023-11-20~2026-11-20","동원훈련 이수증, 모범 예비군증","공공데이터","https://www.mma.go.kr/about/udgg/list.do?mc=mma0003357","2026-08-15","현재 공식 근거에서 혜택·적용대상·조건이 유지되는지 확인","미검토","","","","","아니오",""
"31","P1","한제소곱창전골 신대방삼거리역점","서울특별시","동작구","서울특별시 동작구여의대방로22길121- 0(신대방동, 상가동 1층 1444호, 1445호)","서비스이용료의 5%할인(주류제외)","동원훈련이수자,모범예비군,복무중인현역병,사회복무요원,전문산업기능요원,병역명문가","없음 | 혜택기간: 2024-02-13~","동원훈련이수증, 모범예비군증, 복무확인서 등","공공데이터","https://www.mma.go.kr/about/udgg/list.do?mc=mma0003357","2026-08-15","현재 공식 근거에서 혜택·적용대상·조건이 유지되는지 확인","미검토","","","","","아니오",""
"32","P1","에이치플레이스","서울특별시","동작구","서울특별시 동작구여의대방로36길10(대방동, (1층))","서비스 이용료(음료) 20% 할인","당해연도 동원훈련 이수자, 모범예비군, 복무중인 사람(현역병, 사회복무요원, 전문​∙산업기능요원)","없음 | 혜택기간: 2023-11-10~2026-11-10","동원훈련 이수증, 모범 예비군증, 복무 확인서","공공데이터","https://www.mma.go.kr/about/udgg/list.do?mc=mma0003357","2026-08-15","현재 공식 근거에서 혜택·적용대상·조건이 유지되는지 확인","미검토","","","","","아니오",""
"33","P1","카피바라 커피랩","서울특별시","동작구","서울특별시 동작구대방동23길36(대방동, (1층))","서비스 이용료의 20% 할인","동원훈련 이수자, 모범예비군, 복무중인사람, 병역명문가","없음 | 혜택기간: 2024-09-09~","동원훈련이수,모범예비군,명문가증,복무확인서","공공데이터","https://www.mma.go.kr/about/udgg/list.do?mc=mma0003357","2026-08-15","현재 공식 근거에서 혜택·적용대상·조건이 유지되는지 확인","미검토","","","","","아니오",""
"35","P1","연과점 하루","서울특별시","마포구","서울특별시 마포구동교로16길12(서교동, (1층))","서비스 이용료의 5% 할인","동원훈련 이수자, 모범예비군, 복무중인사람, 병역명문가","없음 | 혜택기간: 2024-12-21~","동원훈련이수,모범예비군,명문가증,복무확인서","공공데이터","https://www.mma.go.kr/about/udgg/list.do?mc=mma0003357","2026-08-15","현재 공식 근거에서 혜택·적용대상·조건이 유지되는지 확인","미검토","","","","","아니오",""
"37","P1","예가미용실","서울특별시","서초구","서울특별시 서초구남부순환로356길55(양재동, (1층))","서비스 이용료의 20% 할인 **단골고객(3년이상이용)은 입대 및 전역시 각 1회(총2회) 면제","복무중인사람","없음 | 혜택기간: 2024-09-04~","복무확인서","공공데이터","https://www.mma.go.kr/about/udgg/list.do?mc=mma0003357","2026-08-15","현재 공식 근거에서 혜택·적용대상·조건이 유지되는지 확인","미검토","","","","","아니오",""
"38","P1","옐로치킨07&바로돈까스","서울특별시","성북구","서울특별시 성북구아리랑로19길48(정릉동, (1츧))","서비스 이용료의 20% 할인","복무중인사람","없음 | 혜택기간: 2025-04-08~","복무확인서","공공데이터","https://www.mma.go.kr/about/udgg/list.do?mc=mma0003357","2026-08-15","현재 공식 근거에서 혜택·적용대상·조건이 유지되는지 확인","미검토","","","","","아니오",""
"40","P1","GTS버거 문래점","서울특별시","영등포구","서울특별시 영등포구문래로151(문래동3가)","서비스 이용료의 10% 할인 *최소주문금액 : 12,000원 **다른 할인과 중복 적용 불가","동원훈련 이수자, 모범예비군, 복무중인사람, 병역명문가","없음 | 혜택기간: 2024-12-12~","동원훈련이수,모범예비군,명문가증,복무확인서","공공데이터","https://www.mma.go.kr/about/udgg/list.do?mc=mma0003357","2026-08-15","현재 공식 근거에서 혜택·적용대상·조건이 유지되는지 확인","미검토","","","","","아니오",""
"41","P1","다함압구정김밥","서울특별시","영등포구","서울특별시 영등포구여의대방로197(신길동)","서비스 이용료의 10% 할인","당해연도 동원훈련 이수자, 모범 예비군, 복무중인 사람(현역병, 사회복무요원, 전문​∙산업기능요원)","없음 | 혜택기간: 2023-11-10~2026-11-10","동원훈련 이수증, 모범 예비군증, 복무 확인서","공공데이터","https://www.mma.go.kr/about/udgg/list.do?mc=mma0003357","2026-08-15","현재 공식 근거에서 혜택·적용대상·조건이 유지되는지 확인","미검토","","","","","아니오",""
"42","P1","문경밥상","서울특별시","영등포구","서울특별시 영등포구여의대방로47라길31(신길동)","서비스(식대)10% 할인","당해연도 동원훈련 이수자, 모범 예비군","없음 | 혜택기간: 2023-11-13~2026-11-13","동원훈련 이수증 및 모범 예비군증","공공데이터","https://www.mma.go.kr/about/udgg/list.do?mc=mma0003357","2026-08-15","현재 공식 근거에서 혜택·적용대상·조건이 유지되는지 확인","미검토","","","","","아니오",""
"43","P1","미각식당","서울특별시","영등포구","서울특별시 영등포구가마산로89길3(신길동, 1층)","서비스 이용료의 10% 할인","당해연도 동원훈련 이수자, 모범 예비군","없음 | 혜택기간: 2023-11-10~2026-11-10","동원훈련 이수증, 모범 예비군증","공공데이터","https://www.mma.go.kr/about/udgg/list.do?mc=mma0003357","2026-08-15","현재 공식 근거에서 혜택·적용대상·조건이 유지되는지 확인","미검토","","","","","아니오",""
"44","P1","마우나커피","서울특별시","영등포구","서울특별시 영등포구여의대방로43길11- 5(신길동, (1층))","서비스 이용료의 10% 할인","동원훈련 이수자, 모범예비군, 복무중인사람, 병역명문가","없음 | 혜택기간: 2024-08-19~","동원훈련이수,모범예비군,명문가증,복무확인서","공공데이터","https://www.mma.go.kr/about/udgg/list.do?mc=mma0003357","2026-08-15","현재 공식 근거에서 혜택·적용대상·조건이 유지되는지 확인","미검토","","","","","아니오",""
"45","P1","브레드05","서울특별시","영등포구","서울특별시 영등포구여의대방로43나길4(신길동)","제품 5만원 이상 구입시 사은품 제공","당해연도 동원훈련 이수자, 모범 예비군","제한없음 | 혜택기간: 2023-09-27~","동원훈련 이수증, 모범 예비군증","공공데이터","https://www.mma.go.kr/about/udgg/list.do?mc=mma0003357","2026-08-15","현재 공식 근거에서 혜택·적용대상·조건이 유지되는지 확인","미검토","","","","","아니오",""
"46","P1","요거프레소 대방점","서울특별시","영등포구","서울특별시 영등포구가마산로587(신길동)","서비스 이용료의 5% 할인","당해연도 동원훈련 이수자, 모범예비군, 복무중인사람(현역병, 사회복무요원, 전문​∙산업기능요원)","없음 | 혜택기간: 2023-10-10~","동원훈련 이수증, 모범 예비군증, 복무 확인서","공공데이터","https://www.mma.go.kr/about/udgg/list.do?mc=mma0003357","2026-08-15","현재 공식 근거에서 혜택·적용대상·조건이 유지되는지 확인","미검토","","","","","아니오",""
"47","P1","카페보니또 영등포1호점","서울특별시","영등포구","서울특별시 영등포구여의대방로203(신길동)","서비스 이용료 20% 할인","당해연도 동원훈련 이수자, 모범예비군","제한없음 | 혜택기간: 2023-09-26~2026-09-26","동원훈련 이수증, 모범 예비군증","공공데이터","https://www.mma.go.kr/about/udgg/list.do?mc=mma0003357","2026-08-15","현재 공식 근거에서 혜택·적용대상·조건이 유지되는지 확인","미검토","","","","","아니오",""
"48","P1","해군호텔 블랙앤브라운","서울특별시","영등포구","서울특별시 영등포구가마산로538(신길동, 해군호텔 1층)","서비스 이용료의 5% 할인","당해연도 동원훈련 이수자, 모범예비군","없음 | 혜택기간: 2023-11-01~2026-11-01","동원훈련 이수증, 모범 예비군증","공공데이터","https://www.mma.go.kr/about/udgg/list.do?mc=mma0003357","2026-08-15","현재 공식 근거에서 혜택·적용대상·조건이 유지되는지 확인","미검토","","","","","아니오",""
"50","P1","아노브 이태원","서울특별시","용산구","서울특별시 용산구이태원로20가길7- 5(이태원동, (1층))","서비스 이용료의 10% 할인","복무중인사람, 병역명문가","없음 | 혜택기간: 2025-06-05~","복무확인서, 병역명문가증","공공데이터","https://www.mma.go.kr/about/udgg/list.do?mc=mma0003357","2026-08-15","현재 공식 근거에서 혜택·적용대상·조건이 유지되는지 확인","미검토","","","","","아니오",""
"51","P1","피그가든","서울특별시","용산구","서울특별시 용산구한강대로270(남영동)","서비스 이용료의 10% 할인","동원훈련 이수자, 모범예비군, 복무중인사람, 병역명문가","없음 | 혜택기간: 2025-02-26~","동원훈련이수,모범예비군,명문가증,복무확인서","공공데이터","https://www.mma.go.kr/about/udgg/list.do?mc=mma0003357","2026-08-15","현재 공식 근거에서 혜택·적용대상·조건이 유지되는지 확인","미검토","","","","","아니오",""
"53","P1","디얼스 이마트은평점","서울특별시","은평구","서울특별시 은평구은평로111(응암동, (이마트 8층 디얼스 미용실))","서비스 이용료의 30% 할인 *부분시술포함 할인적용, 2명이상 동시 시술시 10% 추가할인","복무중인사람","없음 | 혜택기간: 2024-09-11~2026-09-11","복무확인서","공공데이터","https://www.mma.go.kr/about/udgg/list.do?mc=mma0003357","2026-08-15","현재 공식 근거에서 혜택·적용대상·조건이 유지되는지 확인","미검토","","","","","아니오",""
"54","P1","수헤어","서울특별시","은평구","서울특별시 은평구가좌로12길15(신사동, (은평신사 두산위브 2차 상가))","서비스 이용료의 20% 할인","동원훈련 이수자, 모범예비군, 복무중인사람, 병역명문가","없음 | 혜택기간: 2024-09-09~","동원훈련이수,모범예비군,명문가증,복무확인서","공공데이터","https://www.mma.go.kr/about/udgg/list.do?mc=mma0003357","2026-08-15","현재 공식 근거에서 혜택·적용대상·조건이 유지되는지 확인","미검토","","","","","아니오",""
"56","P1","엘룬헤어","서울특별시","은평구","서울특별시 은평구연서로29길7(갈현동, (2층))","서비스 이용료의 10% 할인","복무중인사람","없음 | 혜택기간: 2024-08-11~","복무확인서","공공데이터","https://www.mma.go.kr/about/udgg/list.do?mc=mma0003357","2026-08-15","현재 공식 근거에서 혜택·적용대상·조건이 유지되는지 확인","미검토","","","","","아니오",""
"57","P1","솔찬 장칼국수 구파발본점","서울특별시","은평구","서울특별시 은평구북한산로2(진관동, (금호어울림10단지 1028동 1층상가 102호))","서비스 이용료의 10% 할인","동원훈련 이수자, 모범예비군, 복무중인사람, 병역명문가","없음 | 혜택기간: 2024-09-19~","동원훈련이수,모범예비군,명문가증,복무확인서","공공데이터","https://www.mma.go.kr/about/udgg/list.do?mc=mma0003357","2026-08-15","현재 공식 근거에서 혜택·적용대상·조건이 유지되는지 확인","미검토","","","","","아니오",""
"58","P1","인생돈카츠 불광본점","서울특별시","은평구","서울특별시 은평구통일로65길12- 10(대조동, (1층))","서비스 이용료의 10% 할인","복무중인사람","없음 | 혜택기간: 2024-08-23~","복무확인서","공공데이터","https://www.mma.go.kr/about/udgg/list.do?mc=mma0003357","2026-08-15","현재 공식 근거에서 혜택·적용대상·조건이 유지되는지 확인","미검토","","","","","아니오",""
"59","P1","명동케이갈비","서울특별시","중구","서울특별시 중구명동3길52, 3층 (명동1가)","대상자 본인에게만 식사금액 10%할인 (주류는 할인 제외, 다른 할인 및 쿠폰과 중복 적용 불가능)","복무중인 사람","없음 | 혜택기간: 2026-07-18~2999-12-31","현역병으로 복무하고 있다는 사실을 증빙할 자료","공공데이터","https://www.mma.go.kr/about/udgg/list.do?mc=mma0003357","2026-08-15","현재 공식 근거에서 혜택·적용대상·조건이 유지되는지 확인","미검토","","","","","아니오",""
"60","P1","횃불식당","경기도","가평군","경기도 가평군가평읍용추로171번길16(가평읍승안리, 횃불식당)","서비스 이용료의 5% 할인","예비군(당해연도 병무청 주관 동원훈련 이수자 및 병무청 모범 예비군 선발자),복무중인 사람,병역명문가","제한없음 | 혜택기간: 2024-08-14~2026-12-31","당해년도 동원훈련이수증, 복무확인서, 병역명문가","공공데이터","https://www.mma.go.kr/about/udgg/list.do?mc=mma0003357","2026-08-15","현재 공식 근거에서 혜택·적용대상·조건이 유지되는지 확인","미검토","","","","","아니오",""
"61","P1","플로레카페","경기도","가평군","경기도 가평군청평면에덴벚꽃길39- 1(청평면상천리)","서비스 이용료의 10% 할인","예비군(당해연도 병무청 주관 동원훈련 이수자 및 병무청 모범 예비군 선발자),복무중인 사람,병역명문가","제한없음 | 혜택기간: 2023-11-23~","당해년도 동원훈련이수증, 복무확인서, 병역명문가","공공데이터","https://www.mma.go.kr/about/udgg/list.do?mc=mma0003357","2026-08-15","현재 공식 근거에서 혜택·적용대상·조건이 유지되는지 확인","미검토","","","","","아니오",""
"62","P1","송화","경기도","고양시","경기도 고양시 덕양구수역이길25(성사동)","서비스 이용료의 5% 할인 세부 증빙자료 : 당해연도 동원훈련이수증,모범예비군증,복무확인서,병역명문가증","예비군(당해연도 병무청 주관 동원훈련 이수자 및 병무청 모범 예비군 선발자),복무중인 사람,병역명문가","없음 | 혜택기간: 2025-09-19~","당해연도 동원훈련이수증,모범예비군증,복무확인서","공공데이터","https://www.mma.go.kr/about/udgg/list.do?mc=mma0003357","2026-08-15","현재 공식 근거에서 혜택·적용대상·조건이 유지되는지 확인","미검토","","","","","아니오",""
"63","P1","달려라행복이 달행이네 과일&음료","경기도","고양시","경기도 고양시 덕양구토당로104번길22- 191층 (토당동)","서비스 이용료의 5% 할인","예비군(당해연도 병무청 주관 동원훈련 이수자 및 병무청 모범 예비군 선발자),복무중인 사람,병역명문가","제한없음 | 혜택기간: 2024-08-14~2026-12-31","당해년도 동원훈련이수증, 복무확인서, 병역명문가","공공데이터","https://www.mma.go.kr/about/udgg/list.do?mc=mma0003357","2026-08-15","현재 공식 근거에서 혜택·적용대상·조건이 유지되는지 확인","미검토","","","","","아니오",""
"64","P1","순헤어","경기도","과천시","경기도 과천시별양로28B동1069호(원문동, 슈르상가)","서비스 이용료의 5% 할인","동원훈련이수자,모범예비군,복무중인현역병,사회복무요원,전문산업기능요원,병역명문가","없음 | 혜택기간: 2024-08-05~","동원훈련이수증,모범예비군증,복무확인서 등","공공데이터","https://www.mma.go.kr/about/udgg/list.do?mc=mma0003357","2026-08-15","현재 공식 근거에서 혜택·적용대상·조건이 유지되는지 확인","미검토","","","","","아니오",""
"65","P1","오신우헤어","경기도","과천시","경기도 과천시별양상가2로353동204호(별양동)","서비스 이용료의 5% 할인","동원훈련이수자,모범예비군,복무중인현역병,사회복무요원,전문산업기능요원,병역명문가","없음 | 혜택기간: 2024-06-14~","동원훈련이수증,모범예비군증,복무확인서 등","공공데이터","https://www.mma.go.kr/about/udgg/list.do?mc=mma0003357","2026-08-15","현재 공식 근거에서 혜택·적용대상·조건이 유지되는지 확인","미검토","","","","","아니오",""
"66","P1","자스 아일랜드","경기도","과천시","경기도 과천시별양로28B동1089호1층 (원문동, 건물후면 GS편의점 옆)","서비스 이용료의 10% 할인","동원훈련이수자,모범예비군,복무중인현역병,사회복무요원,전문산업기능요원,병역명문가","없음 | 혜택기간: 2024-09-19~","동원훈련이수증,모범예비군증,복무확인서,명문가증","공공데이터","https://www.mma.go.kr/about/udgg/list.do?mc=mma0003357","2026-08-15","현재 공식 근거에서 혜택·적용대상·조건이 유지되는지 확인","미검토","","","","","아니오",""
"67","P1","만나떡볶이","경기도","과천시","경기도 과천시별양상가2로35118호1층 (별양동)","서비스 이용료의 10% 할인","동원훈련이수자,모범예비군,복무중인현역병,사회복무요원,전문산업기능요원,병역명문가","없음 | 혜택기간: 2024-08-12~","동원훈련이수증,모범예비군증,복무확인서 등","공공데이터","https://www.mma.go.kr/about/udgg/list.do?mc=mma0003357","2026-08-15","현재 공식 근거에서 혜택·적용대상·조건이 유지되는지 확인","미검토","","","","","아니오",""
"68","P1","메종카소","경기도","과천시","경기도 과천시관문로92A동216호(중앙동)","서비스 이용료의 10% 할인","동원훈련이수자,모범예비군,복무중인현역병,사회복무요원,전문산업기능요원,병역명문가","없음 | 혜택기간: 2024-06-05~","동원훈련이수증,모범예비군증,복무확인서 등","공공데이터","https://www.mma.go.kr/about/udgg/list.do?mc=mma0003357","2026-08-15","현재 공식 근거에서 혜택·적용대상·조건이 유지되는지 확인","미검토","","","","","아니오",""
"69","P1","바른국수 둥이네","경기도","과천시","경기도 과천시별양상가로714호지하1층 (별양동, 벽산빌딩)","서비스 이용료의 5% 할인","동원훈련이수자,모범예비군,복무중인현역병,사회복무요원,전문산업기능요원,병역명문가","없음 | 혜택기간: 2024-06-12~","동원훈련이수증,모범예비군증,복무확인서 등","공공데이터","https://www.mma.go.kr/about/udgg/list.do?mc=mma0003357","2026-08-15","현재 공식 근거에서 혜택·적용대상·조건이 유지되는지 확인","미검토","","","","","아니오",""
"70","P1","스톨커피","경기도","과천시","경기도 과천시뒷골2로1(과천동)","서비스 이용료의 10% 할인","동원훈련이수자,모범예비군,복무중인현역병,사회복무요원,전문산업기능요원,병역명문가","없음 | 혜택기간: 2024-06-11~","동원훈련이수증,모범예비군증,복무확인서 등","공공데이터","https://www.mma.go.kr/about/udgg/list.do?mc=mma0003357","2026-08-15","현재 공식 근거에서 혜택·적용대상·조건이 유지되는지 확인","미검토","","","","","아니오",""
"71","P1","카페공간","경기도","과천시","경기도 과천시과천대로7길20150호B층 (갈현동, 스마트케이)","서비스 이용료의 5% 할인","동원훈련이수자,모범예비군,복무중인현역병,사회복무요원,전문산업기능요원,병역명문가","없음 | 혜택기간: 2024-09-19~","동원훈련이수증,모범예비군증,복무확인서 등","공공데이터","https://www.mma.go.kr/about/udgg/list.do?mc=mma0003357","2026-08-15","현재 공식 근거에서 혜택·적용대상·조건이 유지되는지 확인","미검토","","","","","아니오",""
"72","P1","구이대장쪽갈비 광명역점","경기도","광명시","경기도 광명시오리로169(일직동, 1층 구이대장쪽갈비 광명역점)","서비스 이용료의 10% 할인","복무중인자,모범예비군,동원훈련이수자,명문가","없음 | 혜택기간: 2025-04-02~","명문가증,복무확인서,훈련이수증,모범예비군증","공공데이터","https://www.mma.go.kr/about/udgg/list.do?mc=mma0003357","2026-08-15","현재 공식 근거에서 혜택·적용대상·조건이 유지되는지 확인","미검토","","","","","아니오",""
"73","P1","만복국수(철산점)","경기도","광명시","경기도 광명시철산로30번길9(철산동, 프라자빌딩 2층)","3,000원 할인","예비군(당해년도,모범), 복무중인 사람, 병역명문가","없음 | 혜택기간: 2024-07-31~9999-09-01","동원훈련이수증,모범예비군증,복무확인서,명문가증","공공데이터","https://www.mma.go.kr/about/udgg/list.do?mc=mma0003357","2026-08-15","현재 공식 근거에서 혜택·적용대상·조건이 유지되는지 확인","미검토","","","","","아니오",""
"74","P1","게이트호텔","경기도","파주시","파주시 광탄면 보광로 505","10%할인","파주시 관내 주둔 군 장병 및 사회복무요원","업소별 세부 조건 및 중복할인 여부는 방문 전 확인","군인 또는 사회복무요원 신분 확인자료(방문 전 업소 확인 권장)","지자체 공식 자료","https://www.paju.go.kr/user/soldier/BD_discountStoreList.do?q_ctgCd=1002","2026-08-15","현재 공식 근거에서 혜택·적용대상·조건이 유지되는지 확인","미검토","","","","","아니오",""
"75","P1","두둑한한판","경기도","파주시","파주시 광탄면 보광로 646","10%할인","파주시 관내 주둔 군 장병 및 사회복무요원","업소별 세부 조건 및 중복할인 여부는 방문 전 확인","군인 또는 사회복무요원 신분 확인자료(방문 전 업소 확인 권장)","지자체 공식 자료","https://www.paju.go.kr/user/soldier/BD_discountStoreList.do?q_ctgCd=1001","2026-08-15","현재 공식 근거에서 혜택·적용대상·조건이 유지되는지 확인","미검토","","","","","아니오",""
"76","P1","레드브릿지","경기도","파주시","파주시 광탄면 기산로 329","10%할인","파주시 관내 주둔 군 장병 및 사회복무요원","업소별 세부 조건 및 중복할인 여부는 방문 전 확인","군인 또는 사회복무요원 신분 확인자료(방문 전 업소 확인 권장)","지자체 공식 자료","https://www.paju.go.kr/user/soldier/BD_discountStoreList.do?q_ctgCd=1001","2026-08-15","현재 공식 근거에서 혜택·적용대상·조건이 유지되는지 확인","미검토","","","","","아니오",""
"77","P1","숙성사돈 파주광탄점","경기도","파주시","파주시 광탄면 큰여울길 8-1","10%이상 서비스제공","파주시 관내 주둔 군 장병 및 사회복무요원","업소별 세부 조건 및 중복할인 여부는 방문 전 확인","군인 또는 사회복무요원 신분 확인자료(방문 전 업소 확인 권장)","지자체 공식 자료","https://www.paju.go.kr/user/soldier/BD_discountStoreList.do?q_ctgCd=1001","2026-08-15","현재 공식 근거에서 혜택·적용대상·조건이 유지되는지 확인","미검토","","","","","아니오",""
"78","P1","신나는 등갈비 엔 닭발","경기도","파주시","파주시 광탄면 혜음로 1117-1 1층","5%할인","파주시 관내 주둔 군 장병 및 사회복무요원","업소별 세부 조건 및 중복할인 여부는 방문 전 확인","군인 또는 사회복무요원 신분 확인자료(방문 전 업소 확인 권장)","지자체 공식 자료","https://www.paju.go.kr/user/soldier/BD_discountStoreList.do?q_ctgCd=1001","2026-08-15","현재 공식 근거에서 혜택·적용대상·조건이 유지되는지 확인","미검토","","","","","아니오",""
"79","P1","엘리스오븐","경기도","파주시","파주시 광탄면 기산로 195 1,2층","5%할인","파주시 관내 주둔 군 장병 및 사회복무요원","업소별 세부 조건 및 중복할인 여부는 방문 전 확인","군인 또는 사회복무요원 신분 확인자료(방문 전 업소 확인 권장)","지자체 공식 자료","https://www.paju.go.kr/user/soldier/BD_discountStoreList.do?q_ctgCd=1001","2026-08-15","현재 공식 근거에서 혜택·적용대상·조건이 유지되는지 확인","미검토","","","","","아니오",""
"80","P1","장단콩두부전문점","경기도","파주시","파주시 광탄면 큰여울길 35 1층 일부","10%할인","파주시 관내 주둔 군 장병 및 사회복무요원","업소별 세부 조건 및 중복할인 여부는 방문 전 확인","군인 또는 사회복무요원 신분 확인자료(방문 전 업소 확인 권장)","지자체 공식 자료","https://www.paju.go.kr/user/soldier/BD_discountStoreList.do?q_ctgCd=1001","2026-08-15","현재 공식 근거에서 혜택·적용대상·조건이 유지되는지 확인","미검토","","","","","아니오",""
"81","P1","풍미진해장국 광탄직영점","경기도","파주시","파주시 광탄면 부흥로 30 B동 1층 전체","음료수 제공","파주시 관내 주둔 군 장병 및 사회복무요원","업소별 세부 조건 및 중복할인 여부는 방문 전 확인","군인 또는 사회복무요원 신분 확인자료(방문 전 업소 확인 권장)","지자체 공식 자료","https://www.paju.go.kr/user/soldier/BD_discountStoreList.do?q_ctgCd=1001","2026-08-15","현재 공식 근거에서 혜택·적용대상·조건이 유지되는지 확인","미검토","","","","","아니오",""
"82","P1","조아의 하루","경기도","파주시","파주시 광탄면 혜음로 1191 1~2층","10% 이상 할인 또는 그에 상응하는 서비스(업소별 상세는 사전 확인)","파주시 관내 주둔 군 장병 및 사회복무요원","업소별 세부 조건 및 중복할인 여부는 방문 전 확인","군인 또는 사회복무요원 신분 확인자료(방문 전 업소 확인 권장)","지자체 공식 자료","https://www.paju.go.kr/user/soldier/BD_discountStoreList.do?q_ctgCd=1001","2026-08-15","현재 공식 근거에서 혜택·적용대상·조건이 유지되는지 확인","미검토","","","","","아니오",""
"83","P1","카페바스","경기도","파주시","파주시 광탄면 왕수물길 4 광천목욕탕 1층 일부","20%할인","파주시 관내 주둔 군 장병 및 사회복무요원","업소별 세부 조건 및 중복할인 여부는 방문 전 확인","군인 또는 사회복무요원 신분 확인자료(방문 전 업소 확인 권장)","지자체 공식 자료","https://www.paju.go.kr/user/soldier/BD_discountStoreList.do?q_ctgCd=1001","2026-08-15","현재 공식 근거에서 혜택·적용대상·조건이 유지되는지 확인","미검토","","","","","아니오",""
"84","P1","민바리매운탕","경기도","파주시","파주시 쌀뚜기길 44-42 (문발동)","5%할인","파주시 관내 주둔 군 장병 및 사회복무요원","업소별 세부 조건 및 중복할인 여부는 방문 전 확인","군인 또는 사회복무요원 신분 확인자료(방문 전 업소 확인 권장)","지자체 공식 자료","https://www.paju.go.kr/user/soldier/BD_discountStoreList.do?q_ctgCd=1001","2026-08-15","현재 공식 근거에서 혜택·적용대상·조건이 유지되는지 확인","미검토","","","","","아니오",""
"85","P1","여명양평해장국","경기도","파주시","파주시 지목로 65 (신촌동)","10%할인","파주시 관내 주둔 군 장병 및 사회복무요원","업소별 세부 조건 및 중복할인 여부는 방문 전 확인","군인 또는 사회복무요원 신분 확인자료(방문 전 업소 확인 권장)","지자체 공식 자료","https://www.paju.go.kr/user/soldier/BD_discountStoreList.do?q_ctgCd=1001","2026-08-15","현재 공식 근거에서 혜택·적용대상·조건이 유지되는지 확인","미검토","","","","","아니오",""
"86","P1","해울한정식","경기도","파주시","파주시 지목로 65 (신촌동)","10%할인","파주시 관내 주둔 군 장병 및 사회복무요원","업소별 세부 조건 및 중복할인 여부는 방문 전 확인","군인 또는 사회복무요원 신분 확인자료(방문 전 업소 확인 권장)","지자체 공식 자료","https://www.paju.go.kr/user/soldier/BD_discountStoreList.do?q_ctgCd=1001","2026-08-15","현재 공식 근거에서 혜택·적용대상·조건이 유지되는지 확인","미검토","","","","","아니오",""
"87","P1","아레볼","경기도","파주시","파주시 소라지로 309-12 (송촌동)","10%할인","파주시 관내 주둔 군 장병 및 사회복무요원","업소별 세부 조건 및 중복할인 여부는 방문 전 확인","군인 또는 사회복무요원 신분 확인자료(방문 전 업소 확인 권장)","지자체 공식 자료","https://www.paju.go.kr/user/soldier/BD_discountStoreList.do?q_ctgCd=1001","2026-08-15","현재 공식 근거에서 혜택·적용대상·조건이 유지되는지 확인","미검토","","","","","아니오",""
"88","P1","준하헤어","경기도","군포시","경기도 군포시대야1로8102호(대야미동)","서비스 이용료의 20% 할인","동원훈련이수자,모범예비군,복무중인현역병,사회복무요원,전문산업기능요원,병역명문가","없음 | 혜택기간: 2024-07-11~","동원훈련이수증,모범예비군증,복무확인서 등","공공데이터","https://www.mma.go.kr/about/udgg/list.do?mc=mma0003357","2026-08-15","현재 공식 근거에서 혜택·적용대상·조건이 유지되는지 확인","미검토","","","","","아니오",""
"89","P1","궁안골","경기도","군포시","경기도 군포시수리산로191- 0(산본동, 해아름빌리지)","별도 우대(음료수 제공 서비스)","동원훈련이수자,모범예비군,복무중인현역병,사회복무요원,전문산업기능요원,병역명문가","없음 | 혜택기간: 2024-09-19~","동원훈련이수증,모범예비군증,복무확인서 등","공공데이터","https://www.mma.go.kr/about/udgg/list.do?mc=mma0003357","2026-08-15","현재 공식 근거에서 혜택·적용대상·조건이 유지되는지 확인","미검토","","","","","아니오",""
"90","P1","남궁가 족발","경기도","군포시","경기도 군포시대야1로22- 2(대야미동)","서비스 이용료의 5% 할인","동원훈련이수자,모범예비군,복무중인현역병,사회복무요원,전문산업기능요원,병역명문가","없음 | 혜택기간: 2024-06-05~","동원훈련이수증,모범예비군증,복무확인서 등","공공데이터","https://www.mma.go.kr/about/udgg/list.do?mc=mma0003357","2026-08-15","현재 공식 근거에서 혜택·적용대상·조건이 유지되는지 확인","미검토","","","","","아니오",""
"91","P1","선한 게장","경기도","군포시","경기도 군포시산본로431번안길3- 7(산본동)","서비스 이용료의 5%할인","동원훈련이수자,모범예비군,복무중인현역병,사회복무요원,전문산업기능요원,병역명문가","없음 | 혜택기간: 2024-09-19~","동원훈련이수증,모범예비군증,복무확인서 등","공공데이터","https://www.mma.go.kr/about/udgg/list.do?mc=mma0003357","2026-08-15","현재 공식 근거에서 혜택·적용대상·조건이 유지되는지 확인","미검토","","","","","아니오",""
"92","P1","천하수산","경기도","군포시","경기도 군포시대야1로15- 3(대야미동)","오만원 이상 결제시 멍게, 해삼 서비스 육만원 이상 결제시 멍게, 해삼 서비스 칠만원 이상 결제시 멍게, 해삼, 낙지 서비스","동원훈련이수자,모범예비군,복무중인현역병,사회복무요원,전문산업기능요원,병역명문가","없음 | 혜택기간: 2024-06-05~","동원훈련이수증,모범예비군증,복무확인서 등","공공데이터","https://www.mma.go.kr/about/udgg/list.do?mc=mma0003357","2026-08-15","현재 공식 근거에서 혜택·적용대상·조건이 유지되는지 확인","미검토","","","","","아니오",""
"93","P1","구름상상(산본점)","경기도","군포시","경기도 군포시산본천로199- 5(산본동)","서비스 이용료의 5% 할인","동원훈련이수자,모범예비군,복무중인현역병,사회복무요원,전문산업기능요원,병역명문가","없음 | 혜택기간: 2024-06-05~","동원훈련이수증,모범예비군증,복무확인서 등","공공데이터","https://www.mma.go.kr/about/udgg/list.do?mc=mma0003357","2026-08-15","현재 공식 근거에서 혜택·적용대상·조건이 유지되는지 확인","미검토","","","","","아니오",""
"94","P1","문이네 카페","경기도","군포시","경기도 군포시수리산로203번안길40103,104호(산본동)","서비스 이용료의 5% 할인","동원훈련이수자,모범예비군,복무중인현역병,사회복무요원,전문산업기능요원,병역명문가","없음 | 혜택기간: 2024-09-19~","동원훈련이수증,모범예비군증,복무확인서 등","공공데이터","https://www.mma.go.kr/about/udgg/list.do?mc=mma0003357","2026-08-15","현재 공식 근거에서 혜택·적용대상·조건이 유지되는지 확인","미검토","","","","","아니오",""
"95","P1","야미커피","경기도","군포시","경기도 군포시대야1로6번길22- 2103호(대야미동)","서비스 이용료의 10% 할인","동원훈련이수자,모범예비군,복무중인현역병,사회복무요원,전문산업기능요원,병역명문가","없음 | 혜택기간: 2024-06-05~","동원훈련이수증,모범예비군증,복무확인서 등","공공데이터","https://www.mma.go.kr/about/udgg/list.do?mc=mma0003357","2026-08-15","현재 공식 근거에서 혜택·적용대상·조건이 유지되는지 확인","미검토","","","","","아니오",""
"96","P1","카카오가든","경기도","군포시","경기도 군포시대야1로192층 (대야미동)","서비스 이용료의 10% 할인","동원훈련이수자,모범예비군,복무중인현역병,사회복무요원,전문산업기능요원,병역명문가","없음 | 혜택기간: 2024-06-11~","동원훈련이수증,모범예비군증,복무확인서 등","공공데이터","https://www.mma.go.kr/about/udgg/list.do?mc=mma0003357","2026-08-15","현재 공식 근거에서 혜택·적용대상·조건이 유지되는지 확인","미검토","","","","","아니오",""
"97","P1","금헤어","경기도","파주시","파주시 금정4길 16 (금촌동)","10%할인","파주시 관내 주둔 군 장병 및 사회복무요원","업소별 세부 조건 및 중복할인 여부는 방문 전 확인","군인 또는 사회복무요원 신분 확인자료(방문 전 업소 확인 권장)","지자체 공식 자료","https://www.paju.go.kr/user/soldier/BD_discountStoreList.do?q_ctgCd=1004","2026-08-15","현재 공식 근거에서 혜택·적용대상·조건이 유지되는지 확인","미검토","","","","","아니오",""
"98","P1","이브 헤어샵","경기도","파주시","파주시 금정14길 35 (아동동)","20%할인","파주시 관내 주둔 군 장병 및 사회복무요원","업소별 세부 조건 및 중복할인 여부는 방문 전 확인","군인 또는 사회복무요원 신분 확인자료(방문 전 업소 확인 권장)","지자체 공식 자료","https://www.paju.go.kr/user/soldier/BD_discountStoreList.do?q_ctgCd=1004","2026-08-15","현재 공식 근거에서 혜택·적용대상·조건이 유지되는지 확인","미검토","","","","","아니오",""
"99","P1","이정호 모델헤어","경기도","파주시","파주시 중앙로 318-1 (금촌동)","10%이상 할인(컷트 17000원→15000원)","파주시 관내 주둔 군 장병 및 사회복무요원","업소별 세부 조건 및 중복할인 여부는 방문 전 확인","군인 또는 사회복무요원 신분 확인자료(방문 전 업소 확인 권장)","지자체 공식 자료","https://www.paju.go.kr/user/soldier/BD_discountStoreList.do?q_ctgCd=1004","2026-08-15","현재 공식 근거에서 혜택·적용대상·조건이 유지되는지 확인","미검토","","","","","아니오",""
"100","P1","헤어그린","경기도","파주시","파주시 새꽃로 208 (아동동)","10%할인","파주시 관내 주둔 군 장병 및 사회복무요원","업소별 세부 조건 및 중복할인 여부는 방문 전 확인","군인 또는 사회복무요원 신분 확인자료(방문 전 업소 확인 권장)","지자체 공식 자료","https://www.paju.go.kr/user/soldier/BD_discountStoreList.do?q_ctgCd=1004","2026-08-15","현재 공식 근거에서 혜택·적용대상·조건이 유지되는지 확인","미검토","","","","","아니오",""
"101","P1","성심모텔","경기도","파주시","파주시 아동로 4-3 (금촌동)","10%할인","파주시 관내 주둔 군 장병 및 사회복무요원","업소별 세부 조건 및 중복할인 여부는 방문 전 확인","군인 또는 사회복무요원 신분 확인자료(방문 전 업소 확인 권장)","지자체 공식 자료","https://www.paju.go.kr/user/soldier/BD_discountStoreList.do?q_ctgCd=1002","2026-08-15","현재 공식 근거에서 혜택·적용대상·조건이 유지되는지 확인","미검토","","","","","아니오",""
"102","P1","테마모텔","경기도","파주시","파주시 중앙로 272 (금촌동)","10%할인","파주시 관내 주둔 군 장병 및 사회복무요원","업소별 세부 조건 및 중복할인 여부는 방문 전 확인","군인 또는 사회복무요원 신분 확인자료(방문 전 업소 확인 권장)","지자체 공식 자료","https://www.paju.go.kr/user/soldier/BD_discountStoreList.do?q_ctgCd=1002","2026-08-15","현재 공식 근거에서 혜택·적용대상·조건이 유지되는지 확인","미검토","","","","","아니오",""
"103","P1","덕성원","경기도","파주시","파주시 명동길 43 (금촌동)","음료수 제공 또는 5%할인","파주시 관내 주둔 군 장병 및 사회복무요원","업소별 세부 조건 및 중복할인 여부는 방문 전 확인","군인 또는 사회복무요원 신분 확인자료(방문 전 업소 확인 권장)","지자체 공식 자료","https://www.paju.go.kr/user/soldier/BD_discountStoreList.do?q_ctgCd=1001","2026-08-15","현재 공식 근거에서 혜택·적용대상·조건이 유지되는지 확인","미검토","","","","","아니오",""
"104","P1","미몽 파주금촌점","경기도","파주시","파주시 동산8길 39 (금촌동)","10%할인","파주시 관내 주둔 군 장병 및 사회복무요원","업소별 세부 조건 및 중복할인 여부는 방문 전 확인","군인 또는 사회복무요원 신분 확인자료(방문 전 업소 확인 권장)","지자체 공식 자료","https://www.paju.go.kr/user/soldier/BD_discountStoreList.do?q_ctgCd=1001","2026-08-15","현재 공식 근거에서 혜택·적용대상·조건이 유지되는지 확인","미검토","","","","","아니오",""
"105","P1","바삭옛날통닭","경기도","파주시","파주시 새꽃로 25 (금촌동) 103호","10% 이상 할인 또는 그에 상응하는 서비스(업소별 상세는 사전 확인)","파주시 관내 주둔 군 장병 및 사회복무요원","업소별 세부 조건 및 중복할인 여부는 방문 전 확인","군인 또는 사회복무요원 신분 확인자료(방문 전 업소 확인 권장)","지자체 공식 자료","https://www.paju.go.kr/user/soldier/BD_discountStoreList.do?q_ctgCd=1001","2026-08-15","현재 공식 근거에서 혜택·적용대상·조건이 유지되는지 확인","미검토","","","","","아니오",""
"106","P1","소담촌","경기도","파주시","파주시 후곡로 19 (금촌동) 3층 전부","음료수 제공","파주시 관내 주둔 군 장병 및 사회복무요원","업소별 세부 조건 및 중복할인 여부는 방문 전 확인","군인 또는 사회복무요원 신분 확인자료(방문 전 업소 확인 권장)","지자체 공식 자료","https://www.paju.go.kr/user/soldier/BD_discountStoreList.do?q_ctgCd=1001","2026-08-15","현재 공식 근거에서 혜택·적용대상·조건이 유지되는지 확인","미검토","","","","","아니오",""
"107","P1","여명 양평해장국","경기도","파주시","파주시 번영로 36 (금촌동)","10%할인","파주시 관내 주둔 군 장병 및 사회복무요원","업소별 세부 조건 및 중복할인 여부는 방문 전 확인","군인 또는 사회복무요원 신분 확인자료(방문 전 업소 확인 권장)","지자체 공식 자료","https://www.paju.go.kr/user/soldier/BD_discountStoreList.do?q_ctgCd=1001","2026-08-15","현재 공식 근거에서 혜택·적용대상·조건이 유지되는지 확인","미검토","","","","","아니오",""
"108","P1","왔다삼겹살","경기도","파주시","파주시 원앙길 26 (금촌동)","음료수 제공","파주시 관내 주둔 군 장병 및 사회복무요원","업소별 세부 조건 및 중복할인 여부는 방문 전 확인","군인 또는 사회복무요원 신분 확인자료(방문 전 업소 확인 권장)","지자체 공식 자료","https://www.paju.go.kr/user/soldier/BD_discountStoreList.do?q_ctgCd=1001","2026-08-15","현재 공식 근거에서 혜택·적용대상·조건이 유지되는지 확인","미검토","","","","","아니오",""
"109","P1","이승옥 냉 돈돼지","경기도","파주시","파주시 평화로 8 (금촌동)","10%할인","파주시 관내 주둔 군 장병 및 사회복무요원","업소별 세부 조건 및 중복할인 여부는 방문 전 확인","군인 또는 사회복무요원 신분 확인자료(방문 전 업소 확인 권장)","지자체 공식 자료","https://www.paju.go.kr/user/soldier/BD_discountStoreList.do?q_ctgCd=1001","2026-08-15","현재 공식 근거에서 혜택·적용대상·조건이 유지되는지 확인","미검토","","","","","아니오",""
"110","P1","중국성","경기도","파주시","파주시 아동로 13 (금촌동)","1000원 할인","파주시 관내 주둔 군 장병 및 사회복무요원","업소별 세부 조건 및 중복할인 여부는 방문 전 확인","군인 또는 사회복무요원 신분 확인자료(방문 전 업소 확인 권장)","지자체 공식 자료","https://www.paju.go.kr/user/soldier/BD_discountStoreList.do?q_ctgCd=1001","2026-08-15","현재 공식 근거에서 혜택·적용대상·조건이 유지되는지 확인","미검토","","","","","아니오",""
"111","P1","커피에반하다(금촌역점)","경기도","파주시","파주시 새꽃로 200 (금촌동) 1층","마카롱 제공","파주시 관내 주둔 군 장병 및 사회복무요원","업소별 세부 조건 및 중복할인 여부는 방문 전 확인","군인 또는 사회복무요원 신분 확인자료(방문 전 업소 확인 권장)","지자체 공식 자료","https://www.paju.go.kr/user/soldier/BD_discountStoreList.do?q_ctgCd=1001","2026-08-15","현재 공식 근거에서 혜택·적용대상·조건이 유지되는지 확인","미검토","","","","","아니오",""
"112","P1","미술관속 족발집","경기도","파주시","파주시 한마음1길 43 (금촌동) 2층","10%할인","파주시 관내 주둔 군 장병 및 사회복무요원","업소별 세부 조건 및 중복할인 여부는 방문 전 확인","군인 또는 사회복무요원 신분 확인자료(방문 전 업소 확인 권장)","지자체 공식 자료","https://www.paju.go.kr/user/soldier/BD_discountStoreList.do?q_ctgCd=1001","2026-08-15","현재 공식 근거에서 혜택·적용대상·조건이 유지되는지 확인","미검토","","","","","아니오",""
"113","P1","소스와 꼬꼬","경기도","파주시","파주시 한마음1길 40 (금촌동)","5%할인","파주시 관내 주둔 군 장병 및 사회복무요원","업소별 세부 조건 및 중복할인 여부는 방문 전 확인","군인 또는 사회복무요원 신분 확인자료(방문 전 업소 확인 권장)","지자체 공식 자료","https://www.paju.go.kr/user/soldier/BD_discountStoreList.do?q_ctgCd=1001","2026-08-15","현재 공식 근거에서 혜택·적용대상·조건이 유지되는지 확인","미검토","","","","","아니오",""
"114","P1","할머니가래떡볶이(금촌점)","경기도","파주시","파주시 한마음1길 9 (금촌동) 광성프라자 105호","음료수 제공","파주시 관내 주둔 군 장병 및 사회복무요원","업소별 세부 조건 및 중복할인 여부는 방문 전 확인","군인 또는 사회복무요원 신분 확인자료(방문 전 업소 확인 권장)","지자체 공식 자료","https://www.paju.go.kr/user/soldier/BD_discountStoreList.do?q_ctgCd=1001","2026-08-15","현재 공식 근거에서 혜택·적용대상·조건이 유지되는지 확인","미검토","","","","","아니오",""
"115","P1","일품양평해장국 파주검산점","경기도","파주시","파주시 평화로 330 (검산동)","10%할인","파주시 관내 주둔 군 장병 및 사회복무요원","업소별 세부 조건 및 중복할인 여부는 방문 전 확인","군인 또는 사회복무요원 신분 확인자료(방문 전 업소 확인 권장)","지자체 공식 자료","https://www.paju.go.kr/user/soldier/BD_discountStoreList.do?q_ctgCd=1001","2026-08-15","현재 공식 근거에서 혜택·적용대상·조건이 유지되는지 확인","미검토","","","","","아니오",""
"116","P1","파주새말육심","경기도","파주시","파주시 정담길 41 (아동동) 1층","10% 이상 할인 또는 그에 상응하는 서비스(업소별 상세는 사전 확인)","파주시 관내 주둔 군 장병 및 사회복무요원","업소별 세부 조건 및 중복할인 여부는 방문 전 확인","군인 또는 사회복무요원 신분 확인자료(방문 전 업소 확인 권장)","지자체 공식 자료","https://www.paju.go.kr/user/soldier/BD_discountStoreList.do?q_ctgCd=1001","2026-08-15","현재 공식 근거에서 혜택·적용대상·조건이 유지되는지 확인","미검토","","","","","아니오",""
"117","P1","수민헤어","경기도","김포시","경기도 김포시통진읍조강로98(통진읍서암리, 1층)","서비스 이용료의 약30%할인 기타우대사항: 남자컷15,000원->10,000원, 일반남자컷보다 5,000원할인","예비군(당해년도,모범), 복무중인 사람, 병역명문가","없음 | 혜택기간: 2024-09-26~","동원훈련이수증,모범예비군증,복무확인서,명문가증","공공데이터","https://www.mma.go.kr/about/udgg/list.do?mc=mma0003357","2026-08-15","현재 공식 근거에서 혜택·적용대상·조건이 유지되는지 확인","미검토","","","","","아니오",""
"118","P1","개성연출","경기도","동두천시","경기도 동두천시 정장로31-12, 1층(생연동)","커트 2,000원","군 장병","업소별 할인율·적용 품목·중복 할인 여부는 방문 전 문의","군인 신분 확인자료(방문 전 문의)","지자체 공식 자료","https://www.ddc.go.kr/ddc/contents.do?key=1570","2026-08-15","현재 공식 근거에서 혜택·적용대상·조건이 유지되는지 확인","미검토","","","","","아니오",""
"119","P1","고미나 헤어모드","경기도","동두천시","경기도 동두천시 동광로75-1(생연동)","커트 2,000원","군 장병","업소별 할인율·적용 품목·중복 할인 여부는 방문 전 문의","군인 신분 확인자료(방문 전 문의)","지자체 공식 자료","https://www.ddc.go.kr/ddc/contents.do?key=1570","2026-08-15","현재 공식 근거에서 혜택·적용대상·조건이 유지되는지 확인","미검토","","","","","아니오",""
"120","P1","김희정헤어샵","경기도","동두천시","경기도 동두천시 지행로65, 2층(지행동)","커트 10%","군 장병","업소별 할인율·적용 품목·중복 할인 여부는 방문 전 문의","군인 신분 확인자료(방문 전 문의)","지자체 공식 자료","https://www.ddc.go.kr/ddc/contents.do?key=1570","2026-08-15","현재 공식 근거에서 혜택·적용대상·조건이 유지되는지 확인","미검토","","","","","아니오",""
"121","P1","까미헤어","경기도","동두천시","경기도 동두천시 평화로2261번길 52(지행동)","커트 5,000원","군 장병","업소별 할인율·적용 품목·중복 할인 여부는 방문 전 문의","군인 신분 확인자료(방문 전 문의)","지자체 공식 자료","https://www.ddc.go.kr/ddc/contents.do?key=1570","2026-08-15","현재 공식 근거에서 혜택·적용대상·조건이 유지되는지 확인","미검토","","","","","아니오",""
"122","P1","노블헤어","경기도","동두천시","경기도 동두천시 거북마루로45, 상가동 202호(생연동)","커트 20%","군 장병","업소별 할인율·적용 품목·중복 할인 여부는 방문 전 문의","군인 신분 확인자료(방문 전 문의)","지자체 공식 자료","https://www.ddc.go.kr/ddc/contents.do?key=1570","2026-08-15","현재 공식 근거에서 혜택·적용대상·조건이 유지되는지 확인","미검토","","","","","아니오",""
"123","P1","리안헤어 동두천지행역점","경기도","동두천시","경기도 동두천시 지행로56, 205호(지행동)","커트 5,000원","군 장병","업소별 할인율·적용 품목·중복 할인 여부는 방문 전 문의","군인 신분 확인자료(방문 전 문의)","지자체 공식 자료","https://www.ddc.go.kr/ddc/contents.do?key=1570","2026-08-15","현재 공식 근거에서 혜택·적용대상·조건이 유지되는지 확인","미검토","","","","","아니오",""
"124","P1","마샹스헤어살롱","경기도","동두천시","경기도 동두천시 중앙로134-20, 202호(지행동)","커트 3,000원","군 장병","업소별 할인율·적용 품목·중복 할인 여부는 방문 전 문의","군인 신분 확인자료(방문 전 문의)","지자체 공식 자료","https://www.ddc.go.kr/ddc/contents.do?key=1570","2026-08-15","현재 공식 근거에서 혜택·적용대상·조건이 유지되는지 확인","미검토","","","","","아니오",""
"125","P1","박미라 헤어스토리","경기도","동두천시","경기도 동두천시 평화로2452-1(생연동)","커트 2,000원","군 장병","업소별 할인율·적용 품목·중복 할인 여부는 방문 전 문의","군인 신분 확인자료(방문 전 문의)","지자체 공식 자료","https://www.ddc.go.kr/ddc/contents.do?key=1570","2026-08-15","현재 공식 근거에서 혜택·적용대상·조건이 유지되는지 확인","미검토","","","","","아니오",""
"126","P1","보배헤어샵","경기도","동두천시","경기도 동두천시 중앙로286번길 21-3(생연동)","커트 1,000원","군 장병","업소별 할인율·적용 품목·중복 할인 여부는 방문 전 문의","군인 신분 확인자료(방문 전 문의)","지자체 공식 자료","https://www.ddc.go.kr/ddc/contents.do?key=1570","2026-08-15","현재 공식 근거에서 혜택·적용대상·조건이 유지되는지 확인","미검토","","","","","아니오",""
"127","P1","삐삐머리방","경기도","동두천시","경기도 동두천시 평화로2530번길 35(보산동)","커트 2,000원","군 장병","업소별 할인율·적용 품목·중복 할인 여부는 방문 전 문의","군인 신분 확인자료(방문 전 문의)","지자체 공식 자료","https://www.ddc.go.kr/ddc/contents.do?key=1570","2026-08-15","현재 공식 근거에서 혜택·적용대상·조건이 유지되는지 확인","미검토","","","","","아니오",""
"128","P1","샤론의꽃 미용아카데미","경기도","동두천시","경기도 동두천시 중앙로7번길 15(송내동)","커트 20%","군 장병","업소별 할인율·적용 품목·중복 할인 여부는 방문 전 문의","군인 신분 확인자료(방문 전 문의)","지자체 공식 자료","https://www.ddc.go.kr/ddc/contents.do?key=1570","2026-08-15","현재 공식 근거에서 혜택·적용대상·조건이 유지되는지 확인","미검토","","","","","아니오",""
"129","P1","세아떼바버샵","경기도","동두천시","경기도 동두천시 이담로89, 상가동 106호(지행동)","카드 5%, 현금 10%","군 장병","업소별 할인율·적용 품목·중복 할인 여부는 방문 전 문의","군인 신분 확인자료(방문 전 문의)","지자체 공식 자료","https://www.ddc.go.kr/ddc/contents.do?key=1570","2026-08-15","현재 공식 근거에서 혜택·적용대상·조건이 유지되는지 확인","미검토","","","","","아니오",""
"130","P1","신성순 헤어아트","경기도","동두천시","경기도 동두천시 중앙로278, 2층(생연동)","커트 3,000원","군 장병","업소별 할인율·적용 품목·중복 할인 여부는 방문 전 문의","군인 신분 확인자료(방문 전 문의)","지자체 공식 자료","https://www.ddc.go.kr/ddc/contents.do?key=1570","2026-08-15","현재 공식 근거에서 혜택·적용대상·조건이 유지되는지 확인","미검토","","","","","아니오",""
"131","P1","신지미헤어라인","경기도","동두천시","경기도 동두천시 광암로33번길 13-10(광암동)","커트 1,000원","군 장병","업소별 할인율·적용 품목·중복 할인 여부는 방문 전 문의","군인 신분 확인자료(방문 전 문의)","지자체 공식 자료","https://www.ddc.go.kr/ddc/contents.do?key=1570","2026-08-15","현재 공식 근거에서 혜택·적용대상·조건이 유지되는지 확인","미검토","","","","","아니오",""
"132","P1","안다미로","경기도","동두천시","경기도 동두천시 지행로107번길 13(지행동)","커트 4,000원","군 장병","업소별 할인율·적용 품목·중복 할인 여부는 방문 전 문의","군인 신분 확인자료(방문 전 문의)","지자체 공식 자료","https://www.ddc.go.kr/ddc/contents.do?key=1570","2026-08-15","현재 공식 근거에서 혜택·적용대상·조건이 유지되는지 확인","미검토","","","","","아니오",""
"133","P1","에이치H헤어","경기도","동두천시","경기도 동두천시 중앙로134-26, 1층 105호(지행동)","10%","군 장병","업소별 할인율·적용 품목·중복 할인 여부는 방문 전 문의","군인 신분 확인자료(방문 전 문의)","지자체 공식 자료","https://www.ddc.go.kr/ddc/contents.do?key=1570","2026-08-15","현재 공식 근거에서 혜택·적용대상·조건이 유지되는지 확인","미검토","","","","","아니오",""
"134","P1","이선희헤어샵","경기도","동두천시","경기도 동두천시 삼육사로896, 1층(생연동)","커트 20%","군 장병","업소별 할인율·적용 품목·중복 할인 여부는 방문 전 문의","군인 신분 확인자료(방문 전 문의)","지자체 공식 자료","https://www.ddc.go.kr/ddc/contents.do?key=1570","2026-08-15","현재 공식 근거에서 혜택·적용대상·조건이 유지되는지 확인","미검토","","","","","아니오",""
"135","P1","이지현미용실","경기도","동두천시","경기도 동두천시 중앙로295번길 26(생연동)","커트 2,000원","군 장병","업소별 할인율·적용 품목·중복 할인 여부는 방문 전 문의","군인 신분 확인자료(방문 전 문의)","지자체 공식 자료","https://www.ddc.go.kr/ddc/contents.do?key=1570","2026-08-15","현재 공식 근거에서 혜택·적용대상·조건이 유지되는지 확인","미검토","","","","","아니오",""
"136","P1","인헤어","경기도","동두천시","경기도 동두천시 삼육사로902, 2동 104호(생연동)","커트 2,000원","군 장병","업소별 할인율·적용 품목·중복 할인 여부는 방문 전 문의","군인 신분 확인자료(방문 전 문의)","지자체 공식 자료","https://www.ddc.go.kr/ddc/contents.do?key=1570","2026-08-15","현재 공식 근거에서 혜택·적용대상·조건이 유지되는지 확인","미검토","","","","","아니오",""
"137","P1","잔디이발관","경기도","동두천시","경기도 동두천시 중앙로369(보산동)","커트 3,000원","군 장병","업소별 할인율·적용 품목·중복 할인 여부는 방문 전 문의","군인 신분 확인자료(방문 전 문의)","지자체 공식 자료","https://www.ddc.go.kr/ddc/contents.do?key=1570","2026-08-15","현재 공식 근거에서 혜택·적용대상·조건이 유지되는지 확인","미검토","","","","","아니오",""
"138","P1","쟝스헤어","경기도","동두천시","경기도 동두천시 평화로2915(상봉암동)","커트 1,000원","군 장병","업소별 할인율·적용 품목·중복 할인 여부는 방문 전 문의","군인 신분 확인자료(방문 전 문의)","지자체 공식 자료","https://www.ddc.go.kr/ddc/contents.do?key=1570","2026-08-15","현재 공식 근거에서 혜택·적용대상·조건이 유지되는지 확인","미검토","","","","","아니오",""
"139","P1","정헤어샾","경기도","동두천시","경기도 동두천시 동광로83-1(생연동)","커트 1,000원","군 장병","업소별 할인율·적용 품목·중복 할인 여부는 방문 전 문의","군인 신분 확인자료(방문 전 문의)","지자체 공식 자료","https://www.ddc.go.kr/ddc/contents.do?key=1570","2026-08-15","현재 공식 근거에서 혜택·적용대상·조건이 유지되는지 확인","미검토","","","","","아니오",""
"140","P1","제이제이 남성컷트전문","경기도","동두천시","경기도 동두천시 평화로2530번길 30(보산동)","커트 2,000원","군 장병","업소별 할인율·적용 품목·중복 할인 여부는 방문 전 문의","군인 신분 확인자료(방문 전 문의)","지자체 공식 자료","https://www.ddc.go.kr/ddc/contents.do?key=1570","2026-08-15","현재 공식 근거에서 혜택·적용대상·조건이 유지되는지 확인","미검토","","","","","아니오",""
"141","P1","젠틀맨","경기도","동두천시","경기도 동두천시 중앙로362번길 8(생연동)","커트 2,000원","군 장병","업소별 할인율·적용 품목·중복 할인 여부는 방문 전 문의","군인 신분 확인자료(방문 전 문의)","지자체 공식 자료","https://www.ddc.go.kr/ddc/contents.do?key=1570","2026-08-15","현재 공식 근거에서 혜택·적용대상·조건이 유지되는지 확인","미검토","","","","","아니오",""
"142","P1","차희에스 머리사랑","경기도","동두천시","경기도 동두천시 행선로98(생연동)","커트 10,000원","군 장병","업소별 할인율·적용 품목·중복 할인 여부는 방문 전 문의","군인 신분 확인자료(방문 전 문의)","지자체 공식 자료","https://www.ddc.go.kr/ddc/contents.do?key=1570","2026-08-15","현재 공식 근거에서 혜택·적용대상·조건이 유지되는지 확인","미검토","","","","","아니오",""
"143","P1","최재실 원헤어","경기도","동두천시","경기도 동두천시 평화로2397번길 17, 2층(생연동)","커트 5,000원","군 장병","업소별 할인율·적용 품목·중복 할인 여부는 방문 전 문의","군인 신분 확인자료(방문 전 문의)","지자체 공식 자료","https://www.ddc.go.kr/ddc/contents.do?key=1570","2026-08-15","현재 공식 근거에서 혜택·적용대상·조건이 유지되는지 확인","미검토","","","","","아니오",""
"144","P1","추은옥머리쟁이","경기도","동두천시","경기도 동두천시 행선로102(생연동)","20%","군 장병","업소별 할인율·적용 품목·중복 할인 여부는 방문 전 문의","군인 신분 확인자료(방문 전 문의)","지자체 공식 자료","https://www.ddc.go.kr/ddc/contents.do?key=1570","2026-08-15","현재 공식 근거에서 혜택·적용대상·조건이 유지되는지 확인","미검토","","","","","아니오",""
"145","P1","쿨헤어샵","경기도","동두천시","경기도 동두천시 중앙로311(생연동)","커트 2,000원","군 장병","업소별 할인율·적용 품목·중복 할인 여부는 방문 전 문의","군인 신분 확인자료(방문 전 문의)","지자체 공식 자료","https://www.ddc.go.kr/ddc/contents.do?key=1570","2026-08-15","현재 공식 근거에서 혜택·적용대상·조건이 유지되는지 확인","미검토","","","","","아니오",""
"146","P1","하니머리나라","경기도","동두천시","경기도 동두천시 삼육사로1002번길 97(지행동)","커트 1,000원","군 장병","업소별 할인율·적용 품목·중복 할인 여부는 방문 전 문의","군인 신분 확인자료(방문 전 문의)","지자체 공식 자료","https://www.ddc.go.kr/ddc/contents.do?key=1570","2026-08-15","현재 공식 근거에서 혜택·적용대상·조건이 유지되는지 확인","미검토","","","","","아니오",""
"147","P1","헤어고","경기도","동두천시","경기도 동두천시 중앙로230-1, 1층(생연동)","커트 20%","군 장병","업소별 할인율·적용 품목·중복 할인 여부는 방문 전 문의","군인 신분 확인자료(방문 전 문의)","지자체 공식 자료","https://www.ddc.go.kr/ddc/contents.do?key=1570","2026-08-15","현재 공식 근거에서 혜택·적용대상·조건이 유지되는지 확인","미검토","","","","","아니오",""
"148","P1","헤어바이 미정","경기도","동두천시","경기도 동두천시 중앙로265번길 8(생연동)","커트 2,000원","군 장병","업소별 할인율·적용 품목·중복 할인 여부는 방문 전 문의","군인 신분 확인자료(방문 전 문의)","지자체 공식 자료","https://www.ddc.go.kr/ddc/contents.do?key=1570","2026-08-15","현재 공식 근거에서 혜택·적용대상·조건이 유지되는지 확인","미검토","","","","","아니오",""
"149","P1","헤어뱅크","경기도","동두천시","경기도 동두천시 중앙로297, 1층 104호(생연동)","커트 2,000원","군 장병","업소별 할인율·적용 품목·중복 할인 여부는 방문 전 문의","군인 신분 확인자료(방문 전 문의)","지자체 공식 자료","https://www.ddc.go.kr/ddc/contents.do?key=1570","2026-08-15","현재 공식 근거에서 혜택·적용대상·조건이 유지되는지 확인","미검토","","","","","아니오",""
"150","P1","헤어카페","경기도","동두천시","경기도 동두천시 행선로110번길 9, 상가동 102호(생연동)","커트 10%","군 장병","업소별 할인율·적용 품목·중복 할인 여부는 방문 전 문의","군인 신분 확인자료(방문 전 문의)","지자체 공식 자료","https://www.ddc.go.kr/ddc/contents.do?key=1570","2026-08-15","현재 공식 근거에서 혜택·적용대상·조건이 유지되는지 확인","미검토","","","","","아니오",""
"151","P1","그린파크모텔","경기도","동두천시","경기도 동두천시 어수로91-10(생연동)","10%","군 장병","업소별 할인율·적용 품목·중복 할인 여부는 방문 전 문의","군인 신분 확인자료(방문 전 문의)","지자체 공식 자료","https://www.ddc.go.kr/ddc/contents.do?key=1570","2026-08-15","현재 공식 근거에서 혜택·적용대상·조건이 유지되는지 확인","미검토","","","","","아니오",""
"152","P1","제이(J)모텔","경기도","동두천시","경기도 동두천시 동두천로247-13(생연동)","10%","군 장병","업소별 할인율·적용 품목·중복 할인 여부는 방문 전 문의","군인 신분 확인자료(방문 전 문의)","지자체 공식 자료","https://www.ddc.go.kr/ddc/contents.do?key=1570","2026-08-15","현재 공식 근거에서 혜택·적용대상·조건이 유지되는지 확인","미검토","","","","","아니오",""
"153","P1","강스시","경기도","동두천시","경기도 동두천시 어수로83번길 38, 1층(생연동)","메뉴당 1,000원","군 장병","업소별 할인율·적용 품목·중복 할인 여부는 방문 전 문의","군인 신분 확인자료(방문 전 문의)","지자체 공식 자료","https://www.ddc.go.kr/ddc/contents.do?key=1570","2026-08-15","현재 공식 근거에서 혜택·적용대상·조건이 유지되는지 확인","미검토","","","","","아니오",""
"154","P1","거북이삼겹살","경기도","동두천시","경기도 동두천시 생연로175, 1층(생연동)","5%","군 장병","업소별 할인율·적용 품목·중복 할인 여부는 방문 전 문의","군인 신분 확인자료(방문 전 문의)","지자체 공식 자료","https://www.ddc.go.kr/ddc/contents.do?key=1570","2026-08-15","현재 공식 근거에서 혜택·적용대상·조건이 유지되는지 확인","미검토","","","","","아니오",""
"155","P1","고기싸롱","경기도","동두천시","경기도 동두천시 평화로2313번길 7-26(지행동)","5%","군 장병","업소별 할인율·적용 품목·중복 할인 여부는 방문 전 문의","군인 신분 확인자료(방문 전 문의)","지자체 공식 자료","https://www.ddc.go.kr/ddc/contents.do?key=1570","2026-08-15","현재 공식 근거에서 혜택·적용대상·조건이 유지되는지 확인","미검토","","","","","아니오",""
"156","P1","고봉민김밥 지행역점","경기도","동두천시","경기도 동두천시 중앙로126, 107호(지행동)","10%","군 장병","업소별 할인율·적용 품목·중복 할인 여부는 방문 전 문의","군인 신분 확인자료(방문 전 문의)","지자체 공식 자료","https://www.ddc.go.kr/ddc/contents.do?key=1570","2026-08-15","현재 공식 근거에서 혜택·적용대상·조건이 유지되는지 확인","미검토","","","","","아니오",""
"157","P1","그집순대국","경기도","동두천시","경기도 동두천시 장고갯로157, 제1동(생연동)","5%","군 장병","업소별 할인율·적용 품목·중복 할인 여부는 방문 전 문의","군인 신분 확인자료(방문 전 문의)","지자체 공식 자료","https://www.ddc.go.kr/ddc/contents.do?key=1570","2026-08-15","현재 공식 근거에서 혜택·적용대상·조건이 유지되는지 확인","미검토","","","","","아니오",""
"158","P1","깐부치킨 동두천지행역점","경기도","동두천시","경기도 동두천시 중앙로134-20, 1층(지행동)","5% (포장·방문)","군 장병","업소별 할인율·적용 품목·중복 할인 여부는 방문 전 문의","군인 신분 확인자료(방문 전 문의)","지자체 공식 자료","https://www.ddc.go.kr/ddc/contents.do?key=1570","2026-08-15","현재 공식 근거에서 혜택·적용대상·조건이 유지되는지 확인","미검토","","","","","아니오",""
"159","P1","넓은공간","경기도","동두천시","경기도 동두천시 평화로2910번길 82(상봉암동)","5%","군 장병","업소별 할인율·적용 품목·중복 할인 여부는 방문 전 문의","군인 신분 확인자료(방문 전 문의)","지자체 공식 자료","https://www.ddc.go.kr/ddc/contents.do?key=1570","2026-08-15","현재 공식 근거에서 혜택·적용대상·조건이 유지되는지 확인","미검토","","","","","아니오",""
"160","P1","다복식당","경기도","동두천시","경기도 동두천시 생연로177(생연동)","5%","군 장병","업소별 할인율·적용 품목·중복 할인 여부는 방문 전 문의","군인 신분 확인자료(방문 전 문의)","지자체 공식 자료","https://www.ddc.go.kr/ddc/contents.do?key=1570","2026-08-15","현재 공식 근거에서 혜택·적용대상·조건이 유지되는지 확인","미검토","","","","","아니오",""
"161","P1","다원","경기도","동두천시","경기도 동두천시 어수로102번길 6(생연동)","10%","군 장병","업소별 할인율·적용 품목·중복 할인 여부는 방문 전 문의","군인 신분 확인자료(방문 전 문의)","지자체 공식 자료","https://www.ddc.go.kr/ddc/contents.do?key=1570","2026-08-15","현재 공식 근거에서 혜택·적용대상·조건이 유지되는지 확인","미검토","","","","","아니오",""
"162","P1","대왕미가","경기도","동두천시","경기도 동두천시 삼육사로1009(생연동)","5%","군 장병","업소별 할인율·적용 품목·중복 할인 여부는 방문 전 문의","군인 신분 확인자료(방문 전 문의)","지자체 공식 자료","https://www.ddc.go.kr/ddc/contents.do?key=1570","2026-08-15","현재 공식 근거에서 혜택·적용대상·조건이 유지되는지 확인","미검토","","","","","아니오",""
"163","P1","대호숯불갈비","경기도","동두천시","경기도 동두천시 중앙로265번길 19(생연동)","10%","군 장병","업소별 할인율·적용 품목·중복 할인 여부는 방문 전 문의","군인 신분 확인자료(방문 전 문의)","지자체 공식 자료","https://www.ddc.go.kr/ddc/contents.do?key=1570","2026-08-15","현재 공식 근거에서 혜택·적용대상·조건이 유지되는지 확인","미검토","","","","","아니오",""
"164","P1","동태한그릇","경기도","동두천시","경기도 동두천시 생연로155(생연동)","10%","군 장병","업소별 할인율·적용 품목·중복 할인 여부는 방문 전 문의","군인 신분 확인자료(방문 전 문의)","지자체 공식 자료","https://www.ddc.go.kr/ddc/contents.do?key=1570","2026-08-15","현재 공식 근거에서 혜택·적용대상·조건이 유지되는지 확인","미검토","","","","","아니오",""
"165","P1","소요산명품한우식당","경기도","동두천시","경기도 동두천시 평화로2910번길 1(상봉암동)","5% 및 음료 서비스","군 장병","업소별 할인율·적용 품목·중복 할인 여부는 방문 전 문의","군인 신분 확인자료(방문 전 문의)","지자체 공식 자료","https://www.ddc.go.kr/ddc/contents.do?key=1570","2026-08-15","현재 공식 근거에서 혜택·적용대상·조건이 유지되는지 확인","미검토","","","","","아니오",""
"166","P1","슈퍼크리스피 동두천지행점","경기도","동두천시","경기도 동두천시 중앙로132, 105호(지행동)","10%","군 장병","업소별 할인율·적용 품목·중복 할인 여부는 방문 전 문의","군인 신분 확인자료(방문 전 문의)","지자체 공식 자료","https://www.ddc.go.kr/ddc/contents.do?key=1570","2026-08-15","현재 공식 근거에서 혜택·적용대상·조건이 유지되는지 확인","미검토","","","","","아니오",""
"167","P1","쌍둥이족발","경기도","동두천시","경기도 동두천시 생연로122, 1층(생연동)","10% (포장·방문)","군 장병","업소별 할인율·적용 품목·중복 할인 여부는 방문 전 문의","군인 신분 확인자료(방문 전 문의)","지자체 공식 자료","https://www.ddc.go.kr/ddc/contents.do?key=1570","2026-08-15","현재 공식 근거에서 혜택·적용대상·조건이 유지되는지 확인","미검토","","","","","아니오",""
"168","P1","압구정 화로구이","경기도","동두천시","경기도 동두천시 지행로52, 108~110호(지행동)","5%","군 장병","업소별 할인율·적용 품목·중복 할인 여부는 방문 전 문의","군인 신분 확인자료(방문 전 문의)","지자체 공식 자료","https://www.ddc.go.kr/ddc/contents.do?key=1570","2026-08-15","현재 공식 근거에서 혜택·적용대상·조건이 유지되는지 확인","미검토","","","","","아니오",""
"169","P1","어멍생고기","경기도","동두천시","경기도 동두천시 동두천로119, 1층(지행동)","음료·된장찌개 서비스","군 장병","업소별 할인율·적용 품목·중복 할인 여부는 방문 전 문의","군인 신분 확인자료(방문 전 문의)","지자체 공식 자료","https://www.ddc.go.kr/ddc/contents.do?key=1570","2026-08-15","현재 공식 근거에서 혜택·적용대상·조건이 유지되는지 확인","미검토","","","","","아니오",""
"170","P1","요리하는경더기","경기도","동두천시","경기도 동두천시 중앙로134-20, 3층(지행동)","10%","군 장병","업소별 할인율·적용 품목·중복 할인 여부는 방문 전 문의","군인 신분 확인자료(방문 전 문의)","지자체 공식 자료","https://www.ddc.go.kr/ddc/contents.do?key=1570","2026-08-15","현재 공식 근거에서 혜택·적용대상·조건이 유지되는지 확인","미검토","","","","","아니오",""
"171","P1","우막산순대국","경기도","동두천시","경기도 동두천시 평화로2261번길 22(지행동)","10%","군 장병","업소별 할인율·적용 품목·중복 할인 여부는 방문 전 문의","군인 신분 확인자료(방문 전 문의)","지자체 공식 자료","https://www.ddc.go.kr/ddc/contents.do?key=1570","2026-08-15","현재 공식 근거에서 혜택·적용대상·조건이 유지되는지 확인","미검토","","","","","아니오",""
"172","P1","유경장작구이","경기도","동두천시","경기도 동두천시 평화로2910번길 10(상봉암동)","5%","군 장병","업소별 할인율·적용 품목·중복 할인 여부는 방문 전 문의","군인 신분 확인자료(방문 전 문의)","지자체 공식 자료","https://www.ddc.go.kr/ddc/contents.do?key=1570","2026-08-15","현재 공식 근거에서 혜택·적용대상·조건이 유지되는지 확인","미검토","","","","","아니오",""
"173","P1","육꼬집","경기도","동두천시","경기도 동두천시 중앙로110-9, 106~108호(지행동)","5%","군 장병","업소별 할인율·적용 품목·중복 할인 여부는 방문 전 문의","군인 신분 확인자료(방문 전 문의)","지자체 공식 자료","https://www.ddc.go.kr/ddc/contents.do?key=1570","2026-08-15","현재 공식 근거에서 혜택·적용대상·조건이 유지되는지 확인","미검토","","","","","아니오",""
"174","P1","으뜸코다리냉면","경기도","동두천시","경기도 동두천시 생연로170-2, 1층(생연동)","10%","군 장병","업소별 할인율·적용 품목·중복 할인 여부는 방문 전 문의","군인 신분 확인자료(방문 전 문의)","지자체 공식 자료","https://www.ddc.go.kr/ddc/contents.do?key=1570","2026-08-15","현재 공식 근거에서 혜택·적용대상·조건이 유지되는지 확인","미검토","","","","","아니오",""
"175","P1","일미담","경기도","동두천시","경기도 동두천시 동광로73, 1층(생연동)","5%","군 장병","업소별 할인율·적용 품목·중복 할인 여부는 방문 전 문의","군인 신분 확인자료(방문 전 문의)","지자체 공식 자료","https://www.ddc.go.kr/ddc/contents.do?key=1570","2026-08-15","현재 공식 근거에서 혜택·적용대상·조건이 유지되는지 확인","미검토","","","","","아니오",""
"176","P1","장단콩터","경기도","동두천시","경기도 동두천시 생연로119-1, 1층(생연동)","10%","군 장병","업소별 할인율·적용 품목·중복 할인 여부는 방문 전 문의","군인 신분 확인자료(방문 전 문의)","지자체 공식 자료","https://www.ddc.go.kr/ddc/contents.do?key=1570","2026-08-15","현재 공식 근거에서 혜택·적용대상·조건이 유지되는지 확인","미검토","","","","","아니오",""
"177","P1","좋은날식당","경기도","동두천시","경기도 동두천시 중앙로265번길 23(생연동)","15%","군 장병","업소별 할인율·적용 품목·중복 할인 여부는 방문 전 문의","군인 신분 확인자료(방문 전 문의)","지자체 공식 자료","https://www.ddc.go.kr/ddc/contents.do?key=1570","2026-08-15","현재 공식 근거에서 혜택·적용대상·조건이 유지되는지 확인","미검토","","","","","아니오",""
"178","P1","처가집(부대찌개)","경기도","동두천시","경기도 동두천시 어수로91-3(생연동)","10%","군 장병","업소별 할인율·적용 품목·중복 할인 여부는 방문 전 문의","군인 신분 확인자료(방문 전 문의)","지자체 공식 자료","https://www.ddc.go.kr/ddc/contents.do?key=1570","2026-08-15","현재 공식 근거에서 혜택·적용대상·조건이 유지되는지 확인","미검토","","","","","아니오",""
"179","P1","초코파이","경기도","동두천시","경기도 동두천시 큰시장로 42(생연동)","10%(포장·방문)","군 장병","업소별 할인율·적용 품목·중복 할인 여부는 방문 전 문의","군인 신분 확인자료(방문 전 문의)","지자체 공식 자료","https://www.ddc.go.kr/ddc/contents.do?key=1570","2026-08-15","현재 공식 근거에서 혜택·적용대상·조건이 유지되는지 확인","미검토","","","","","아니오",""
"180","P1","촌가","경기도","동두천시","경기도 동두천시 중앙로273번길 30, 1층(생연동)","10%","군 장병","업소별 할인율·적용 품목·중복 할인 여부는 방문 전 문의","군인 신분 확인자료(방문 전 문의)","지자체 공식 자료","https://www.ddc.go.kr/ddc/contents.do?key=1570","2026-08-15","현재 공식 근거에서 혜택·적용대상·조건이 유지되는지 확인","미검토","","","","","아니오",""
"181","P1","통큰부대찌개","경기도","동두천시","경기도 동두천시 생연로39-60(지행동)","10%","군 장병","업소별 할인율·적용 품목·중복 할인 여부는 방문 전 문의","군인 신분 확인자료(방문 전 문의)","지자체 공식 자료","https://www.ddc.go.kr/ddc/contents.do?key=1570","2026-08-15","현재 공식 근거에서 혜택·적용대상·조건이 유지되는지 확인","미검토","","","","","아니오",""
"182","P1","특허받은 마늘콩짜장","경기도","동두천시","경기도 동두천시 평화로 2351(생연동)","10%","군 장병","업소별 할인율·적용 품목·중복 할인 여부는 방문 전 문의","군인 신분 확인자료(방문 전 문의)","지자체 공식 자료","https://www.ddc.go.kr/ddc/contents.do?key=1570","2026-08-15","현재 공식 근거에서 혜택·적용대상·조건이 유지되는지 확인","미검토","","","","","아니오",""
"183","P1","팔각도 동두천지행점","경기도","동두천시","경기도 동두천시 중앙로116, 1층(지행동)","10%","군 장병","업소별 할인율·적용 품목·중복 할인 여부는 방문 전 문의","군인 신분 확인자료(방문 전 문의)","지자체 공식 자료","https://www.ddc.go.kr/ddc/contents.do?key=1570","2026-08-15","현재 공식 근거에서 혜택·적용대상·조건이 유지되는지 확인","미검토","","","","","아니오",""
"184","P1","페리카나역전점","경기도","동두천시","경기도 동두천시 생연로120(생연동)","10% (포장·방문)","군 장병","업소별 할인율·적용 품목·중복 할인 여부는 방문 전 문의","군인 신분 확인자료(방문 전 문의)","지자체 공식 자료","https://www.ddc.go.kr/ddc/contents.do?key=1570","2026-08-15","현재 공식 근거에서 혜택·적용대상·조건이 유지되는지 확인","미검토","","","","","아니오",""
"185","P1","페리카나 터미널점","경기도","동두천시","경기도 동두천시 중앙로265번길 15(생연동)","10% (포장·방문)","군 장병","업소별 할인율·적용 품목·중복 할인 여부는 방문 전 문의","군인 신분 확인자료(방문 전 문의)","지자체 공식 자료","https://www.ddc.go.kr/ddc/contents.do?key=1570","2026-08-15","현재 공식 근거에서 혜택·적용대상·조건이 유지되는지 확인","미검토","","","","","아니오",""
"186","P1","황주생고기","경기도","동두천시","경기도 동두천시 생연로142(생연동)","3%","군 장병","업소별 할인율·적용 품목·중복 할인 여부는 방문 전 문의","군인 신분 확인자료(방문 전 문의)","지자체 공식 자료","https://www.ddc.go.kr/ddc/contents.do?key=1570","2026-08-15","현재 공식 근거에서 혜택·적용대상·조건이 유지되는지 확인","미검토","","","","","아니오",""
"187","P1","롯데리아 동두천점","경기도","동두천시","경기도 동두천시 중앙로270(생연동)","10%","군 장병","업소별 할인율·적용 품목·중복 할인 여부는 방문 전 문의","군인 신분 확인자료(방문 전 문의)","지자체 공식 자료","https://www.ddc.go.kr/ddc/contents.do?key=1570","2026-08-15","현재 공식 근거에서 혜택·적용대상·조건이 유지되는지 확인","미검토","","","","","아니오",""
"188","P1","빨간풍차제과점","경기도","동두천시","경기도 동두천시 동광로78번길 4(생연동)","5%","군 장병","업소별 할인율·적용 품목·중복 할인 여부는 방문 전 문의","군인 신분 확인자료(방문 전 문의)","지자체 공식 자료","https://www.ddc.go.kr/ddc/contents.do?key=1570","2026-08-15","현재 공식 근거에서 혜택·적용대상·조건이 유지되는지 확인","미검토","","","","","아니오",""
"189","P1","뿌리깊은나무","경기도","동두천시","경기도 동두천시 안흥로78, 3·4동(안흥동)","10%","군 장병","업소별 할인율·적용 품목·중복 할인 여부는 방문 전 문의","군인 신분 확인자료(방문 전 문의)","지자체 공식 자료","https://www.ddc.go.kr/ddc/contents.do?key=1570","2026-08-15","현재 공식 근거에서 혜택·적용대상·조건이 유지되는지 확인","미검토","","","","","아니오",""
"190","P1","청년다방","경기도","동두천시","경기도 동두천시 평화로2261번길 9-6(지행동)","5%","군 장병","업소별 할인율·적용 품목·중복 할인 여부는 방문 전 문의","군인 신분 확인자료(방문 전 문의)","지자체 공식 자료","https://www.ddc.go.kr/ddc/contents.do?key=1570","2026-08-15","현재 공식 근거에서 혜택·적용대상·조건이 유지되는지 확인","미검토","","","","","아니오",""
"191","P1","커피&유","경기도","동두천시","경기도 동두천시 정장로17번길 20, 1층(생연동)","10%","군 장병","업소별 할인율·적용 품목·중복 할인 여부는 방문 전 문의","군인 신분 확인자료(방문 전 문의)","지자체 공식 자료","https://www.ddc.go.kr/ddc/contents.do?key=1570","2026-08-15","현재 공식 근거에서 혜택·적용대상·조건이 유지되는지 확인","미검토","","","","","아니오",""
"192","P1","나포리미용실","경기도","파주시","파주시 문산읍 문향로56번길 19","20%할인","파주시 관내 주둔 군 장병 및 사회복무요원","업소별 세부 조건 및 중복할인 여부는 방문 전 확인","군인 또는 사회복무요원 신분 확인자료(방문 전 업소 확인 권장)","지자체 공식 자료","https://www.paju.go.kr/user/soldier/BD_discountStoreList.do?q_ctgCd=1004","2026-08-15","현재 공식 근거에서 혜택·적용대상·조건이 유지되는지 확인","미검토","","","","","아니오",""
"193","P1","라헬헤어","경기도","파주시","파주시 문산읍 문향로75번길 19-12 1층 일부","15%할인","파주시 관내 주둔 군 장병 및 사회복무요원","업소별 세부 조건 및 중복할인 여부는 방문 전 확인","군인 또는 사회복무요원 신분 확인자료(방문 전 업소 확인 권장)","지자체 공식 자료","https://www.paju.go.kr/user/soldier/BD_discountStoreList.do?q_ctgCd=1004","2026-08-15","현재 공식 근거에서 혜택·적용대상·조건이 유지되는지 확인","미검토","","","","","아니오",""
"194","P1","박준 뷰티랩","경기도","파주시","파주시 문산읍 방촌로 1719","10%할인","파주시 관내 주둔 군 장병 및 사회복무요원","업소별 세부 조건 및 중복할인 여부는 방문 전 확인","군인 또는 사회복무요원 신분 확인자료(방문 전 업소 확인 권장)","지자체 공식 자료","https://www.paju.go.kr/user/soldier/BD_discountStoreList.do?q_ctgCd=1004","2026-08-15","현재 공식 근거에서 혜택·적용대상·조건이 유지되는지 확인","미검토","","","","","아니오",""
"195","P1","샴푸의요정","경기도","파주시","파주시 문산읍 문향로 60-1","10%할인","파주시 관내 주둔 군 장병 및 사회복무요원","업소별 세부 조건 및 중복할인 여부는 방문 전 확인","군인 또는 사회복무요원 신분 확인자료(방문 전 업소 확인 권장)","지자체 공식 자료","https://www.paju.go.kr/user/soldier/BD_discountStoreList.do?q_ctgCd=1004","2026-08-15","현재 공식 근거에서 혜택·적용대상·조건이 유지되는지 확인","미검토","","","","","아니오",""
"196","P1","씨케이미용실(CK 헤어)","경기도","파주시","파주시 문산읍 당동2로 11-5","20%할인","파주시 관내 주둔 군 장병 및 사회복무요원","업소별 세부 조건 및 중복할인 여부는 방문 전 확인","군인 또는 사회복무요원 신분 확인자료(방문 전 업소 확인 권장)","지자체 공식 자료","https://www.paju.go.kr/user/soldier/BD_discountStoreList.do?q_ctgCd=1004","2026-08-15","현재 공식 근거에서 혜택·적용대상·조건이 유지되는지 확인","미검토","","","","","아니오",""
"197","P1","에이바헤어 문산당동점","경기도","파주시","파주시 문산읍 방촌로 1719-62","10%할인","파주시 관내 주둔 군 장병 및 사회복무요원","업소별 세부 조건 및 중복할인 여부는 방문 전 확인","군인 또는 사회복무요원 신분 확인자료(방문 전 업소 확인 권장)","지자체 공식 자료","https://www.paju.go.kr/user/soldier/BD_discountStoreList.do?q_ctgCd=1004","2026-08-15","현재 공식 근거에서 혜택·적용대상·조건이 유지되는지 확인","미검토","","","","","아니오",""
"198","P1","헤어갤러리","경기도","파주시","파주시 문산읍 문산로26번길 2","20%할인","파주시 관내 주둔 군 장병 및 사회복무요원","업소별 세부 조건 및 중복할인 여부는 방문 전 확인","군인 또는 사회복무요원 신분 확인자료(방문 전 업소 확인 권장)","지자체 공식 자료","https://www.paju.go.kr/user/soldier/BD_discountStoreList.do?q_ctgCd=1004","2026-08-15","현재 공식 근거에서 혜택·적용대상·조건이 유지되는지 확인","미검토","","","","","아니오",""
"199","P1","M 모텔","경기도","파주시","파주시 문산읍 문향로 87-1","10%할인","파주시 관내 주둔 군 장병 및 사회복무요원","업소별 세부 조건 및 중복할인 여부는 방문 전 확인","군인 또는 사회복무요원 신분 확인자료(방문 전 업소 확인 권장)","지자체 공식 자료","https://www.paju.go.kr/user/soldier/BD_discountStoreList.do?q_ctgCd=1002","2026-08-15","현재 공식 근거에서 혜택·적용대상·조건이 유지되는지 확인","미검토","","","","","아니오",""
"200","P1","로얄모텔","경기도","파주시","파주시 문산읍 문향로49번길 20","20%할인","파주시 관내 주둔 군 장병 및 사회복무요원","업소별 세부 조건 및 중복할인 여부는 방문 전 확인","군인 또는 사회복무요원 신분 확인자료(방문 전 업소 확인 권장)","지자체 공식 자료","https://www.paju.go.kr/user/soldier/BD_discountStoreList.do?q_ctgCd=1002","2026-08-15","현재 공식 근거에서 혜택·적용대상·조건이 유지되는지 확인","미검토","","","","","아니오",""
"201","P1","모텔청화","경기도","파주시","파주시 문산읍 문향로 69-15","25%할인","파주시 관내 주둔 군 장병 및 사회복무요원","업소별 세부 조건 및 중복할인 여부는 방문 전 확인","군인 또는 사회복무요원 신분 확인자료(방문 전 업소 확인 권장)","지자체 공식 자료","https://www.paju.go.kr/user/soldier/BD_discountStoreList.do?q_ctgCd=1002","2026-08-15","현재 공식 근거에서 혜택·적용대상·조건이 유지되는지 확인","미검토","","","","","아니오",""
"202","P1","59쌀피자","경기도","파주시","파주시 문산읍 문향로68번길 8 1층","음료수500ml 제공+주문 시 사이즈 업","파주시 관내 주둔 군 장병 및 사회복무요원","업소별 세부 조건 및 중복할인 여부는 방문 전 확인","군인 또는 사회복무요원 신분 확인자료(방문 전 업소 확인 권장)","지자체 공식 자료","https://www.paju.go.kr/user/soldier/BD_discountStoreList.do?q_ctgCd=1001","2026-08-15","현재 공식 근거에서 혜택·적용대상·조건이 유지되는지 확인","미검토","","","","","아니오",""
"203","P1","갈비도둑","경기도","파주시","파주시 문산읍 문향로39번길 8","고기주문시 음료+공기밥+주류 서비스","파주시 관내 주둔 군 장병 및 사회복무요원","업소별 세부 조건 및 중복할인 여부는 방문 전 확인","군인 또는 사회복무요원 신분 확인자료(방문 전 업소 확인 권장)","지자체 공식 자료","https://www.paju.go.kr/user/soldier/BD_discountStoreList.do?q_ctgCd=1001","2026-08-15","현재 공식 근거에서 혜택·적용대상·조건이 유지되는지 확인","미검토","","","","","아니오",""
"204","P1","누구나홀딱반한닭 문산당동점","경기도","파주시","파주시 문산읍 당동2로 11-5","5~10%할인","파주시 관내 주둔 군 장병 및 사회복무요원","업소별 세부 조건 및 중복할인 여부는 방문 전 확인","군인 또는 사회복무요원 신분 확인자료(방문 전 업소 확인 권장)","지자체 공식 자료","https://www.paju.go.kr/user/soldier/BD_discountStoreList.do?q_ctgCd=1001","2026-08-15","현재 공식 근거에서 혜택·적용대상·조건이 유지되는지 확인","미검토","","","","","아니오",""
"205","P1","두근두근","경기도","파주시","파주시 문산읍 당동2로 11-1","10%할인","파주시 관내 주둔 군 장병 및 사회복무요원","업소별 세부 조건 및 중복할인 여부는 방문 전 확인","군인 또는 사회복무요원 신분 확인자료(방문 전 업소 확인 권장)","지자체 공식 자료","https://www.paju.go.kr/user/soldier/BD_discountStoreList.do?q_ctgCd=1001","2026-08-15","현재 공식 근거에서 혜택·적용대상·조건이 유지되는지 확인","미검토","","","","","아니오",""
"206","P1","또봉이통닭(문산점)","경기도","파주시","파주시 문산읍 봉미로 19","음료수 제공","파주시 관내 주둔 군 장병 및 사회복무요원","업소별 세부 조건 및 중복할인 여부는 방문 전 확인","군인 또는 사회복무요원 신분 확인자료(방문 전 업소 확인 권장)","지자체 공식 자료","https://www.paju.go.kr/user/soldier/BD_discountStoreList.do?q_ctgCd=1001","2026-08-15","현재 공식 근거에서 혜택·적용대상·조건이 유지되는지 확인","미검토","","","","","아니오",""
"207","P1","말랭이비빔국수","경기도","파주시","파주시 문산읍 방촌로 1463","음료수 제공","파주시 관내 주둔 군 장병 및 사회복무요원","업소별 세부 조건 및 중복할인 여부는 방문 전 확인","군인 또는 사회복무요원 신분 확인자료(방문 전 업소 확인 권장)","지자체 공식 자료","https://www.paju.go.kr/user/soldier/BD_discountStoreList.do?q_ctgCd=1001","2026-08-15","현재 공식 근거에서 혜택·적용대상·조건이 유지되는지 확인","미검토","","","","","아니오",""
"208","P1","바른생고기정육점 소풍정육식당","경기도","파주시","파주시 문산읍 문향로 12 1~2층","테이블당 5000원 할인+계란찜+찌개 제공","파주시 관내 주둔 군 장병 및 사회복무요원","업소별 세부 조건 및 중복할인 여부는 방문 전 확인","군인 또는 사회복무요원 신분 확인자료(방문 전 업소 확인 권장)","지자체 공식 자료","https://www.paju.go.kr/user/soldier/BD_discountStoreList.do?q_ctgCd=1001","2026-08-15","현재 공식 근거에서 혜택·적용대상·조건이 유지되는지 확인","미검토","","","","","아니오",""
"209","P1","박여사미락감자탕","경기도","파주시","파주시 문산읍 봉미로 9","음료수제공(또는 라면사리+공기밥 제공)","파주시 관내 주둔 군 장병 및 사회복무요원","업소별 세부 조건 및 중복할인 여부는 방문 전 확인","군인 또는 사회복무요원 신분 확인자료(방문 전 업소 확인 권장)","지자체 공식 자료","https://www.paju.go.kr/user/soldier/BD_discountStoreList.do?q_ctgCd=1001","2026-08-15","현재 공식 근거에서 혜택·적용대상·조건이 유지되는지 확인","미검토","","","","","아니오",""
"210","P1","밥꼬 문산점","경기도","파주시","파주시 문산읍 문향로67번길 15 1층","소주 무제한","파주시 관내 주둔 군 장병 및 사회복무요원","업소별 세부 조건 및 중복할인 여부는 방문 전 확인","군인 또는 사회복무요원 신분 확인자료(방문 전 업소 확인 권장)","지자체 공식 자료","https://www.paju.go.kr/user/soldier/BD_discountStoreList.do?q_ctgCd=1001","2026-08-15","현재 공식 근거에서 혜택·적용대상·조건이 유지되는지 확인","미검토","","","","","아니오",""
"211","P1","별하(BYULHA)","경기도","파주시","파주시 문산읍 방촌로 1744 (파주힐스테이트1차) 에이상가동 지하1층 104호","5%할인","파주시 관내 주둔 군 장병 및 사회복무요원","업소별 세부 조건 및 중복할인 여부는 방문 전 확인","군인 또는 사회복무요원 신분 확인자료(방문 전 업소 확인 권장)","지자체 공식 자료","https://www.paju.go.kr/user/soldier/BD_discountStoreList.do?q_ctgCd=1001","2026-08-15","현재 공식 근거에서 혜택·적용대상·조건이 유지되는지 확인","미검토","","","","","아니오",""
"212","P1","북촌손만두 파주문산점","경기도","파주시","파주시 문산읍 우계로 424 1층 110호","20000원 이상 2000원 할인+20000원 이하 1000원 할인","파주시 관내 주둔 군 장병 및 사회복무요원","업소별 세부 조건 및 중복할인 여부는 방문 전 확인","군인 또는 사회복무요원 신분 확인자료(방문 전 업소 확인 권장)","지자체 공식 자료","https://www.paju.go.kr/user/soldier/BD_discountStoreList.do?q_ctgCd=1001","2026-08-15","현재 공식 근거에서 혜택·적용대상·조건이 유지되는지 확인","미검토","","","","","아니오",""
"213","P1","삼겹살에 소주한잔","경기도","파주시","파주시 문산읍 문향로84번길 2 2층","1인분당 1000원 할인","파주시 관내 주둔 군 장병 및 사회복무요원","업소별 세부 조건 및 중복할인 여부는 방문 전 확인","군인 또는 사회복무요원 신분 확인자료(방문 전 업소 확인 권장)","지자체 공식 자료","https://www.paju.go.kr/user/soldier/BD_discountStoreList.do?q_ctgCd=1001","2026-08-15","현재 공식 근거에서 혜택·적용대상·조건이 유지되는지 확인","미검토","","","","","아니오",""
"214","P1","삼산회관 파주문산점","경기도","파주시","파주시 문산읍 문향로 71","10% 할인","파주시 관내 주둔 군 장병 및 사회복무요원","업소별 세부 조건 및 중복할인 여부는 방문 전 확인","군인 또는 사회복무요원 신분 확인자료(방문 전 업소 확인 권장)","지자체 공식 자료","https://www.paju.go.kr/user/soldier/BD_discountStoreList.do?q_ctgCd=1001","2026-08-15","현재 공식 근거에서 혜택·적용대상·조건이 유지되는지 확인","미검토","","","","","아니오",""
"215","P1","상원각","경기도","파주시","파주시 문산읍 문향로 35","5%할인","파주시 관내 주둔 군 장병 및 사회복무요원","업소별 세부 조건 및 중복할인 여부는 방문 전 확인","군인 또는 사회복무요원 신분 확인자료(방문 전 업소 확인 권장)","지자체 공식 자료","https://www.paju.go.kr/user/soldier/BD_discountStoreList.do?q_ctgCd=1001","2026-08-15","현재 공식 근거에서 혜택·적용대상·조건이 유지되는지 확인","미검토","","","","","아니오",""
"216","P1","숯불에닭 문산점","경기도","파주시","파주시 문산읍 문산로40번길 41 상가 118호, 119호","사이드 메뉴 서비스","파주시 관내 주둔 군 장병 및 사회복무요원","업소별 세부 조건 및 중복할인 여부는 방문 전 확인","군인 또는 사회복무요원 신분 확인자료(방문 전 업소 확인 권장)","지자체 공식 자료","https://www.paju.go.kr/user/soldier/BD_discountStoreList.do?q_ctgCd=1001","2026-08-15","현재 공식 근거에서 혜택·적용대상·조건이 유지되는지 확인","미검토","","","","","아니오",""
"217","P1","쑝쑝돈까스 문산점","경기도","파주시","파주시 문산읍 문향로67번길 10 1층","공기밥 제공","파주시 관내 주둔 군 장병 및 사회복무요원","업소별 세부 조건 및 중복할인 여부는 방문 전 확인","군인 또는 사회복무요원 신분 확인자료(방문 전 업소 확인 권장)","지자체 공식 자료","https://www.paju.go.kr/user/soldier/BD_discountStoreList.do?q_ctgCd=1001","2026-08-15","현재 공식 근거에서 혜택·적용대상·조건이 유지되는지 확인","미검토","","","","","아니오",""
"218","P1","아리비스트로","경기도","파주시","파주시 문산읍 당동1로 53-5","10% 할인","파주시 관내 주둔 군 장병 및 사회복무요원","업소별 세부 조건 및 중복할인 여부는 방문 전 확인","군인 또는 사회복무요원 신분 확인자료(방문 전 업소 확인 권장)","지자체 공식 자료","https://www.paju.go.kr/user/soldier/BD_discountStoreList.do?q_ctgCd=1001","2026-08-15","현재 공식 근거에서 혜택·적용대상·조건이 유지되는지 확인","미검토","","","","","아니오",""
"219","P1","아서원","경기도","파주시","파주시 문산읍 문향로49번길 20","음료수+공기밥 제공","파주시 관내 주둔 군 장병 및 사회복무요원","업소별 세부 조건 및 중복할인 여부는 방문 전 확인","군인 또는 사회복무요원 신분 확인자료(방문 전 업소 확인 권장)","지자체 공식 자료","https://www.paju.go.kr/user/soldier/BD_discountStoreList.do?q_ctgCd=1001","2026-08-15","현재 공식 근거에서 혜택·적용대상·조건이 유지되는지 확인","미검토","","","","","아니오",""
"220","P1","육해공떠오르는집","경기도","파주시","파주시 문산읍 문향로84번길 7-1","10% 할인","파주시 관내 주둔 군 장병 및 사회복무요원","업소별 세부 조건 및 중복할인 여부는 방문 전 확인","군인 또는 사회복무요원 신분 확인자료(방문 전 업소 확인 권장)","지자체 공식 자료","https://www.paju.go.kr/user/soldier/BD_discountStoreList.do?q_ctgCd=1001","2026-08-15","현재 공식 근거에서 혜택·적용대상·조건이 유지되는지 확인","미검토","","","","","아니오",""
"221","P1","임진강나루","경기도","파주시","파주시 문산읍 반구정로 53-51","10%할인","파주시 관내 주둔 군 장병 및 사회복무요원","업소별 세부 조건 및 중복할인 여부는 방문 전 확인","군인 또는 사회복무요원 신분 확인자료(방문 전 업소 확인 권장)","지자체 공식 자료","https://www.paju.go.kr/user/soldier/BD_discountStoreList.do?q_ctgCd=1001","2026-08-15","현재 공식 근거에서 혜택·적용대상·조건이 유지되는지 확인","미검토","","","","","아니오",""
"222","P1","장단가든","경기도","파주시","파주시 문산읍 임진나루길 133-12","5%할인","파주시 관내 주둔 군 장병 및 사회복무요원","업소별 세부 조건 및 중복할인 여부는 방문 전 확인","군인 또는 사회복무요원 신분 확인자료(방문 전 업소 확인 권장)","지자체 공식 자료","https://www.paju.go.kr/user/soldier/BD_discountStoreList.do?q_ctgCd=1001","2026-08-15","현재 공식 근거에서 혜택·적용대상·조건이 유지되는지 확인","미검토","","","","","아니오",""
"223","P1","장단콩전문점","경기도","파주시","파주시 문산읍 문향로 59 1층 일부","10%할인","파주시 관내 주둔 군 장병 및 사회복무요원","업소별 세부 조건 및 중복할인 여부는 방문 전 확인","군인 또는 사회복무요원 신분 확인자료(방문 전 업소 확인 권장)","지자체 공식 자료","https://www.paju.go.kr/user/soldier/BD_discountStoreList.do?q_ctgCd=1001","2026-08-15","현재 공식 근거에서 혜택·적용대상·조건이 유지되는지 확인","미검토","","","","","아니오",""
"224","P1","(주)반구정나루터집","경기도","파주시","파주시 문산읍 반구정로85번길 13","10%할인","파주시 관내 주둔 군 장병 및 사회복무요원","업소별 세부 조건 및 중복할인 여부는 방문 전 확인","군인 또는 사회복무요원 신분 확인자료(방문 전 업소 확인 권장)","지자체 공식 자료","https://www.paju.go.kr/user/soldier/BD_discountStoreList.do?q_ctgCd=1001","2026-08-15","현재 공식 근거에서 혜택·적용대상·조건이 유지되는지 확인","미검토","","","","","아니오",""
"225","P1","천하곱창","경기도","파주시","파주시 문산읍 문향로 81","10%할인","파주시 관내 주둔 군 장병 및 사회복무요원","업소별 세부 조건 및 중복할인 여부는 방문 전 확인","군인 또는 사회복무요원 신분 확인자료(방문 전 업소 확인 권장)","지자체 공식 자료","https://www.paju.go.kr/user/soldier/BD_discountStoreList.do?q_ctgCd=1001","2026-08-15","현재 공식 근거에서 혜택·적용대상·조건이 유지되는지 확인","미검토","","","","","아니오",""
"226","P1","한성회관","경기도","파주시","파주시 문산읍 당동1로 44 1층","3인 이상시 소주 3000원","파주시 관내 주둔 군 장병 및 사회복무요원","업소별 세부 조건 및 중복할인 여부는 방문 전 확인","군인 또는 사회복무요원 신분 확인자료(방문 전 업소 확인 권장)","지자체 공식 자료","https://www.paju.go.kr/user/soldier/BD_discountStoreList.do?q_ctgCd=1001","2026-08-15","현재 공식 근거에서 혜택·적용대상·조건이 유지되는지 확인","미검토","","","","","아니오",""
"227","P1","커피베이스","경기도","파주시","파주시 문산읍 독산로 48","10%할인","파주시 관내 주둔 군 장병 및 사회복무요원","업소별 세부 조건 및 중복할인 여부는 방문 전 확인","군인 또는 사회복무요원 신분 확인자료(방문 전 업소 확인 권장)","지자체 공식 자료","https://www.paju.go.kr/user/soldier/BD_discountStoreList.do?q_ctgCd=1001","2026-08-15","현재 공식 근거에서 혜택·적용대상·조건이 유지되는지 확인","미검토","","","","","아니오",""
"228","P1","한반도카페 플라츠(platz)907","경기도","파주시","파주시 문산읍 마정로 174 1층 일부","커피류 10%할인","파주시 관내 주둔 군 장병 및 사회복무요원","업소별 세부 조건 및 중복할인 여부는 방문 전 확인","군인 또는 사회복무요원 신분 확인자료(방문 전 업소 확인 권장)","지자체 공식 자료","https://www.paju.go.kr/user/soldier/BD_discountStoreList.do?q_ctgCd=1001","2026-08-15","현재 공식 근거에서 혜택·적용대상·조건이 유지되는지 확인","미검토","","","","","아니오",""
"229","P1","느낌헤어","경기도","파주시","파주시 법원읍 사임당로 851 1층","10% 할인","파주시 관내 주둔 군 장병 및 사회복무요원","업소별 세부 조건 및 중복할인 여부는 방문 전 확인","군인 또는 사회복무요원 신분 확인자료(방문 전 업소 확인 권장)","지자체 공식 자료","https://www.paju.go.kr/user/soldier/BD_discountStoreList.do?q_ctgCd=1004","2026-08-15","현재 공식 근거에서 혜택·적용대상·조건이 유지되는지 확인","미검토","","","","","아니오",""
"230","P1","더벅머리","경기도","파주시","파주시 법원읍 사임당로 864 1층","10% 할인","파주시 관내 주둔 군 장병 및 사회복무요원","업소별 세부 조건 및 중복할인 여부는 방문 전 확인","군인 또는 사회복무요원 신분 확인자료(방문 전 업소 확인 권장)","지자체 공식 자료","https://www.paju.go.kr/user/soldier/BD_discountStoreList.do?q_ctgCd=1004","2026-08-15","현재 공식 근거에서 혜택·적용대상·조건이 유지되는지 확인","미검토","","","","","아니오",""
"231","P1","미미미용실","경기도","파주시","파주시 법원읍 술이홀로 869 1층","10% 할인","파주시 관내 주둔 군 장병 및 사회복무요원","업소별 세부 조건 및 중복할인 여부는 방문 전 확인","군인 또는 사회복무요원 신분 확인자료(방문 전 업소 확인 권장)","지자체 공식 자료","https://www.paju.go.kr/user/soldier/BD_discountStoreList.do?q_ctgCd=1004","2026-08-15","현재 공식 근거에서 혜택·적용대상·조건이 유지되는지 확인","미검토","","","","","아니오",""
"232","P1","백합미용실","경기도","파주시","파주시 법원읍 사임당로 815 1층","10% 할인","파주시 관내 주둔 군 장병 및 사회복무요원","업소별 세부 조건 및 중복할인 여부는 방문 전 확인","군인 또는 사회복무요원 신분 확인자료(방문 전 업소 확인 권장)","지자체 공식 자료","https://www.paju.go.kr/user/soldier/BD_discountStoreList.do?q_ctgCd=1004","2026-08-15","현재 공식 근거에서 혜택·적용대상·조건이 유지되는지 확인","미검토","","","","","아니오",""
"233","P1","솔리드헤어","경기도","파주시","파주시 법원읍 사임당로 832-2 1층","10% 할인","파주시 관내 주둔 군 장병 및 사회복무요원","업소별 세부 조건 및 중복할인 여부는 방문 전 확인","군인 또는 사회복무요원 신분 확인자료(방문 전 업소 확인 권장)","지자체 공식 자료","https://www.paju.go.kr/user/soldier/BD_discountStoreList.do?q_ctgCd=1004","2026-08-15","현재 공식 근거에서 혜택·적용대상·조건이 유지되는지 확인","미검토","","","","","아니오",""
"234","P1","신디헤어","경기도","파주시","파주시 법원읍 사임당로 850-2 1층","10% 할인","파주시 관내 주둔 군 장병 및 사회복무요원","업소별 세부 조건 및 중복할인 여부는 방문 전 확인","군인 또는 사회복무요원 신분 확인자료(방문 전 업소 확인 권장)","지자체 공식 자료","https://www.paju.go.kr/user/soldier/BD_discountStoreList.do?q_ctgCd=1004","2026-08-15","현재 공식 근거에서 혜택·적용대상·조건이 유지되는지 확인","미검토","","","","","아니오",""
"235","P1","엣지머리방","경기도","파주시","파주시 법원읍 사임당로 836-1 1층","10% 할인","파주시 관내 주둔 군 장병 및 사회복무요원","업소별 세부 조건 및 중복할인 여부는 방문 전 확인","군인 또는 사회복무요원 신분 확인자료(방문 전 업소 확인 권장)","지자체 공식 자료","https://www.paju.go.kr/user/soldier/BD_discountStoreList.do?q_ctgCd=1004","2026-08-15","현재 공식 근거에서 혜택·적용대상·조건이 유지되는지 확인","미검토","","","","","아니오",""
"236","P1","이혜숙헤어","경기도","파주시","파주시 법원읍 사임당로 839 1층","10% 할인","파주시 관내 주둔 군 장병 및 사회복무요원","업소별 세부 조건 및 중복할인 여부는 방문 전 확인","군인 또는 사회복무요원 신분 확인자료(방문 전 업소 확인 권장)","지자체 공식 자료","https://www.paju.go.kr/user/soldier/BD_discountStoreList.do?q_ctgCd=1004","2026-08-15","현재 공식 근거에서 혜택·적용대상·조건이 유지되는지 확인","미검토","","","","","아니오",""
"237","P1","자유미용실","경기도","파주시","파주시 법원읍 사임당로 841-1 1층","10% 할인","파주시 관내 주둔 군 장병 및 사회복무요원","업소별 세부 조건 및 중복할인 여부는 방문 전 확인","군인 또는 사회복무요원 신분 확인자료(방문 전 업소 확인 권장)","지자체 공식 자료","https://www.paju.go.kr/user/soldier/BD_discountStoreList.do?q_ctgCd=1004","2026-08-15","현재 공식 근거에서 혜택·적용대상·조건이 유지되는지 확인","미검토","","","","","아니오",""
"238","P1","챠밍미용실","경기도","파주시","파주시 법원읍 사임당로857번길 6-1 1층","10% 할인","파주시 관내 주둔 군 장병 및 사회복무요원","업소별 세부 조건 및 중복할인 여부는 방문 전 확인","군인 또는 사회복무요원 신분 확인자료(방문 전 업소 확인 권장)","지자체 공식 자료","https://www.paju.go.kr/user/soldier/BD_discountStoreList.do?q_ctgCd=1004","2026-08-15","현재 공식 근거에서 혜택·적용대상·조건이 유지되는지 확인","미검토","","","","","아니오",""
"239","P1","BBQ파주법원점","경기도","파주시","파주시 법원읍 사임당로 821-2 1층","10%이상 서비스제공","파주시 관내 주둔 군 장병 및 사회복무요원","업소별 세부 조건 및 중복할인 여부는 방문 전 확인","군인 또는 사회복무요원 신분 확인자료(방문 전 업소 확인 권장)","지자체 공식 자료","https://www.paju.go.kr/user/soldier/BD_discountStoreList.do?q_ctgCd=1001","2026-08-15","현재 공식 근거에서 혜택·적용대상·조건이 유지되는지 확인","미검토","","","","","아니오",""
"240","P1","김밥나라","경기도","파주시","파주시 법원읍 사임당로 839","음료수 제공 또는 공기밥 무료","파주시 관내 주둔 군 장병 및 사회복무요원","업소별 세부 조건 및 중복할인 여부는 방문 전 확인","군인 또는 사회복무요원 신분 확인자료(방문 전 업소 확인 권장)","지자체 공식 자료","https://www.paju.go.kr/user/soldier/BD_discountStoreList.do?q_ctgCd=1001","2026-08-15","현재 공식 근거에서 혜택·적용대상·조건이 유지되는지 확인","미검토","","","","","아니오",""
"241","P1","네네치킨","경기도","파주시","파주시 법원읍 사임당로 791","음료수 또는 치즈볼 제공","파주시 관내 주둔 군 장병 및 사회복무요원","업소별 세부 조건 및 중복할인 여부는 방문 전 확인","군인 또는 사회복무요원 신분 확인자료(방문 전 업소 확인 권장)","지자체 공식 자료","https://www.paju.go.kr/user/soldier/BD_discountStoreList.do?q_ctgCd=1001","2026-08-15","현재 공식 근거에서 혜택·적용대상·조건이 유지되는지 확인","미검토","","","","","아니오",""
"242","P1","능심","경기도","파주시","파주시 법원읍 애룡길 168 1층","10% 할인","파주시 관내 주둔 군 장병 및 사회복무요원","업소별 세부 조건 및 중복할인 여부는 방문 전 확인","군인 또는 사회복무요원 신분 확인자료(방문 전 업소 확인 권장)","지자체 공식 자료","https://www.paju.go.kr/user/soldier/BD_discountStoreList.do?q_ctgCd=1001","2026-08-15","현재 공식 근거에서 혜택·적용대상·조건이 유지되는지 확인","미검토","","","","","아니오",""
"243","P1","대가감자탕","경기도","파주시","파주시 법원읍 술이홀로 873 1층","음료수 제공","파주시 관내 주둔 군 장병 및 사회복무요원","업소별 세부 조건 및 중복할인 여부는 방문 전 확인","군인 또는 사회복무요원 신분 확인자료(방문 전 업소 확인 권장)","지자체 공식 자료","https://www.paju.go.kr/user/soldier/BD_discountStoreList.do?q_ctgCd=1001","2026-08-15","현재 공식 근거에서 혜택·적용대상·조건이 유지되는지 확인","미검토","","","","","아니오",""
"244","P1","대덕가든","경기도","파주시","파주시 법원읍 애룡길 175 1층","10% 할인","파주시 관내 주둔 군 장병 및 사회복무요원","업소별 세부 조건 및 중복할인 여부는 방문 전 확인","군인 또는 사회복무요원 신분 확인자료(방문 전 업소 확인 권장)","지자체 공식 자료","https://www.paju.go.kr/user/soldier/BD_discountStoreList.do?q_ctgCd=1001","2026-08-15","현재 공식 근거에서 혜택·적용대상·조건이 유지되는지 확인","미검토","","","","","아니오",""
"245","P1","로얄치킨/곱창매니아","경기도","파주시","파주시 법원읍 술이홀로 890-3","음료수 제공 또는 10%할인","파주시 관내 주둔 군 장병 및 사회복무요원","업소별 세부 조건 및 중복할인 여부는 방문 전 확인","군인 또는 사회복무요원 신분 확인자료(방문 전 업소 확인 권장)","지자체 공식 자료","https://www.paju.go.kr/user/soldier/BD_discountStoreList.do?q_ctgCd=1001","2026-08-15","현재 공식 근거에서 혜택·적용대상·조건이 유지되는지 확인","미검토","","","","","아니오",""
"246","P1","무진장순대국","경기도","파주시","파주시 법원읍 사임당로 816","음료수 제공","파주시 관내 주둔 군 장병 및 사회복무요원","업소별 세부 조건 및 중복할인 여부는 방문 전 확인","군인 또는 사회복무요원 신분 확인자료(방문 전 업소 확인 권장)","지자체 공식 자료","https://www.paju.go.kr/user/soldier/BD_discountStoreList.do?q_ctgCd=1001","2026-08-15","현재 공식 근거에서 혜택·적용대상·조건이 유지되는지 확인","미검토","","","","","아니오",""
"247","P1","바다수퍼 해물천하 조개구이.찜","경기도","파주시","파주시 법원읍 사임당로 820","음료수 제공","파주시 관내 주둔 군 장병 및 사회복무요원","업소별 세부 조건 및 중복할인 여부는 방문 전 확인","군인 또는 사회복무요원 신분 확인자료(방문 전 업소 확인 권장)","지자체 공식 자료","https://www.paju.go.kr/user/soldier/BD_discountStoreList.do?q_ctgCd=1001","2026-08-15","현재 공식 근거에서 혜택·적용대상·조건이 유지되는지 확인","미검토","","","","","아니오",""
"248","P1","버섯집 초리골","경기도","파주시","파주시 법원읍 초리골길 12","공기밥 제공","파주시 관내 주둔 군 장병 및 사회복무요원","업소별 세부 조건 및 중복할인 여부는 방문 전 확인","군인 또는 사회복무요원 신분 확인자료(방문 전 업소 확인 권장)","지자체 공식 자료","https://www.paju.go.kr/user/soldier/BD_discountStoreList.do?q_ctgCd=1001","2026-08-15","현재 공식 근거에서 혜택·적용대상·조건이 유지되는지 확인","미검토","","","","","아니오",""
"249","P1","솥뚜껑삼겹살","경기도","파주시","파주시 법원읍 사임당로 814","10% 이상 할인 또는 그에 상응하는 서비스(업소별 상세는 사전 확인)","파주시 관내 주둔 군 장병 및 사회복무요원","업소별 세부 조건 및 중복할인 여부는 방문 전 확인","군인 또는 사회복무요원 신분 확인자료(방문 전 업소 확인 권장)","지자체 공식 자료","https://www.paju.go.kr/user/soldier/BD_discountStoreList.do?q_ctgCd=1001","2026-08-15","현재 공식 근거에서 혜택·적용대상·조건이 유지되는지 확인","미검토","","","","","아니오",""
"250","P1","숙성사돈 파주 법원리 본점","경기도","파주시","파주시 법원읍 술이홀로 888-2 1층","음료수 제공+10%할인","파주시 관내 주둔 군 장병 및 사회복무요원","업소별 세부 조건 및 중복할인 여부는 방문 전 확인","군인 또는 사회복무요원 신분 확인자료(방문 전 업소 확인 권장)","지자체 공식 자료","https://www.paju.go.kr/user/soldier/BD_discountStoreList.do?q_ctgCd=1001","2026-08-15","현재 공식 근거에서 혜택·적용대상·조건이 유지되는지 확인","미검토","","","","","아니오",""
"251","P1","신양꼬치&마라탕","경기도","파주시","파주시 법원읍 술이홀로 868-2 1층","10% 할인","파주시 관내 주둔 군 장병 및 사회복무요원","업소별 세부 조건 및 중복할인 여부는 방문 전 확인","군인 또는 사회복무요원 신분 확인자료(방문 전 업소 확인 권장)","지자체 공식 자료","https://www.paju.go.kr/user/soldier/BD_discountStoreList.do?q_ctgCd=1001","2026-08-15","현재 공식 근거에서 혜택·적용대상·조건이 유지되는지 확인","미검토","","","","","아니오",""
"252","P1","오태식해바라기치킨","경기도","파주시","파주시 법원읍 사임당로 844","5%할인","파주시 관내 주둔 군 장병 및 사회복무요원","업소별 세부 조건 및 중복할인 여부는 방문 전 확인","군인 또는 사회복무요원 신분 확인자료(방문 전 업소 확인 권장)","지자체 공식 자료","https://www.paju.go.kr/user/soldier/BD_discountStoreList.do?q_ctgCd=1001","2026-08-15","현재 공식 근거에서 혜택·적용대상·조건이 유지되는지 확인","미검토","","","","","아니오",""
"253","P1","왕가네","경기도","파주시","파주시 법원읍 법원로 20","음료수 제공 또는 10%할인","파주시 관내 주둔 군 장병 및 사회복무요원","업소별 세부 조건 및 중복할인 여부는 방문 전 확인","군인 또는 사회복무요원 신분 확인자료(방문 전 업소 확인 권장)","지자체 공식 자료","https://www.paju.go.kr/user/soldier/BD_discountStoreList.do?q_ctgCd=1001","2026-08-15","현재 공식 근거에서 혜택·적용대상·조건이 유지되는지 확인","미검토","","","","","아니오",""
"254","P1","장단콩콩사임당두부 3호점","경기도","파주시","파주시 법원읍 애룡길 179-6 1층","10% 할인","파주시 관내 주둔 군 장병 및 사회복무요원","업소별 세부 조건 및 중복할인 여부는 방문 전 확인","군인 또는 사회복무요원 신분 확인자료(방문 전 업소 확인 권장)","지자체 공식 자료","https://www.paju.go.kr/user/soldier/BD_discountStoreList.do?q_ctgCd=1001","2026-08-15","현재 공식 근거에서 혜택·적용대상·조건이 유지되는지 확인","미검토","","","","","아니오",""
"255","P1","종단 아구찜","경기도","파주시","파주시 법원읍 법원로 21 가동","공기밥 또는 음료수 제공","파주시 관내 주둔 군 장병 및 사회복무요원","업소별 세부 조건 및 중복할인 여부는 방문 전 확인","군인 또는 사회복무요원 신분 확인자료(방문 전 업소 확인 권장)","지자체 공식 자료","https://www.paju.go.kr/user/soldier/BD_discountStoreList.do?q_ctgCd=1001","2026-08-15","현재 공식 근거에서 혜택·적용대상·조건이 유지되는지 확인","미검토","","","","","아니오",""
"256","P1","(주)함지박","경기도","파주시","파주시 법원읍 사임당로 800-8","음료수 제공","파주시 관내 주둔 군 장병 및 사회복무요원","업소별 세부 조건 및 중복할인 여부는 방문 전 확인","군인 또는 사회복무요원 신분 확인자료(방문 전 업소 확인 권장)","지자체 공식 자료","https://www.paju.go.kr/user/soldier/BD_discountStoreList.do?q_ctgCd=1001","2026-08-15","현재 공식 근거에서 혜택·적용대상·조건이 유지되는지 확인","미검토","","","","","아니오",""
"257","P1","차향만당","경기도","파주시","파주시 법원읍 초리골길 70","10%할인","파주시 관내 주둔 군 장병 및 사회복무요원","업소별 세부 조건 및 중복할인 여부는 방문 전 확인","군인 또는 사회복무요원 신분 확인자료(방문 전 업소 확인 권장)","지자체 공식 자료","https://www.paju.go.kr/user/soldier/BD_discountStoreList.do?q_ctgCd=1001","2026-08-15","현재 공식 근거에서 혜택·적용대상·조건이 유지되는지 확인","미검토","","","","","아니오",""
"258","P1","초리연","경기도","파주시","파주시 법원읍 초리골길 357-18","10~15%할인","파주시 관내 주둔 군 장병 및 사회복무요원","업소별 세부 조건 및 중복할인 여부는 방문 전 확인","군인 또는 사회복무요원 신분 확인자료(방문 전 업소 확인 권장)","지자체 공식 자료","https://www.paju.go.kr/user/soldier/BD_discountStoreList.do?q_ctgCd=1001","2026-08-15","현재 공식 근거에서 혜택·적용대상·조건이 유지되는지 확인","미검토","","","","","아니오",""
"259","P1","콩마루 사임당두부","경기도","파주시","파주시 법원읍 사임당로 808-1 1층","10%이상 서비스제공","파주시 관내 주둔 군 장병 및 사회복무요원","업소별 세부 조건 및 중복할인 여부는 방문 전 확인","군인 또는 사회복무요원 신분 확인자료(방문 전 업소 확인 권장)","지자체 공식 자료","https://www.paju.go.kr/user/soldier/BD_discountStoreList.do?q_ctgCd=1001","2026-08-15","현재 공식 근거에서 혜택·적용대상·조건이 유지되는지 확인","미검토","","","","","아니오",""
"260","P1","통일식당","경기도","파주시","파주시 법원읍 사임당로 842","10%할인","파주시 관내 주둔 군 장병 및 사회복무요원","업소별 세부 조건 및 중복할인 여부는 방문 전 확인","군인 또는 사회복무요원 신분 확인자료(방문 전 업소 확인 권장)","지자체 공식 자료","https://www.paju.go.kr/user/soldier/BD_discountStoreList.do?q_ctgCd=1001","2026-08-15","현재 공식 근거에서 혜택·적용대상·조건이 유지되는지 확인","미검토","","","","","아니오",""
"261","P1","훌랄라","경기도","파주시","파주시 법원읍 사임당로 820 1층","10% 할인","파주시 관내 주둔 군 장병 및 사회복무요원","업소별 세부 조건 및 중복할인 여부는 방문 전 확인","군인 또는 사회복무요원 신분 확인자료(방문 전 업소 확인 권장)","지자체 공식 자료","https://www.paju.go.kr/user/soldier/BD_discountStoreList.do?q_ctgCd=1001","2026-08-15","현재 공식 근거에서 혜택·적용대상·조건이 유지되는지 확인","미검토","","","","","아니오",""
"262","P1","7042 카페","경기도","파주시","파주시 법원읍 사임당로770번길 27 1층","10% 할인","파주시 관내 주둔 군 장병 및 사회복무요원","업소별 세부 조건 및 중복할인 여부는 방문 전 확인","군인 또는 사회복무요원 신분 확인자료(방문 전 업소 확인 권장)","지자체 공식 자료","https://www.paju.go.kr/user/soldier/BD_discountStoreList.do?q_ctgCd=1001","2026-08-15","현재 공식 근거에서 혜택·적용대상·조건이 유지되는지 확인","미검토","","","","","아니오",""
"263","P1","초리골 제빵소","경기도","파주시","파주시 법원읍 초리골길 77","20%할인","파주시 관내 주둔 군 장병 및 사회복무요원","업소별 세부 조건 및 중복할인 여부는 방문 전 확인","군인 또는 사회복무요원 신분 확인자료(방문 전 업소 확인 권장)","지자체 공식 자료","https://www.paju.go.kr/user/soldier/BD_discountStoreList.do?q_ctgCd=1001","2026-08-15","현재 공식 근거에서 혜택·적용대상·조건이 유지되는지 확인","미검토","","","","","아니오",""
"264","P1","커피먹고가세","경기도","파주시","파주시 법원읍 애룡길 179-11 1층","10% 할인","파주시 관내 주둔 군 장병 및 사회복무요원","업소별 세부 조건 및 중복할인 여부는 방문 전 확인","군인 또는 사회복무요원 신분 확인자료(방문 전 업소 확인 권장)","지자체 공식 자료","https://www.paju.go.kr/user/soldier/BD_discountStoreList.do?q_ctgCd=1001","2026-08-15","현재 공식 근거에서 혜택·적용대상·조건이 유지되는지 확인","미검토","","","","","아니오",""
"265","P1","테라스커피(애룡커피테라스)","경기도","파주시","파주시 법원읍 애룡길 179 1층","10% 할인","파주시 관내 주둔 군 장병 및 사회복무요원","업소별 세부 조건 및 중복할인 여부는 방문 전 확인","군인 또는 사회복무요원 신분 확인자료(방문 전 업소 확인 권장)","지자체 공식 자료","https://www.paju.go.kr/user/soldier/BD_discountStoreList.do?q_ctgCd=1001","2026-08-15","현재 공식 근거에서 혜택·적용대상·조건이 유지되는지 확인","미검토","","","","","아니오",""
"266","P1","맨즈헤어","경기도","부천시","경기도 부천시 원미구중동로248번길86106호(중동, 현해탑프라자)","서비스 이용료의 10% 할인(컷트 한정)","동원훈련이수자,모범예비군,복무중인현역병,사회복무요원,전문산업기능요원,병역명문가","없음 | 혜택기간: 2024-06-04~","동원훈련이수증,모범예비군증,복무확인서 등","공공데이터","https://www.mma.go.kr/about/udgg/list.do?mc=mma0003357","2026-08-15","현재 공식 근거에서 혜택·적용대상·조건이 유지되는지 확인","미검토","","","","","아니오",""
"267","P1","쁘띠뜨메종","경기도","부천시","경기도 부천시 원미구상동로84206호(상동, 영플러스)","서비스 이용료의 10% 할인(컷트 한정)","동원훈련이수자,모범예비군,복무중인현역병,사회복무요원,전문산업기능요원,병역명문가","없음 | 혜택기간: 2024-05-10~","동원훈련이수증,모범예비군증,복무확인서 등","공공데이터","https://www.mma.go.kr/about/udgg/list.do?mc=mma0003357","2026-08-15","현재 공식 근거에서 혜택·적용대상·조건이 유지되는지 확인","미검토","","","","","아니오",""
"268","P1","59쌀피자 (송내남부점)","경기도","부천시","경기도 부천시 소사구송내대로42번길58(송내동)","-라지사이즈 구매시 한판당 천원할인 -단체주문시 할인 또는 음료증정 (부천페이제외)","예비군(당해년도,모범), 복무중인 사람, 병역명문가","없음 | 혜택기간: 2025-01-08~","e병무지갑(훈련확인서,복무확인서,명문가증등)","공공데이터","https://www.mma.go.kr/about/udgg/list.do?mc=mma0003357","2026-08-15","현재 공식 근거에서 혜택·적용대상·조건이 유지되는지 확인","미검토","","","","","아니오",""
"269","P1","경복궁누룽지백숙","경기도","부천시","경기도 부천시 원미구신흥로170- 1(중동)","-서비스 이용료의 5% 할인 (부천페이 중복(추가) 할인 제외)","동원훈련이수자,모범예비군,복무중인현역병,사회복무요원,전문산업기능요원,병역명문가","없음 | 혜택기간: 2024-07-09~","동원훈련이수증,모범예비군증,복무확인서 등","공공데이터","https://www.mma.go.kr/about/udgg/list.do?mc=mma0003357","2026-08-15","현재 공식 근거에서 혜택·적용대상·조건이 유지되는지 확인","미검토","","","","","아니오",""
"270","P1","눈높은 돼지","경기도","부천시","경기도 부천시 소사구송내대로42번길161층 (송내동, 성민빌딩)","* 아래사항 중 하나 서비스제공 1. 소주,맥주 음료중 택1 제공 2. 버섯 한접시 공짜","동원훈련이수자,모범예비군,복무중인현역병,사회복무요원,전문산업기능요원,병역명문가","없음 | 혜택기간: 2024-07-09~","동원훈련이수증,모범예비군증,복무확인서 등","공공데이터","https://www.mma.go.kr/about/udgg/list.do?mc=mma0003357","2026-08-15","현재 공식 근거에서 혜택·적용대상·조건이 유지되는지 확인","미검토","","","","","아니오",""
"271","P1","솔안골먹장어(송내본점)","경기도","부천시","경기도 부천시 소사구송내대로29(송내동)","5,000원 할인","예비군(당해년도,모범), 복무중인 사람, 병역명문가","없음 | 혜택기간: 2024-07-31~9999-09-01","동원훈련이수증,모범예비군증,복무확인서,명문가증","공공데이터","https://www.mma.go.kr/about/udgg/list.do?mc=mma0003357","2026-08-15","현재 공식 근거에서 혜택·적용대상·조건이 유지되는지 확인","미검토","","","","","아니오",""
"272","P1","송내팔방상회","경기도","부천시","경기도 부천시 소사구송내대로42(송내동)","서비스 이용료의 3%할인","예비군(당해년도,모범), 복무중인 사람, 병역명문가","없음 | 혜택기간: 2025-01-08~","동원훈련이수증,모범예비군증,복무확인서,명문가증","공공데이터","https://www.mma.go.kr/about/udgg/list.do?mc=mma0003357","2026-08-15","현재 공식 근거에서 혜택·적용대상·조건이 유지되는지 확인","미검토","","","","","아니오",""
"273","P1","신천차이나","경기도","부천시","경기도 부천시 원미구송내대로265번길73- 46201호(상동)","음료 또는 군만두 서비스","동원훈련이수자,모범예비군,복무중인현역병,사회복무요원,전문산업기능요원,병역명문가","없음 | 혜택기간: 2024-06-11~","동원훈련이수증,모범예비군증,복무확인서 등","공공데이터","https://www.mma.go.kr/about/udgg/list.do?mc=mma0003357","2026-08-15","현재 공식 근거에서 혜택·적용대상·조건이 유지되는지 확인","미검토","","","","","아니오",""
"274","P1","엉터리분식","경기도","부천시","경기도 부천시 원미구부일로445- 45(심곡동)","군복입고오면 1천원 할인","동원훈련이수자,모범예비군,복무중인현역병,사회복무요원,전문산업기능요원,병역명문가","없음 | 혜택기간: 2024-06-11~","동원훈련이수증,모범예비군증,복무확인서 등","공공데이터","https://www.mma.go.kr/about/udgg/list.do?mc=mma0003357","2026-08-15","현재 공식 근거에서 혜택·적용대상·조건이 유지되는지 확인","미검토","","","","","아니오",""
"275","P1","육회바른연어 부천상동역점","경기도","부천시","경기도 부천시 원미구상동로69(상동, 새롬프라자 1층 105호)","서비스 이용료의 10% 할인","복무중인자,모범예비군,동원훈련이수자,명문가","없음 | 혜택기간: 2026-01-27~","명문가증,복무확인서,훈련이수증,모범예비군증","공공데이터","https://www.mma.go.kr/about/udgg/list.do?mc=mma0003357","2026-08-15","현재 공식 근거에서 혜택·적용대상·조건이 유지되는지 확인","미검토","","","","","아니오",""
"276","P1","준스이","경기도","부천시","경기도 부천시 원미구상동로69(상동, 새롬프라자 15차 101호)","서비스 이용료의 10% 할인 - 본인한정, 기타 중복 할인 불가","복무중인자,모범예비군,동원훈련이수자,명문가","없음 | 혜택기간: 2025-10-24~","명문가증,복무확인서,훈련이수증,모범예비군증","공공데이터","https://www.mma.go.kr/about/udgg/list.do?mc=mma0003357","2026-08-15","현재 공식 근거에서 혜택·적용대상·조건이 유지되는지 확인","미검토","","","","","아니오",""
"277","P1","키키포차","경기도","부천시","경기도 부천시 소사구양지로171번길38(옥길동)","서비스 이용료의 10% 할인","동원훈련이수자,모범예비군,복무중인현역병,사회복무요원,전문산업기능요원,병역명문가","없음 | 혜택기간: 2024-04-19~","동원훈련이수증,모범예비군증,복무확인서 등","공공데이터","https://www.mma.go.kr/about/udgg/list.do?mc=mma0003357","2026-08-15","현재 공식 근거에서 혜택·적용대상·조건이 유지되는지 확인","미검토","","","","","아니오",""
"278","P1","통양갈비","경기도","부천시","경기도 부천시 소사구송내대로28(송내동, 106호)","양갈비 주문 시 국수 음료수 무료제공","예비군(당해년도,모범), 복무중인 사람, 병역명문가","없음 | 혜택기간: 2024-07-31~9999-09-09","동원훈련이수증,모범예비군증,복무확인서,명문가증","공공데이터","https://www.mma.go.kr/about/udgg/list.do?mc=mma0003357","2026-08-15","현재 공식 근거에서 혜택·적용대상·조건이 유지되는지 확인","미검토","","","","","아니오",""
"279","P1","청정여수동갈매기살","경기도","성남시","경기도 성남시 분당구장미로100번길222층 (야탑동)","서비스 이용료의 5% 할인","예비군(당해연도 병무청 주관 동원훈련 이수자 및 병무청 모범 예비군 선발자),복무중인 사람,병역명문가","제한없음 | 혜택기간: 2024-08-14~2026-12-31","당해년도 동원훈련이수증, 복무확인서, 병역명문가","공공데이터","https://www.mma.go.kr/about/udgg/list.do?mc=mma0003357","2026-08-15","현재 공식 근거에서 혜택·적용대상·조건이 유지되는지 확인","미검토","","","","","아니오",""
"280","P1","고려이발관","경기도","수원시","경기도 수원시 팔달구 팔달로 135, 1층 (화서동)","입영 시 무료 이발, 입영 후 제대 시까지 이용요금 50% 할인","군 입영예정자 및 복무 중인 장병 본인(수원시민)","수원시민 본인 대상; 방문 전 영업 및 적용 여부 확인","입영통지서 또는 휴가 확인 서류와 신분증","지자체 공식 자료","https://www.suwon.go.kr/webcontent/ckeditor/2026/5/28/4e5d92bd-869b-41d9-8179-cbc3ffba48c7.pdf","2026-08-15","현재 공식 근거에서 혜택·적용대상·조건이 유지되는지 확인","미검토","","","","","아니오",""
"281","P1","대성이발관","경기도","수원시","경기도 수원시 팔달구 인계로68번길 52, 창조의집 (인계동)","입영 시 무료 이발, 입영 후 제대 시까지 이용요금 50% 할인","군 입영예정자 및 복무 중인 장병 본인(수원시민)","수원시민 본인 대상; 방문 전 영업 및 적용 여부 확인","입영통지서 또는 휴가 확인 서류와 신분증","지자체 공식 자료","https://www.suwon.go.kr/webcontent/ckeditor/2026/5/28/4e5d92bd-869b-41d9-8179-cbc3ffba48c7.pdf","2026-08-15","현재 공식 근거에서 혜택·적용대상·조건이 유지되는지 확인","미검토","","","","","아니오",""
"282","P1","로이스바버샵&로이스SMP 수원성대점","경기도","수원시","경기도 수원시 장안구 서부로2181번길 55, 3층 일부호 (율전동)","입영 시 무료 이발, 입영 후 제대 시까지 이용요금 50% 할인","군 입영예정자 및 복무 중인 장병 본인(수원시민)","수원시민 본인 대상; 방문 전 영업 및 적용 여부 확인","입영통지서 또는 휴가 확인 서류와 신분증","지자체 공식 자료","https://www.suwon.go.kr/webcontent/ckeditor/2026/5/28/4e5d92bd-869b-41d9-8179-cbc3ffba48c7.pdf","2026-08-15","현재 공식 근거에서 혜택·적용대상·조건이 유지되는지 확인","미검토","","","","","아니오",""
"283","P1","베스트헤어","경기도","수원시","경기도 수원시 장안구정자로42번길52203호(천천동, 베스트상가)","-커트시 서비스 이용료의 20% 할인 * 현역 10% 추가 할인","동원훈련이수자,모범예비군,복무중인현역병,사회복무요원,전문산업기능요원,병역명문가","없음 | 혜택기간: 2025-11-11~","동원훈련이수증,모범예비군증,복무확인서,명문가증","공공데이터","https://www.mma.go.kr/about/udgg/list.do?mc=mma0003357","2026-08-15","현재 공식 근거에서 혜택·적용대상·조건이 유지되는지 확인","미검토","","","","","아니오",""
"284","P1","부흥이발관","경기도","수원시","경기도 수원시 영통구 동수원로514번길 59 (매탄동)","입영 시 무료 이발, 입영 후 제대 시까지 이용요금 50% 할인","군 입영예정자 및 복무 중인 장병 본인(수원시민)","수원시민 본인 대상; 방문 전 영업 및 적용 여부 확인","입영통지서 또는 휴가 확인 서류와 신분증","지자체 공식 자료","https://www.suwon.go.kr/webcontent/ckeditor/2026/5/28/4e5d92bd-869b-41d9-8179-cbc3ffba48c7.pdf","2026-08-15","현재 공식 근거에서 혜택·적용대상·조건이 유지되는지 확인","미검토","","","","","아니오",""
"285","P1","새현이용원","경기도","수원시","경기도 수원시 권선구 세권로43번길 26-6 (세류동, 세류종합상가 117호)","입영 시 무료 이발, 입영 후 제대 시까지 이용요금 50% 할인","군 입영예정자 및 복무 중인 장병 본인(수원시민)","수원시민 본인 대상; 방문 전 영업 및 적용 여부 확인","입영통지서 또는 휴가 확인 서류와 신분증","지자체 공식 자료","https://www.suwon.go.kr/webcontent/ckeditor/2026/5/28/4e5d92bd-869b-41d9-8179-cbc3ffba48c7.pdf","2026-08-15","현재 공식 근거에서 혜택·적용대상·조건이 유지되는지 확인","미검토","","","","","아니오",""
"286","P1","세동이발관","경기도","수원시","경기도 수원시 권선구 세권로 66 (세류동)","입영 시 무료 이발, 입영 후 제대 시까지 이용요금 50% 할인","군 입영예정자 및 복무 중인 장병 본인(수원시민)","수원시민 본인 대상; 방문 전 영업 및 적용 여부 확인","입영통지서 또는 휴가 확인 서류와 신분증","지자체 공식 자료","https://www.suwon.go.kr/webcontent/ckeditor/2026/5/28/4e5d92bd-869b-41d9-8179-cbc3ffba48c7.pdf","2026-08-15","현재 공식 근거에서 혜택·적용대상·조건이 유지되는지 확인","미검토","","","","","아니오",""
"287","P1","시저스맨","경기도","수원시","경기도 수원시 영통구 매탄로140번길 54-18 (매탄동)","입영 시 무료 이발, 입영 후 제대 시까지 이용요금 50% 할인","군 입영예정자 및 복무 중인 장병 본인(수원시민)","수원시민 본인 대상; 방문 전 영업 및 적용 여부 확인","입영통지서 또는 휴가 확인 서류와 신분증","지자체 공식 자료","https://www.suwon.go.kr/webcontent/ckeditor/2026/5/28/4e5d92bd-869b-41d9-8179-cbc3ffba48c7.pdf","2026-08-15","현재 공식 근거에서 혜택·적용대상·조건이 유지되는지 확인","미검토","","","","","아니오",""
"288","P1","아름다운사람들 헤어","경기도","수원시","경기도 수원시 장안구송정로83134호(송죽동, 로얄팰리스상가)","- 서비스 이용료의 15% 할인 - 현역병 면제","동원훈련이수자,모범예비군,복무중인현역병,사회복무요원,전문산업기능요원,병역명문가","없음 | 혜택기간: 2026-08-14~","동원훈련이수증,모범예비군증,복무확인서 등","공공데이터","https://www.mma.go.kr/about/udgg/list.do?mc=mma0003357","2026-08-15","현재 공식 근거에서 혜택·적용대상·조건이 유지되는지 확인","미검토","","","","","아니오",""
"289","P1","아엠헤드","경기도","수원시","경기도 수원시 장안구서부로2207번길18(율전동)","서비스 이용료의 30% 할인","동원훈련이수자,모범예비군,복무중인현역병,사회복무요원,전문산업기능요원,병역명문가","없음 | 혜택기간: 2024-08-20~","동원훈련이수증,모범예비군증,복무확인서 등","공공데이터","https://www.mma.go.kr/about/udgg/list.do?mc=mma0003357","2026-08-15","현재 공식 근거에서 혜택·적용대상·조건이 유지되는지 확인","미검토","","","","","아니오",""
"290","P1","아임남자머리","경기도","수원시","경기도 수원시 팔달구 팔달문로175번길 7, 1층 (우만동)","입영 시 무료 이발, 입영 후 제대 시까지 이용요금 50% 할인","군 입영예정자 및 복무 중인 장병 본인(수원시민)","수원시민 본인 대상; 방문 전 영업 및 적용 여부 확인","입영통지서 또는 휴가 확인 서류와 신분증","지자체 공식 자료","https://www.suwon.go.kr/webcontent/ckeditor/2026/5/28/4e5d92bd-869b-41d9-8179-cbc3ffba48c7.pdf","2026-08-15","현재 공식 근거에서 혜택·적용대상·조건이 유지되는지 확인","미검토","","","","","아니오",""
"291","P1","안양승이용원","경기도","수원시","경기도 수원시 영통구 영통로 323, 3층 (매탄동)","입영 시 무료 이발, 입영 후 제대 시까지 이용요금 50% 할인","군 입영예정자 및 복무 중인 장병 본인(수원시민)","수원시민 본인 대상; 방문 전 영업 및 적용 여부 확인","입영통지서 또는 휴가 확인 서류와 신분증","지자체 공식 자료","https://www.suwon.go.kr/webcontent/ckeditor/2026/5/28/4e5d92bd-869b-41d9-8179-cbc3ffba48c7.pdf","2026-08-15","현재 공식 근거에서 혜택·적용대상·조건이 유지되는지 확인","미검토","","","","","아니오",""
"292","P1","양성현 헤어아트","경기도","수원시","경기도 수원시 권선구 권광로91번길 55, 오가기린 302호 (권선동)","입영 시 무료 이발, 입영 후 제대 시까지 이용요금 50% 할인","군 입영예정자 및 복무 중인 장병 본인(수원시민)","수원시민 본인 대상; 방문 전 영업 및 적용 여부 확인","입영통지서 또는 휴가 확인 서류와 신분증","지자체 공식 자료","https://www.suwon.go.kr/webcontent/ckeditor/2026/5/28/4e5d92bd-869b-41d9-8179-cbc3ffba48c7.pdf","2026-08-15","현재 공식 근거에서 혜택·적용대상·조건이 유지되는지 확인","미검토","","","","","아니오",""
"293","P1","엘지이용원","경기도","수원시","경기도 수원시 장안구 파장로68번길 46 (파장동)","입영 시 무료 이발, 입영 후 제대 시까지 이용요금 50% 할인","군 입영예정자 및 복무 중인 장병 본인(수원시민)","수원시민 본인 대상; 방문 전 영업 및 적용 여부 확인","입영통지서 또는 휴가 확인 서류와 신분증","지자체 공식 자료","https://www.suwon.go.kr/webcontent/ckeditor/2026/5/28/4e5d92bd-869b-41d9-8179-cbc3ffba48c7.pdf","2026-08-15","현재 공식 근거에서 혜택·적용대상·조건이 유지되는지 확인","미검토","","","","","아니오",""
"294","P1","영길이용원","경기도","수원시","경기도 수원시 권선구 고현로5번길 25 (고색동, 거산아파트 상가 113호)","입영 시 무료 이발, 입영 후 제대 시까지 이용요금 50% 할인","군 입영예정자 및 복무 중인 장병 본인(수원시민)","수원시민 본인 대상; 방문 전 영업 및 적용 여부 확인","입영통지서 또는 휴가 확인 서류와 신분증","지자체 공식 자료","https://www.suwon.go.kr/webcontent/ckeditor/2026/5/28/4e5d92bd-869b-41d9-8179-cbc3ffba48c7.pdf","2026-08-15","현재 공식 근거에서 혜택·적용대상·조건이 유지되는지 확인","미검토","","","","","아니오",""
"295","P1","우리이용원","경기도","수원시","경기도 수원시 장안구 장안로103번길 5 (정자동)","입영 시 무료 이발, 입영 후 제대 시까지 이용요금 50% 할인","군 입영예정자 및 복무 중인 장병 본인(수원시민)","수원시민 본인 대상; 방문 전 영업 및 적용 여부 확인","입영통지서 또는 휴가 확인 서류와 신분증","지자체 공식 자료","https://www.suwon.go.kr/webcontent/ckeditor/2026/5/28/4e5d92bd-869b-41d9-8179-cbc3ffba48c7.pdf","2026-08-15","현재 공식 근거에서 혜택·적용대상·조건이 유지되는지 확인","미검토","","","","","아니오",""
"296","P1","원천이발관","경기도","수원시","경기도 수원시 영통구 매영로 141, 원천훼밀리타운 2층 202호 (원천동)","입영 시 무료 이발, 입영 후 제대 시까지 이용요금 50% 할인","군 입영예정자 및 복무 중인 장병 본인(수원시민)","수원시민 본인 대상; 방문 전 영업 및 적용 여부 확인","입영통지서 또는 휴가 확인 서류와 신분증","지자체 공식 자료","https://www.suwon.go.kr/webcontent/ckeditor/2026/5/28/4e5d92bd-869b-41d9-8179-cbc3ffba48c7.pdf","2026-08-15","현재 공식 근거에서 혜택·적용대상·조건이 유지되는지 확인","미검토","","","","","아니오",""
"297","P1","조만억헤어마당","경기도","수원시","경기도 수원시 장안구 송정로177번길 4 (조원동)","입영 시 무료 이발, 입영 후 제대 시까지 이용요금 50% 할인","군 입영예정자 및 복무 중인 장병 본인(수원시민)","수원시민 본인 대상; 방문 전 영업 및 적용 여부 확인","입영통지서 또는 휴가 확인 서류와 신분증","지자체 공식 자료","https://www.suwon.go.kr/webcontent/ckeditor/2026/5/28/4e5d92bd-869b-41d9-8179-cbc3ffba48c7.pdf","2026-08-15","현재 공식 근거에서 혜택·적용대상·조건이 유지되는지 확인","미검토","","","","","아니오",""
"298","P1","좋은헤어","경기도","수원시","경기도 수원시 권선구 경수대로235번길 56, 1층 (세류동)","입영 시 무료 이발, 입영 후 제대 시까지 이용요금 50% 할인","군 입영예정자 및 복무 중인 장병 본인(수원시민)","수원시민 본인 대상; 방문 전 영업 및 적용 여부 확인","입영통지서 또는 휴가 확인 서류와 신분증","지자체 공식 자료","https://www.suwon.go.kr/webcontent/ckeditor/2026/5/28/4e5d92bd-869b-41d9-8179-cbc3ffba48c7.pdf","2026-08-15","현재 공식 근거에서 혜택·적용대상·조건이 유지되는지 확인","미검토","","","","","아니오",""
"299","P1","파크이발","경기도","수원시","경기도 수원시 장안구 정자천로189번길 47, 1층 108호 (정자동, 연꽃마을 풍림아파트)","입영 시 무료 이발, 입영 후 제대 시까지 이용요금 50% 할인","군 입영예정자 및 복무 중인 장병 본인(수원시민)","수원시민 본인 대상; 방문 전 영업 및 적용 여부 확인","입영통지서 또는 휴가 확인 서류와 신분증","지자체 공식 자료","https://www.suwon.go.kr/webcontent/ckeditor/2026/5/28/4e5d92bd-869b-41d9-8179-cbc3ffba48c7.pdf","2026-08-15","현재 공식 근거에서 혜택·적용대상·조건이 유지되는지 확인","미검토","","","","","아니오",""
"300","P1","할리바버샵","경기도","수원시","경기도 수원시 권선구 금곡로 236, 홈플러스 3층 (금곡동)","입영 시 무료 이발, 입영 후 제대 시까지 이용요금 50% 할인","군 입영예정자 및 복무 중인 장병 본인(수원시민)","수원시민 본인 대상; 방문 전 영업 및 적용 여부 확인","입영통지서 또는 휴가 확인 서류와 신분증","지자체 공식 자료","https://www.suwon.go.kr/webcontent/ckeditor/2026/5/28/4e5d92bd-869b-41d9-8179-cbc3ffba48c7.pdf","2026-08-15","현재 공식 근거에서 혜택·적용대상·조건이 유지되는지 확인","미검토","","","","","아니오",""
"301","P1","버거스테이지","경기도","수원시","경기도 수원시 팔달구신풍로23번길63- 21층 (신풍동)","서비스 이용료의 5% 할인","동원훈련이수자,모범예비군,복무중인현역병,사회복무요원,전문산업기능요원,병역명문가","없음 | 혜택기간: 2024-11-06~","동원훈련이수증,모범예비군증,복무확인서 등","공공데이터","https://www.mma.go.kr/about/udgg/list.do?mc=mma0003357","2026-08-15","현재 공식 근거에서 혜택·적용대상·조건이 유지되는지 확인","미검토","","","","","아니오",""
"302","P1","세컨디포레스트행궁점","경기도","수원시","경기도 수원시 팔달구화서문로46번길121층 (신풍동)","테이블당 에이드 1잔 무료 or 음료 2잔 무료 (네이버예약시 생일,음료 중복 제공)","동원훈련이수자,모범예비군,복무중인현역병,사회복무요원,전문산업기능요원,병역명문가","없음 | 혜택기간: 2024-11-05~","동원훈련이수증,모범예비군증,복무확인서 등","공공데이터","https://www.mma.go.kr/about/udgg/list.do?mc=mma0003357","2026-08-15","현재 공식 근거에서 혜택·적용대상·조건이 유지되는지 확인","미검토","","","","","아니오",""
"303","P1","태리주택(행궁 본점)","경기도","수원시","경기도 수원시 팔달구화서문로31번길8- 12(장안동)","- 서비스이용료의 10% 할인","동원훈련이수자,모범예비군,복무중인현역병,사회복무요원,전문산업기능요원,병역명문가","없음 | 혜택기간: 2026-06-11~","동원훈련이수증,모범예비군증,복무확인서 등","공공데이터","https://www.mma.go.kr/about/udgg/list.do?mc=mma0003357","2026-08-15","현재 공식 근거에서 혜택·적용대상·조건이 유지되는지 확인","미검토","","","","","아니오",""
"304","P1","한제소곱창전골 수원금곡점","경기도","수원시","경기도 수원시 권선구금곡로197번길18- 23(금곡동, 108호, 109호)","서비스이용료의 5% 할인(주류 제외)","동원훈련이수자, 모범예비군, 복무중인 현역병, 사회복무요원, 전문산업기능요원, 병역명문가","없음 | 혜택기간: 2024-02-13~","동원훈련이수증, 모범예비군증, 복무확인서 등","공공데이터","https://www.mma.go.kr/about/udgg/list.do?mc=mma0003357","2026-08-15","현재 공식 근거에서 혜택·적용대상·조건이 유지되는지 확인","미검토","","","","","아니오",""
"305","P1","91커피 행궁점","경기도","수원시","경기도 수원시 팔달구행궁로26번길4(남창동)","* 서비스 이용료의 10% 할인 (아메리카노 테이크아웃 제외) * 국가유공자 : 음료 무료 제공","동원훈련이수자,모범예비군,복무중인현역병,사회복무요원,전문산업기능요원,병역명문가","없음 | 혜택기간: 2026-06-04~","동원훈련이수증,모범예비군증,복무확인서 등","공공데이터","https://www.mma.go.kr/about/udgg/list.do?mc=mma0003357","2026-08-15","현재 공식 근거에서 혜택·적용대상·조건이 유지되는지 확인","미검토","","","","","아니오",""
"306","P1","버터앤츄","경기도","수원시","경기도 수원시 팔달구화서문로45번길91층 (장안동)","- 서비스이용료의 5% 할인","동원훈련이수자,모범예비군,복무중인현역병,사회복무요원,전문산업기능요원,병역명문가","없음 | 혜택기간: 2026-06-04~","동원훈련이수증,모범예비군증,복무확인서 등","공공데이터","https://www.mma.go.kr/about/udgg/list.do?mc=mma0003357","2026-08-15","현재 공식 근거에서 혜택·적용대상·조건이 유지되는지 확인","미검토","","","","","아니오",""
"307","P1","빛오름","경기도","수원시","경기도 수원시 팔달구고화로1171층 (화서동)","서비스이용료의 5%할인(디저트류 한정)","동원훈련이수자,모범예비군,복무중인현역병,사회복무요원,전문산업기능요원,병역명문가","없음 | 혜택기간: 2024-04-12~","동원훈련이수증,모범예비군증,복무확인서 등","공공데이터","https://www.mma.go.kr/about/udgg/list.do?mc=mma0003357","2026-08-15","현재 공식 근거에서 혜택·적용대상·조건이 유지되는지 확인","미검토","","","","","아니오",""
"309","P1","팔팔순대(배곧직영점)","경기도","시흥시","경기도 시흥시서울대학로59- 49(배곧동, 건영테크노밸리 118호)","서비스 이용료의 10%할인 -1만원 이하 식사시: 10%할인 -1만원 이상 식사시: 20%할인","예비군(당해년도,모범), 복무중인 사람, 병역명문가","없음 | 혜택기간: 2024-09-25~","동원훈련이수증,모범예비군증,복무확인서,명문가증","공공데이터","https://www.mma.go.kr/about/udgg/list.do?mc=mma0003357","2026-08-15","현재 공식 근거에서 혜택·적용대상·조건이 유지되는지 확인","미검토","","","","","아니오",""
"310","P1","한제소곱창전골 목감점","경기도","시흥시","경기도 시흥시산현마을길33- 21층 (산현동)","서비스이용료의 5%할인(주류제외)","동원훈련이수자, 모범예비군, 복무중인 현역병, 사회복무요원, 전문산업기능요원, 병역명문가","없음 | 혜택기간: 2024-02-13~","동원훈련이수증, 모범예비군증, 복무확인서 등","공공데이터","https://www.mma.go.kr/about/udgg/list.do?mc=mma0003357","2026-08-15","현재 공식 근거에서 혜택·적용대상·조건이 유지되는지 확인","미검토","","","","","아니오",""
"311","P1","색시국밥 한대점","경기도","안산시","경기도 안산시 상록구성안2길23(사동, 1층)","서비스 이용료의 5% 할인","복무중인자,모범예비군,동원훈련이수자,명문가","없음 | 혜택기간: 2026-07-10~","명문가증,복무확인서,훈련이수증,모범예비군증","공공데이터","https://www.mma.go.kr/about/udgg/list.do?mc=mma0003357","2026-08-15","현재 공식 근거에서 혜택·적용대상·조건이 유지되는지 확인","미검토","","","","","아니오",""
"312","P1","캠핑이너스(주)","경기도","안성시","경기도 안성시원곡면오동길34(원곡면내가천리)","서비스이용료의 5% 할인","동원훈련이수자,모범예비군,복무중인현역병,사회복무요원,전문산업기능요원,병역명문가","없음 | 혜택기간: 2024-09-19~","동원훈련이수증,모범예비군증,복무확인서 등","공공데이터","https://www.mma.go.kr/about/udgg/list.do?mc=mma0003357","2026-08-15","현재 공식 근거에서 혜택·적용대상·조건이 유지되는지 확인","미검토","","","","","아니오",""
"313","P1","금양남성헤어","경기도","안양시","경기도 안양시 동안구인덕원로14- 1(관양동)","서비스 이용료의 10% 할인","동원훈련이수자,모범예비군,복무중인현역병,사회복무요원,전문산업기능요원,병역명문가","없음 | 혜택기간: 2024-08-05~","동원훈련이수증,모범예비군증,복무확인서 등","공공데이터","https://www.mma.go.kr/about/udgg/list.do?mc=mma0003357","2026-08-15","현재 공식 근거에서 혜택·적용대상·조건이 유지되는지 확인","미검토","","","","","아니오",""
"314","P1","뜨란헤어","경기도","안양시","경기도 안양시 동안구경수대로980(비산동)","컷트 2,000원 할인","동원훈련이수자,모범예비군,복무중인현역병,사회복무요원,전문산업기능요원,병역명문가","없음 | 혜택기간: 2024-08-21~","동원훈련이수증,모범예비군증,복무확인서 등","공공데이터","https://www.mma.go.kr/about/udgg/list.do?mc=mma0003357","2026-08-15","현재 공식 근거에서 혜택·적용대상·조건이 유지되는지 확인","미검토","","","","","아니오",""
"315","P1","머리쟁이","경기도","안양시","경기도 안양시 동안구관악대로106번길77- 0(비산동)","서비스 이용료의 5% 할인","동원훈련이수자,모범예비군,복무중인현역병,사회복무요원,전문산업기능요원,병역명문가","없음 | 혜택기간: 2024-07-02~","동원훈련이수증,모범예비군증,복무확인서 등","공공데이터","https://www.mma.go.kr/about/udgg/list.do?mc=mma0003357","2026-08-15","현재 공식 근거에서 혜택·적용대상·조건이 유지되는지 확인","미검토","","","","","아니오",""
"316","P1","청주이발소","경기도","안양시","경기도 안양시 동안구관평로138번길53상가동동203호(평촌동, 초원부영아파트)","서비스 이용료의 10% 할인","동원훈련이수자,모범예비군,복무중인현역병,사회복무요원,전문산업기능요원,병역명문가","없음 | 혜택기간: 2024-08-05~","동원훈련이수증,모범예비군증,복무확인서 등","공공데이터","https://www.mma.go.kr/about/udgg/list.do?mc=mma0003357","2026-08-15","현재 공식 근거에서 혜택·적용대상·조건이 유지되는지 확인","미검토","","","","","아니오",""
"317","P1","펜스바버샵","경기도","안양시","경기도 안양시 동안구시민대로230(관양동)","서비스 이용료의 5% 할인","동원훈련이수자,모범예비군,복무중인현역병,사회복무요원,전문산업기능요원,병역명문가","없음 | 혜택기간: 2024-07-11~","동원훈련이수증,모범예비군증,복무확인서 등","공공데이터","https://www.mma.go.kr/about/udgg/list.do?mc=mma0003357","2026-08-15","현재 공식 근거에서 혜택·적용대상·조건이 유지되는지 확인","미검토","","","","","아니오",""
"318","P1","효재헤어","경기도","안양시","경기도 안양시 동안구관양로247- 9(관양동)","서비스 이용료의 20% 할인","동원훈련이수자,모범예비군,복무중인현역병,사회복무요원,전문산업기능요원,병역명문가","없음 | 혜택기간: 2024-06-05~","동원훈련이수증,모범예비군증,복무확인서 등","공공데이터","https://www.mma.go.kr/about/udgg/list.do?mc=mma0003357","2026-08-15","현재 공식 근거에서 혜택·적용대상·조건이 유지되는지 확인","미검토","","","","","아니오",""
"319","P1","구운몽","경기도","안양시","경기도 안양시 동안구시민대로167105동1호(비산동, 안양벤처텔)","-베이커리 -서비스 이용료의 5% 할인","동원훈련이수자,모범예비군,복무중인현역병,사회복무요원,전문산업기능요원,병역명문가","없음 | 혜택기간: 2024-07-03~","동원훈련이수증,모범예비군증,복무확인서 등","공공데이터","https://www.mma.go.kr/about/udgg/list.do?mc=mma0003357","2026-08-15","현재 공식 근거에서 혜택·적용대상·조건이 유지되는지 확인","미검토","","","","","아니오",""
"320","P1","국민낙곱새(안양점)","경기도","안양시","경기도 안양시 만안구안양로257- 271층 (안양동)","서비스 이용료의 10% 할인","동원훈련이수자,모범예비군,복무중인현역병,사회복무요원,전문산업기능요원,병역명문가","없음 | 혜택기간: 2024-07-15~","동원훈련이수증,모범예비군증,복무확인서 등","공공데이터","https://www.mma.go.kr/about/udgg/list.do?mc=mma0003357","2026-08-15","현재 공식 근거에서 혜택·적용대상·조건이 유지되는지 확인","미검토","","","","","아니오",""
"321","P1","국민낙곱새(평촌점)","경기도","안양시","경기도 안양시 동안구흥안대로457- 27(관양동)","서비스 이용료의 10% 할인","동원훈련이수자,모범예비군,복무중인현역병,사회복무요원,전문산업기능요원,병역명문가","없음 | 혜택기간: 2024-07-15~","동원훈련이수증,모범예비군증,복무확인서 등","공공데이터","https://www.mma.go.kr/about/udgg/list.do?mc=mma0003357","2026-08-15","현재 공식 근거에서 혜택·적용대상·조건이 유지되는지 확인","미검토","","","","","아니오",""
"322","P1","성신양꼬치","경기도","안양시","경기도 안양시 동안구흥안대로493- 161층 (관양동)","서비스 이용료의 10% 할인","동원훈련이수자,모범예비군,복무중인현역병,사회복무요원,전문산업기능요원,병역명문가","없음 | 혜택기간: 2024-06-21~","동원훈련이수증,모범예비군증,복무확인서 등","공공데이터","https://www.mma.go.kr/about/udgg/list.do?mc=mma0003357","2026-08-15","현재 공식 근거에서 혜택·적용대상·조건이 유지되는지 확인","미검토","","","","","아니오",""
"323","P1","옥천냉면","경기도","안양시","경기도 안양시 동안구관악대로374번길9- 211층 (관양동)","서비스 이용료의 10% 할인","동원훈련이수자,모범예비군,복무중인현역병,사회복무요원,전문산업기능요원,병역명문가","없음 | 혜택기간: 2024-08-12~","동원훈련이수증,모범예비군증,복무확인서 등","공공데이터","https://www.mma.go.kr/about/udgg/list.do?mc=mma0003357","2026-08-15","현재 공식 근거에서 혜택·적용대상·조건이 유지되는지 확인","미검토","","","","","아니오",""
"324","P1","외할머니소머리국밥","경기도","안양시","경기도 안양시 동안구안양판교로14- 1(관양동)","서비스 이용료의 10% 할인","동원훈련이수자,모범예비군,복무중인현역병,사회복무요원,전문산업기능요원,병역명문가","없음 | 혜택기간: 2024-06-21~","동원훈련이수증,모범예비군증,복무확인서 등","공공데이터","https://www.mma.go.kr/about/udgg/list.do?mc=mma0003357","2026-08-15","현재 공식 근거에서 혜택·적용대상·조건이 유지되는지 확인","미검토","","","","","아니오",""
"325","P1","이엔(주)양파백세탕","경기도","안양시","경기도 안양시 동안구동편로20번길16109호(관양동, 신안시티)","칼국수 1인분(3000원 상당) 서비스","동원훈련이수자,모범예비군,복무중인현역병,사회복무요원,전문산업기능요원,병역명문가","없음 | 혜택기간: 2024-08-21~","동원훈련이수증,모범예비군증,복무확인서 등","공공데이터","https://www.mma.go.kr/about/udgg/list.do?mc=mma0003357","2026-08-15","현재 공식 근거에서 혜택·적용대상·조건이 유지되는지 확인","미검토","","","","","아니오",""
"326","P1","한제소곱창전골 안양일번가점","경기도","안양시","경기도 안양시 만안구장내로139- 01층 (안양동)","서비스이용료의 5%할인(주류제외)","동원훈련이수자, 모범예비군, 복무중인 현역병, 사회복무요원, 전문산업기능요원, 병역명문가","없음 | 혜택기간: 2024-02-13~","동원훈련이수증, 모범예비군증, 복무확인서 등","공공데이터","https://www.mma.go.kr/about/udgg/list.do?mc=mma0003357","2026-08-15","현재 공식 근거에서 혜택·적용대상·조건이 유지되는지 확인","미검토","","","","","아니오",""
"327","P1","황기순손칼국수&왕돈까스","경기도","안양시","경기도 안양시 동안구인덕원로13(관양동)","서비스 이용료의 20% 할인","동원훈련이수자,모범예비군,복무중인현역병,사회복무요원,전문산업기능요원,병역명문가","없음 | 혜택기간: 2024-06-11~","동원훈련이수증,모범예비군증,복무확인서 등","공공데이터","https://www.mma.go.kr/about/udgg/list.do?mc=mma0003357","2026-08-15","현재 공식 근거에서 혜택·적용대상·조건이 유지되는지 확인","미검토","","","","","아니오",""
"328","P1","레스트앤드","경기도","안양시","경기도 안양시 동안구평촌대로419- 7(비산동)","서비스 이용료의 10% 할인 주류 5만원 이상 구매시 마른안주 서비스제공","동원훈련이수자,모범예비군,복무중인현역병,사회복무요원,전문산업기능요원,병역명문가","없음 | 혜택기간: 2024-06-21~","동원훈련이수증,모범예비군증,복무확인서 등","공공데이터","https://www.mma.go.kr/about/udgg/list.do?mc=mma0003357","2026-08-15","현재 공식 근거에서 혜택·적용대상·조건이 유지되는지 확인","미검토","","","","","아니오",""
"329","P1","안다미로","경기도","안양시","경기도 안양시 동안구평촌대로440(비산동)","서비스 이용료의 10% 할인","동원훈련이수자,모범예비군,복무중인현역병,사회복무요원,전문산업기능요원,병역명문가","없음 | 혜택기간: 2024-07-02~","동원훈련이수증,모범예비군증,복무확인서 등","공공데이터","https://www.mma.go.kr/about/udgg/list.do?mc=mma0003357","2026-08-15","현재 공식 근거에서 혜택·적용대상·조건이 유지되는지 확인","미검토","","","","","아니오",""
"330","P1","오로라케이크&쿠키","경기도","안양시","경기도 안양시 동안구동편로1461층 (관양동)","서비스 이용료의 10% 할인","동원훈련이수자,모범예비군,복무중인현역병,사회복무요원,전문산업기능요원,병역명문가","없음 | 혜택기간: 2024-06-03~","동원훈련이수증,모범예비군증,복무확인서 등","공공데이터","https://www.mma.go.kr/about/udgg/list.do?mc=mma0003357","2026-08-15","현재 공식 근거에서 혜택·적용대상·조건이 유지되는지 확인","미검토","","","","","아니오",""
"331","P1","카페 두둥실","경기도","안양시","경기도 안양시 동안구시민대로187102호(비산동, 안양건설타워)","무료 사이즈업","동원훈련이수자,모범예비군,복무중인현역병,사회복무요원,전문산업기능요원,병역명문가","없음 | 혜택기간: 2024-09-19~","동원훈련이수증,모범예비군증,복무확인서 등","공공데이터","https://www.mma.go.kr/about/udgg/list.do?mc=mma0003357","2026-08-15","현재 공식 근거에서 혜택·적용대상·조건이 유지되는지 확인","미검토","","","","","아니오",""
"332","P1","카페카린","경기도","안양시","경기도 안양시 동안구관악대로2721층 (비산동)","서비스 이용료의 5% 할인(음료만 해당)","동원훈련이수자,모범예비군,복무중인현역병,사회복무요원,전문산업기능요원,병역명문가","없음 | 혜택기간: 2024-07-11~","동원훈련이수증,모범예비군증,복무확인서 등","공공데이터","https://www.mma.go.kr/about/udgg/list.do?mc=mma0003357","2026-08-15","현재 공식 근거에서 혜택·적용대상·조건이 유지되는지 확인","미검토","","","","","아니오",""
"333","P1","켄커피","경기도","안양시","경기도 안양시 만안구안양로110105호1층 (안양동)","서비스 이용료의 5% 할인","동원훈련이수자,모범예비군,복무중인현역병,사회복무요원,전문산업기능요원,병역명문가","없음 | 혜택기간: 2024-06-05~","동원훈련이수증,모범예비군증,복무확인서 등","공공데이터","https://www.mma.go.kr/about/udgg/list.do?mc=mma0003357","2026-08-15","현재 공식 근거에서 혜택·적용대상·조건이 유지되는지 확인","미검토","","","","","아니오",""
"334","P1","켄커피(본점)","경기도","안양시","경기도 안양시 만안구예술공원로164- 1(안양동)","서비스 이용료의 5% 할인","동원훈련이수자,모범예비군,복무중인현역병,사회복무요원,전문산업기능요원,병역명문가","없음 | 혜택기간: 2024-06-05~","동원훈련이수증,모범예비군증,복무확인서 등","공공데이터","https://www.mma.go.kr/about/udgg/list.do?mc=mma0003357","2026-08-15","현재 공식 근거에서 혜택·적용대상·조건이 유지되는지 확인","미검토","","","","","아니오",""
"335","P1","콩고커피","경기도","안양시","경기도 안양시 동안구관평로182- 171층 (관양동)","서비스 이용료의 5% 할인","동원훈련이수자,모범예비군,복무중인현역병,사회복무요원,전문산업기능요원,병역명문가","없음 | 혜택기간: 2024-06-05~","동원훈련이수증,모범예비군증,복무확인서 등","공공데이터","https://www.mma.go.kr/about/udgg/list.do?mc=mma0003357","2026-08-15","현재 공식 근거에서 혜택·적용대상·조건이 유지되는지 확인","미검토","","","","","아니오",""
"336","P1","페이보릿커피","경기도","안양시","경기도 안양시 만안구안양천서로177상가1동36호2층 (안양동)","서비스 이용료의 10% 할인(음료만 할인)","동원훈련이수자,모범예비군,복무중인현역병,사회복무요원,전문산업기능요원,병역명문가","없음 | 혜택기간: 2024-07-03~","동원훈련이수증,모범예비군증,복무확인서 등","공공데이터","https://www.mma.go.kr/about/udgg/list.do?mc=mma0003357","2026-08-15","현재 공식 근거에서 혜택·적용대상·조건이 유지되는지 확인","미검토","","","","","아니오",""
"337","P1","가마골 백숙","경기도","양주시","경기도 양주시 장흥면 북한산로 1028","군 장병 대상 상시 할인(할인율·적용 품목은 업소별 상이, 방문 전 문의)","군 장병","상시 참여업소 목록이며 세부 할인율은 업소별 문의","군인 신분 확인자료(방문 전 문의)","지자체 공식 자료","https://www.yangju.go.kr/www/selectBbsNttView.do?bbsNo=13&key=202&nttNo=198019","2026-08-15","현재 공식 근거에서 혜택·적용대상·조건이 유지되는지 확인","미검토","","","","","아니오",""
"338","P1","거석골","경기도","양주시","경기도 양주시 백석읍 기산로 503","군 장병 대상 상시 할인(할인율·적용 품목은 업소별 상이, 방문 전 문의)","군 장병","상시 참여업소 목록이며 세부 할인율은 업소별 문의","군인 신분 확인자료(방문 전 문의)","지자체 공식 자료","https://www.yangju.go.kr/www/selectBbsNttView.do?bbsNo=13&key=202&nttNo=198019","2026-08-15","현재 공식 근거에서 혜택·적용대상·조건이 유지되는지 확인","미검토","","","","","아니오",""
"339","P1","거시기닭갈비","경기도","양주시","경기도 양주시 엄상동길 22-25","군 장병 대상 상시 할인(할인율·적용 품목은 업소별 상이, 방문 전 문의)","군 장병","상시 참여업소 목록이며 세부 할인율은 업소별 문의","군인 신분 확인자료(방문 전 문의)","지자체 공식 자료","https://www.yangju.go.kr/www/selectBbsNttView.do?bbsNo=13&key=202&nttNo=198019","2026-08-15","현재 공식 근거에서 혜택·적용대상·조건이 유지되는지 확인","미검토","","","","","아니오",""
"340","P1","고봉막국수","경기도","양주시","경기도 양주시 장흥면 권율로 88, 상가동 1층","군 장병 대상 상시 할인(할인율·적용 품목은 업소별 상이, 방문 전 문의)","군 장병","상시 참여업소 목록이며 세부 할인율은 업소별 문의","군인 신분 확인자료(방문 전 문의)","지자체 공식 자료","https://www.yangju.go.kr/www/selectBbsNttView.do?bbsNo=13&key=202&nttNo=198019","2026-08-15","현재 공식 근거에서 혜택·적용대상·조건이 유지되는지 확인","미검토","","","","","아니오",""
"341","P1","구들장생고기","경기도","양주시","경기도 양주시 엄상동길 66","군 장병 대상 상시 할인(할인율·적용 품목은 업소별 상이, 방문 전 문의)","군 장병","상시 참여업소 목록이며 세부 할인율은 업소별 문의","군인 신분 확인자료(방문 전 문의)","지자체 공식 자료","https://www.yangju.go.kr/www/selectBbsNttView.do?bbsNo=13&key=202&nttNo=198019","2026-08-15","현재 공식 근거에서 혜택·적용대상·조건이 유지되는지 확인","미검토","","","","","아니오",""
"342","P1","김밥나라","경기도","양주시","경기도 양주시 평화로 1426","군 장병 대상 상시 할인(할인율·적용 품목은 업소별 상이, 방문 전 문의)","군 장병","상시 참여업소 목록이며 세부 할인율은 업소별 문의","군인 신분 확인자료(방문 전 문의)","지자체 공식 자료","https://www.yangju.go.kr/www/selectBbsNttView.do?bbsNo=13&key=202&nttNo=198019","2026-08-15","현재 공식 근거에서 혜택·적용대상·조건이 유지되는지 확인","미검토","","","","","아니오",""
"343","P1","김삿갓토종순대국","경기도","양주시","경기도 양주시 평화로 1556","군 장병 대상 상시 할인(할인율·적용 품목은 업소별 상이, 방문 전 문의)","군 장병","상시 참여업소 목록이며 세부 할인율은 업소별 문의","군인 신분 확인자료(방문 전 문의)","지자체 공식 자료","https://www.yangju.go.kr/www/selectBbsNttView.do?bbsNo=13&key=202&nttNo=198019","2026-08-15","현재 공식 근거에서 혜택·적용대상·조건이 유지되는지 확인","미검토","","","","","아니오",""
"344","P1","다찜(고암점)","경기도","양주시","경기도 양주시 고암길 32","군 장병 대상 상시 할인(할인율·적용 품목은 업소별 상이, 방문 전 문의)","군 장병","상시 참여업소 목록이며 세부 할인율은 업소별 문의","군인 신분 확인자료(방문 전 문의)","지자체 공식 자료","https://www.yangju.go.kr/www/selectBbsNttView.do?bbsNo=13&key=202&nttNo=198019","2026-08-15","현재 공식 근거에서 혜택·적용대상·조건이 유지되는지 확인","미검토","","","","","아니오",""
"345","P1","덕정갈비","경기도","양주시","경기도 양주시 덕정길 58","군 장병 대상 상시 할인(할인율·적용 품목은 업소별 상이, 방문 전 문의)","군 장병","상시 참여업소 목록이며 세부 할인율은 업소별 문의","군인 신분 확인자료(방문 전 문의)","지자체 공식 자료","https://www.yangju.go.kr/www/selectBbsNttView.do?bbsNo=13&key=202&nttNo=198019","2026-08-15","현재 공식 근거에서 혜택·적용대상·조건이 유지되는지 확인","미검토","","","","","아니오",""
"346","P1","두끼떡볶이(양주고읍점)","경기도","양주시","경기도 양주시 고읍남로 36, 2층","군 장병 대상 상시 할인(할인율·적용 품목은 업소별 상이, 방문 전 문의)","군 장병","상시 참여업소 목록이며 세부 할인율은 업소별 문의","군인 신분 확인자료(방문 전 문의)","지자체 공식 자료","https://www.yangju.go.kr/www/selectBbsNttView.do?bbsNo=13&key=202&nttNo=198019","2026-08-15","현재 공식 근거에서 혜택·적용대상·조건이 유지되는지 확인","미검토","","","","","아니오",""
"347","P1","둘째마당바위","경기도","양주시","경기도 양주시 장흥면 권율로309번길 149","군 장병 대상 상시 할인(할인율·적용 품목은 업소별 상이, 방문 전 문의)","군 장병","상시 참여업소 목록이며 세부 할인율은 업소별 문의","군인 신분 확인자료(방문 전 문의)","지자체 공식 자료","https://www.yangju.go.kr/www/selectBbsNttView.do?bbsNo=13&key=202&nttNo=198019","2026-08-15","현재 공식 근거에서 혜택·적용대상·조건이 유지되는지 확인","미검토","","","","","아니오",""
"348","P1","등촌샤브칼국수","경기도","양주시","경기도 양주시 송랑로 64, 1층","군 장병 대상 상시 할인(할인율·적용 품목은 업소별 상이, 방문 전 문의)","군 장병","상시 참여업소 목록이며 세부 할인율은 업소별 문의","군인 신분 확인자료(방문 전 문의)","지자체 공식 자료","https://www.yangju.go.kr/www/selectBbsNttView.do?bbsNo=13&key=202&nttNo=198019","2026-08-15","현재 공식 근거에서 혜택·적용대상·조건이 유지되는지 확인","미검토","","","","","아니오",""
"349","P1","등촌칼국수","경기도","양주시","경기도 양주시 백석읍 고릉말로150번길 28 (1층)","군 장병 대상 상시 할인(할인율·적용 품목은 업소별 상이, 방문 전 문의)","군 장병","상시 참여업소 목록이며 세부 할인율은 업소별 문의","군인 신분 확인자료(방문 전 문의)","지자체 공식 자료","https://www.yangju.go.kr/www/selectBbsNttView.do?bbsNo=13&key=202&nttNo=198019","2026-08-15","현재 공식 근거에서 혜택·적용대상·조건이 유지되는지 확인","미검토","","","","","아니오",""
"350","P1","만두와김밥마을","경기도","양주시","경기도 양주시 부흥로 2122","군 장병 대상 상시 할인(할인율·적용 품목은 업소별 상이, 방문 전 문의)","군 장병","상시 참여업소 목록이며 세부 할인율은 업소별 문의","군인 신분 확인자료(방문 전 문의)","지자체 공식 자료","https://www.yangju.go.kr/www/selectBbsNttView.do?bbsNo=13&key=202&nttNo=198019","2026-08-15","현재 공식 근거에서 혜택·적용대상·조건이 유지되는지 확인","미검토","","","","","아니오",""
"351","P1","만수장","경기도","양주시","경기도 양주시 평화로 1552-1","군 장병 대상 상시 할인(할인율·적용 품목은 업소별 상이, 방문 전 문의)","군 장병","상시 참여업소 목록이며 세부 할인율은 업소별 문의","군인 신분 확인자료(방문 전 문의)","지자체 공식 자료","https://www.yangju.go.kr/www/selectBbsNttView.do?bbsNo=13&key=202&nttNo=198019","2026-08-15","현재 공식 근거에서 혜택·적용대상·조건이 유지되는지 확인","미검토","","","","","아니오",""
"352","P1","본도시락 덕정점","경기도","양주시","경기도 양주시 독바위로 9","군 장병 대상 상시 할인(할인율·적용 품목은 업소별 상이, 방문 전 문의)","군 장병","상시 참여업소 목록이며 세부 할인율은 업소별 문의","군인 신분 확인자료(방문 전 문의)","지자체 공식 자료","https://www.yangju.go.kr/www/selectBbsNttView.do?bbsNo=13&key=202&nttNo=198019","2026-08-15","현재 공식 근거에서 혜택·적용대상·조건이 유지되는지 확인","미검토","","","","","아니오",""
"353","P1","산하식당","경기도","양주시","경기도 양주시 백석읍 기산로 410","군 장병 대상 상시 할인(할인율·적용 품목은 업소별 상이, 방문 전 문의)","군 장병","상시 참여업소 목록이며 세부 할인율은 업소별 문의","군인 신분 확인자료(방문 전 문의)","지자체 공식 자료","https://www.yangju.go.kr/www/selectBbsNttView.do?bbsNo=13&key=202&nttNo=198019","2026-08-15","현재 공식 근거에서 혜택·적용대상·조건이 유지되는지 확인","미검토","","","","","아니오",""
"354","P1","삼호산장","경기도","양주시","경기도 양주시 백석읍 기산로 435","군 장병 대상 상시 할인(할인율·적용 품목은 업소별 상이, 방문 전 문의)","군 장병","상시 참여업소 목록이며 세부 할인율은 업소별 문의","군인 신분 확인자료(방문 전 문의)","지자체 공식 자료","https://www.yangju.go.kr/www/selectBbsNttView.do?bbsNo=13&key=202&nttNo=198019","2026-08-15","현재 공식 근거에서 혜택·적용대상·조건이 유지되는지 확인","미검토","","","","","아니오",""
"355","P1","소문난쭈꾸미생삼겹","경기도","양주시","경기도 양주시 엄상동길 50-16","군 장병 대상 상시 할인(할인율·적용 품목은 업소별 상이, 방문 전 문의)","군 장병","상시 참여업소 목록이며 세부 할인율은 업소별 문의","군인 신분 확인자료(방문 전 문의)","지자체 공식 자료","https://www.yangju.go.kr/www/selectBbsNttView.do?bbsNo=13&key=202&nttNo=198019","2026-08-15","현재 공식 근거에서 혜택·적용대상·조건이 유지되는지 확인","미검토","","","","","아니오",""
"356","P1","술들다","경기도","양주시","경기도 양주시 덕정4길 11","군 장병 대상 상시 할인(할인율·적용 품목은 업소별 상이, 방문 전 문의)","군 장병","상시 참여업소 목록이며 세부 할인율은 업소별 문의","군인 신분 확인자료(방문 전 문의)","지자체 공식 자료","https://www.yangju.go.kr/www/selectBbsNttView.do?bbsNo=13&key=202&nttNo=198019","2026-08-15","현재 공식 근거에서 혜택·적용대상·조건이 유지되는지 확인","미검토","","","","","아니오",""
"357","P1","안다미로 샤브샤브","경기도","양주시","경기도 양주시 엄상동길 22-26","군 장병 대상 상시 할인(할인율·적용 품목은 업소별 상이, 방문 전 문의)","군 장병","상시 참여업소 목록이며 세부 할인율은 업소별 문의","군인 신분 확인자료(방문 전 문의)","지자체 공식 자료","https://www.yangju.go.kr/www/selectBbsNttView.do?bbsNo=13&key=202&nttNo=198019","2026-08-15","현재 공식 근거에서 혜택·적용대상·조건이 유지되는지 확인","미검토","","","","","아니오",""
"358","P1","야한소갈비살","경기도","양주시","경기도 양주시 엄상동길 30-3","군 장병 대상 상시 할인(할인율·적용 품목은 업소별 상이, 방문 전 문의)","군 장병","상시 참여업소 목록이며 세부 할인율은 업소별 문의","군인 신분 확인자료(방문 전 문의)","지자체 공식 자료","https://www.yangju.go.kr/www/selectBbsNttView.do?bbsNo=13&key=202&nttNo=198019","2026-08-15","현재 공식 근거에서 혜택·적용대상·조건이 유지되는지 확인","미검토","","","","","아니오",""
"359","P1","여울마당","경기도","양주시","경기도 양주시 장흥면 유원지로 318","군 장병 대상 상시 할인(할인율·적용 품목은 업소별 상이, 방문 전 문의)","군 장병","상시 참여업소 목록이며 세부 할인율은 업소별 문의","군인 신분 확인자료(방문 전 문의)","지자체 공식 자료","https://www.yangju.go.kr/www/selectBbsNttView.do?bbsNo=13&key=202&nttNo=198019","2026-08-15","현재 공식 근거에서 혜택·적용대상·조건이 유지되는지 확인","미검토","","","","","아니오",""
"360","P1","이시돌선생의 약선도가","경기도","양주시","경기도 양주시 장흥면 권율로 88","군 장병 대상 상시 할인(할인율·적용 품목은 업소별 상이, 방문 전 문의)","군 장병","상시 참여업소 목록이며 세부 할인율은 업소별 문의","군인 신분 확인자료(방문 전 문의)","지자체 공식 자료","https://www.yangju.go.kr/www/selectBbsNttView.do?bbsNo=13&key=202&nttNo=198019","2026-08-15","현재 공식 근거에서 혜택·적용대상·조건이 유지되는지 확인","미검토","","","","","아니오",""
"361","P1","장어천국","경기도","양주시","경기도 양주시 어하고개로 1, (1층일부, 2층일부)","군 장병 대상 상시 할인(할인율·적용 품목은 업소별 상이, 방문 전 문의)","군 장병","상시 참여업소 목록이며 세부 할인율은 업소별 문의","군인 신분 확인자료(방문 전 문의)","지자체 공식 자료","https://www.yangju.go.kr/www/selectBbsNttView.do?bbsNo=13&key=202&nttNo=198019","2026-08-15","현재 공식 근거에서 혜택·적용대상·조건이 유지되는지 확인","미검토","","","","","아니오",""
"362","P1","장흥숯불갈비","경기도","양주시","경기도 양주시 화합로1361번길 32","군 장병 대상 상시 할인(할인율·적용 품목은 업소별 상이, 방문 전 문의)","군 장병","상시 참여업소 목록이며 세부 할인율은 업소별 문의","군인 신분 확인자료(방문 전 문의)","지자체 공식 자료","https://www.yangju.go.kr/www/selectBbsNttView.do?bbsNo=13&key=202&nttNo=198019","2026-08-15","현재 공식 근거에서 혜택·적용대상·조건이 유지되는지 확인","미검토","","","","","아니오",""
"363","P1","정주산장","경기도","양주시","경기도 양주시 장흥면 호국로550번길 102-127","군 장병 대상 상시 할인(할인율·적용 품목은 업소별 상이, 방문 전 문의)","군 장병","상시 참여업소 목록이며 세부 할인율은 업소별 문의","군인 신분 확인자료(방문 전 문의)","지자체 공식 자료","https://www.yangju.go.kr/www/selectBbsNttView.do?bbsNo=13&key=202&nttNo=198019","2026-08-15","현재 공식 근거에서 혜택·적용대상·조건이 유지되는지 확인","미검토","","","","","아니오",""
"364","P1","쪽삼","경기도","양주시","경기도 양주시 어하고개로 56, 1층","군 장병 대상 상시 할인(할인율·적용 품목은 업소별 상이, 방문 전 문의)","군 장병","상시 참여업소 목록이며 세부 할인율은 업소별 문의","군인 신분 확인자료(방문 전 문의)","지자체 공식 자료","https://www.yangju.go.kr/www/selectBbsNttView.do?bbsNo=13&key=202&nttNo=198019","2026-08-15","현재 공식 근거에서 혜택·적용대상·조건이 유지되는지 확인","미검토","","","","","아니오",""
"365","P1","초가마을","경기도","양주시","경기도 양주시 장흥면 권율로309번길 159","군 장병 대상 상시 할인(할인율·적용 품목은 업소별 상이, 방문 전 문의)","군 장병","상시 참여업소 목록이며 세부 할인율은 업소별 문의","군인 신분 확인자료(방문 전 문의)","지자체 공식 자료","https://www.yangju.go.kr/www/selectBbsNttView.do?bbsNo=13&key=202&nttNo=198019","2026-08-15","현재 공식 근거에서 혜택·적용대상·조건이 유지되는지 확인","미검토","","","","","아니오",""
"366","P1","최가네양구펀치볼시래기","경기도","양주시","경기도 양주시 백석읍 호명로 51","군 장병 대상 상시 할인(할인율·적용 품목은 업소별 상이, 방문 전 문의)","군 장병","상시 참여업소 목록이며 세부 할인율은 업소별 문의","군인 신분 확인자료(방문 전 문의)","지자체 공식 자료","https://www.yangju.go.kr/www/selectBbsNttView.do?bbsNo=13&key=202&nttNo=198019","2026-08-15","현재 공식 근거에서 혜택·적용대상·조건이 유지되는지 확인","미검토","","","","","아니오",""
"367","P1","페트라숯불구이","경기도","양주시","경기도 양주시 장흥면 일영로 601-100","군 장병 대상 상시 할인(할인율·적용 품목은 업소별 상이, 방문 전 문의)","군 장병","상시 참여업소 목록이며 세부 할인율은 업소별 문의","군인 신분 확인자료(방문 전 문의)","지자체 공식 자료","https://www.yangju.go.kr/www/selectBbsNttView.do?bbsNo=13&key=202&nttNo=198019","2026-08-15","현재 공식 근거에서 혜택·적용대상·조건이 유지되는지 확인","미검토","","","","","아니오",""
"368","P1","행복한사람들","경기도","양주시","경기도 양주시 백석읍 권율로 852","군 장병 대상 상시 할인(할인율·적용 품목은 업소별 상이, 방문 전 문의)","군 장병","상시 참여업소 목록이며 세부 할인율은 업소별 문의","군인 신분 확인자료(방문 전 문의)","지자체 공식 자료","https://www.yangju.go.kr/www/selectBbsNttView.do?bbsNo=13&key=202&nttNo=198019","2026-08-15","현재 공식 근거에서 혜택·적용대상·조건이 유지되는지 확인","미검토","","","","","아니오",""
"369","P1","도원가든","경기도","연천군","경기도 연천군청산면청신로308(청산면초성리)","서비스 이용료의 5% 할인","예비군(당해연도 병무청 주관 동원훈련 이수자 및 병무청 모범 예비군 선발자),복무중인 사람,병역명문가","제한없음 | 혜택기간: 2024-08-14~2026-12-31","당해년도 동원훈련이수증, 복무확인서, 병역명문가","공공데이터","https://www.mma.go.kr/about/udgg/list.do?mc=mma0003357","2026-08-15","현재 공식 근거에서 혜택·적용대상·조건이 유지되는지 확인","미검토","","","","","아니오",""
"370","P1","레이트 체크아웃","경기도","연천군","경기도 연천군전곡읍은대성로984층 (전곡읍은대리)","서비스 이용료의 10% 할인","예비군(당해연도 병무청 주관 동원훈련 이수자 및 병무청 모범 예비군 선발자),복무중인 사람,병역명문가","없음 | 혜택기간: 2024-02-28~","당해년도 동원훈련이수증, 복무확인서, 병역명문가","공공데이터","https://www.mma.go.kr/about/udgg/list.do?mc=mma0003357","2026-08-15","현재 공식 근거에서 혜택·적용대상·조건이 유지되는지 확인","미검토","","","","","아니오",""
"371","P1","올리브","경기도","연천군","경기도 연천군청산면청신로336(청산면초성리)","서비스 이용료의 10% 할인","예비군(당해연도 병무청 주관 동원훈련이수자 및 병무청 모범 예비군 선발자), 복무중인 사람, 병역명문가","없음 | 혜택기간: 2024-08-09~2026-12-31","당해연도 동원훈련이수증,복무확인서,병역명문가증","공공데이터","https://www.mma.go.kr/about/udgg/list.do?mc=mma0003357","2026-08-15","현재 공식 근거에서 혜택·적용대상·조건이 유지되는지 확인","미검토","","","","","아니오",""
"372","P1","반하정육회 수지본점","경기도","용인시","경기도 용인시 수지구만현로88120호(상현동)","서비스 이용료의 10% 할인","동원훈련이수자,모범예비군,복무중인현역병,사회복무요원,전문산업기능요원,병역명문가","없음 | 혜택기간: 2026-08-13~","동원훈련이수증,모범예비군증,복무확인서 등","공공데이터","https://www.mma.go.kr/about/udgg/list.do?mc=mma0003357","2026-08-15","현재 공식 근거에서 혜택·적용대상·조건이 유지되는지 확인","미검토","","","","","아니오",""
"373","P1","푸라닭 용인역북점","경기도","용인시","경기도 용인시 처인구금학로235번길261층 (역북동, 선봉레스텔)","- 매장내 메뉴(치킨만) 금액의 10% 할인 - 국군 및 협력업체, 협력자 우대 할인","동원훈련이수자,모범예비군,복무중인현역병,사회복무요원,전문산업기능요원,병역명문가","없음 | 혜택기간: 2026-01-15~","동원훈련이수증,모범예비군증,복무확인서 등","공공데이터","https://www.mma.go.kr/about/udgg/list.do?mc=mma0003357","2026-08-15","현재 공식 근거에서 혜택·적용대상·조건이 유지되는지 확인","미검토","","","","","아니오",""
"374","P1","비비큐 파주운정스타필드점","경기도","파주시","파주시 경의로1240번길 14-11 (와동동)","10% 할인","파주시 관내 주둔 군 장병 및 사회복무요원","업소별 세부 조건 및 중복할인 여부는 방문 전 확인","군인 또는 사회복무요원 신분 확인자료(방문 전 업소 확인 권장)","지자체 공식 자료","https://www.paju.go.kr/user/soldier/BD_discountStoreList.do?q_ctgCd=1001","2026-08-15","현재 공식 근거에서 혜택·적용대상·조건이 유지되는지 확인","미검토","","","","","아니오",""
"375","P1","삼산회관 파주운정가람마을점","경기도","파주시","파주시 가람로51번길 16-30 (와동동) 102호","10% 할인","파주시 관내 주둔 군 장병 및 사회복무요원","업소별 세부 조건 및 중복할인 여부는 방문 전 확인","군인 또는 사회복무요원 신분 확인자료(방문 전 업소 확인 권장)","지자체 공식 자료","https://www.paju.go.kr/user/soldier/BD_discountStoreList.do?q_ctgCd=1001","2026-08-15","현재 공식 근거에서 혜택·적용대상·조건이 유지되는지 확인","미검토","","","","","아니오",""
"376","P1","육심외할머니가든","경기도","파주시","파주시 경의로1240번길 14-11 (와동동) 204호","10% 이상 할인 또는 그에 상응하는 서비스(업소별 상세는 사전 확인)","파주시 관내 주둔 군 장병 및 사회복무요원","업소별 세부 조건 및 중복할인 여부는 방문 전 확인","군인 또는 사회복무요원 신분 확인자료(방문 전 업소 확인 권장)","지자체 공식 자료","https://www.paju.go.kr/user/soldier/BD_discountStoreList.do?q_ctgCd=1001","2026-08-15","현재 공식 근거에서 혜택·적용대상·조건이 유지되는지 확인","미검토","","","","","아니오",""
"377","P1","촉촉베이커리 앤 카페","경기도","파주시","파주시 가람로21번길 47 (와동동) 1층 일부","10%할인","파주시 관내 주둔 군 장병 및 사회복무요원","업소별 세부 조건 및 중복할인 여부는 방문 전 확인","군인 또는 사회복무요원 신분 확인자료(방문 전 업소 확인 권장)","지자체 공식 자료","https://www.paju.go.kr/user/soldier/BD_discountStoreList.do?q_ctgCd=1001","2026-08-15","현재 공식 근거에서 혜택·적용대상·조건이 유지되는지 확인","미검토","","","","","아니오",""
"378","P1","밥꼬 운정점","경기도","파주시","파주시 산내로104번길 21-3 (목동동) 1층","소주 무료","파주시 관내 주둔 군 장병 및 사회복무요원","업소별 세부 조건 및 중복할인 여부는 방문 전 확인","군인 또는 사회복무요원 신분 확인자료(방문 전 업소 확인 권장)","지자체 공식 자료","https://www.paju.go.kr/user/soldier/BD_discountStoreList.do?q_ctgCd=1001","2026-08-15","현재 공식 근거에서 혜택·적용대상·조건이 유지되는지 확인","미검토","","","","","아니오",""
"379","P1","해녀밥상","경기도","파주시","파주시 청암로17번길 25 (목동동) 204호","10%할인","파주시 관내 주둔 군 장병 및 사회복무요원","업소별 세부 조건 및 중복할인 여부는 방문 전 확인","군인 또는 사회복무요원 신분 확인자료(방문 전 업소 확인 권장)","지자체 공식 자료","https://www.paju.go.kr/user/soldier/BD_discountStoreList.do?q_ctgCd=1001","2026-08-15","현재 공식 근거에서 혜택·적용대상·조건이 유지되는지 확인","미검토","","","","","아니오",""
"380","P1","또오리","경기도","파주시","파주시 경의로 999-1 (야당동)","10%할인","파주시 관내 주둔 군 장병 및 사회복무요원","업소별 세부 조건 및 중복할인 여부는 방문 전 확인","군인 또는 사회복무요원 신분 확인자료(방문 전 업소 확인 권장)","지자체 공식 자료","https://www.paju.go.kr/user/soldier/BD_discountStoreList.do?q_ctgCd=1001","2026-08-15","현재 공식 근거에서 혜택·적용대상·조건이 유지되는지 확인","미검토","","","","","아니오",""
"381","P1","삼산회관 파주야당점","경기도","파주시","파주시 경의로 1030 (야당동) 1층 107호","메인메뉴 10% 할인","파주시 관내 주둔 군 장병 및 사회복무요원","업소별 세부 조건 및 중복할인 여부는 방문 전 확인","군인 또는 사회복무요원 신분 확인자료(방문 전 업소 확인 권장)","지자체 공식 자료","https://www.paju.go.kr/user/soldier/BD_discountStoreList.do?q_ctgCd=1001","2026-08-15","현재 공식 근거에서 혜택·적용대상·조건이 유지되는지 확인","미검토","","","","","아니오",""
"382","P1","숙성사돈 운정역점","경기도","파주시","파주시 경의로1240번길 15 (와동동) 유은타워9차 101, 102호","테이블당 음료제공+5%할인","파주시 관내 주둔 군 장병 및 사회복무요원","업소별 세부 조건 및 중복할인 여부는 방문 전 확인","군인 또는 사회복무요원 신분 확인자료(방문 전 업소 확인 권장)","지자체 공식 자료","https://www.paju.go.kr/user/soldier/BD_discountStoreList.do?q_ctgCd=1001","2026-08-15","현재 공식 근거에서 혜택·적용대상·조건이 유지되는지 확인","미검토","","","","","아니오",""
"383","P1","양복점 파주야당점","경기도","파주시","파주시 소리천로8번길 36 (야당동) 106~107호","10% 할인","파주시 관내 주둔 군 장병 및 사회복무요원","업소별 세부 조건 및 중복할인 여부는 방문 전 확인","군인 또는 사회복무요원 신분 확인자료(방문 전 업소 확인 권장)","지자체 공식 자료","https://www.paju.go.kr/user/soldier/BD_discountStoreList.do?q_ctgCd=1001","2026-08-15","현재 공식 근거에서 혜택·적용대상·조건이 유지되는지 확인","미검토","","","","","아니오",""
"384","P1","브런치빈 파주점","경기도","파주시","파주시 경의로 1090 (야당동) 802,803호","사이드 메뉴 제공","파주시 관내 주둔 군 장병 및 사회복무요원","업소별 세부 조건 및 중복할인 여부는 방문 전 확인","군인 또는 사회복무요원 신분 확인자료(방문 전 업소 확인 권장)","지자체 공식 자료","https://www.paju.go.kr/user/soldier/BD_discountStoreList.do?q_ctgCd=1001","2026-08-15","현재 공식 근거에서 혜택·적용대상·조건이 유지되는지 확인","미검토","","","","","아니오",""
"385","P1","말랭이국수","경기도","파주시","파주시 월롱면 통일로 725 1층 일부","음료수 제공","파주시 관내 주둔 군 장병 및 사회복무요원","업소별 세부 조건 및 중복할인 여부는 방문 전 확인","군인 또는 사회복무요원 신분 확인자료(방문 전 업소 확인 권장)","지자체 공식 자료","https://www.paju.go.kr/user/soldier/BD_discountStoreList.do?q_ctgCd=1001","2026-08-15","현재 공식 근거에서 혜택·적용대상·조건이 유지되는지 확인","미검토","","","","","아니오",""
"386","P1","국수사랑","경기도","의왕시","경기도 의왕시계원대학로34106호(내손동, 신우프라자)","곱배기 서비스","동원훈련이수자,모범예비군,복무중인현역병,사회복무요원,전문산업기능요원,병역명문가","없음 | 혜택기간: 2024-09-19~","동원훈련이수증,모범예비군증,복무확인서 등","공공데이터","https://www.mma.go.kr/about/udgg/list.do?mc=mma0003357","2026-08-15","현재 공식 근거에서 혜택·적용대상·조건이 유지되는지 확인","미검토","","","","","아니오",""
"387","P1","그릭당","경기도","의정부시","경기도 의정부시시민로19번길22- 9(의정부동, 1층)","서비스 이용료의 10% 할인 세부 증빙자료 : 당해연도 동원훈련이수증,모범예비군증,복무확인서,병역명문가증","예비군(당해연도 병무청 주관 동원훈련 이수자 및 병무청 모범 예비군 선발자),복무중인 사람,병역명문가","없음 | 혜택기간: 2025-04-03~2026-12-31","당해연도 동원훈련이수증,모범예비군증,복무확인서","공공데이터","https://www.mma.go.kr/about/udgg/list.do?mc=mma0003357","2026-08-15","현재 공식 근거에서 혜택·적용대상·조건이 유지되는지 확인","미검토","","","","","아니오",""
"388","P1","꽃담수","경기도","의정부시","경기도 의정부시망월로18- 11107동102호(호원동, 신일타운하우스)","서비스 이용료의 5% 할인","동원훈련 이수자, 현역병.사회복무요원 등 복무자, 병역명문가","제한없음 | 혜택기간: 2024-04-03~2026-12-31","당해년도 훈련이수증, 복무확인서, 병역명문가증","공공데이터","https://www.mma.go.kr/about/udgg/list.do?mc=mma0003357","2026-08-15","현재 공식 근거에서 혜택·적용대상·조건이 유지되는지 확인","미검토","","","","","아니오",""
"389","P1","민스","경기도","의정부시","경기도 의정부시안말로8번길481층 (호원동)","(카페)음료 5% 할인","예비군(당해년도 훈련이수자 및 모범예비군), 복무중인 사람, 병역명문가","제한없음 | 혜택기간: 2023-12-15~","당해년도 훈련이수증, 복무확인서, 병역명문가증","공공데이터","https://www.mma.go.kr/about/udgg/list.do?mc=mma0003357","2026-08-15","현재 공식 근거에서 혜택·적용대상·조건이 유지되는지 확인","미검토","","","","","아니오",""
"390","P1","수진이네","경기도","이천시","경기도 이천시신둔면경충대로3159번길12- 26(신둔면수광리)","서비스 이용료의 10% 할인","동원훈련이수자,모범예비군,복무중인현역병,사회복무요원,전문산업기능요원,병역명문가","없음 | 혜택기간: 2024-08-13~","동원훈련이수증,모범예비군증,복무확인서 등","공공데이터","https://www.mma.go.kr/about/udgg/list.do?mc=mma0003357","2026-08-15","현재 공식 근거에서 혜택·적용대상·조건이 유지되는지 확인","미검토","","","","","아니오",""
"391","P1","예원헤어크레앙스","경기도","파주시","파주시 적성면 솥뒤로 16","10%할인","파주시 관내 주둔 군 장병 및 사회복무요원","업소별 세부 조건 및 중복할인 여부는 방문 전 확인","군인 또는 사회복무요원 신분 확인자료(방문 전 업소 확인 권장)","지자체 공식 자료","https://www.paju.go.kr/user/soldier/BD_discountStoreList.do?q_ctgCd=1004","2026-08-15","현재 공식 근거에서 혜택·적용대상·조건이 유지되는지 확인","미검토","","","","","아니오",""
"392","P1","승원장","경기도","파주시","파주시 적성면 칠중5길 8","10%할인","파주시 관내 주둔 군 장병 및 사회복무요원","업소별 세부 조건 및 중복할인 여부는 방문 전 확인","군인 또는 사회복무요원 신분 확인자료(방문 전 업소 확인 권장)","지자체 공식 자료","https://www.paju.go.kr/user/soldier/BD_discountStoreList.do?q_ctgCd=1002","2026-08-15","현재 공식 근거에서 혜택·적용대상·조건이 유지되는지 확인","미검토","","","","","아니오",""
"393","P1","감악산한우마을구이식당","경기도","파주시","파주시 적성면 솥뒤로 38-1","카드 5%할인+현금 10%할인","파주시 관내 주둔 군 장병 및 사회복무요원","업소별 세부 조건 및 중복할인 여부는 방문 전 확인","군인 또는 사회복무요원 신분 확인자료(방문 전 업소 확인 권장)","지자체 공식 자료","https://www.paju.go.kr/user/soldier/BD_discountStoreList.do?q_ctgCd=1001","2026-08-15","현재 공식 근거에서 혜택·적용대상·조건이 유지되는지 확인","미검토","","","","","아니오",""
"394","P1","그때그집","경기도","파주시","파주시 적성면 솥뒤로 15","5%할인","파주시 관내 주둔 군 장병 및 사회복무요원","업소별 세부 조건 및 중복할인 여부는 방문 전 확인","군인 또는 사회복무요원 신분 확인자료(방문 전 업소 확인 권장)","지자체 공식 자료","https://www.paju.go.kr/user/soldier/BD_discountStoreList.do?q_ctgCd=1001","2026-08-15","현재 공식 근거에서 혜택·적용대상·조건이 유지되는지 확인","미검토","","","","","아니오",""
"395","P1","능이백숙오리닭칼국수","경기도","파주시","파주시 적성면 칠중2길 144","찰밥 또는 국수 제공","파주시 관내 주둔 군 장병 및 사회복무요원","업소별 세부 조건 및 중복할인 여부는 방문 전 확인","군인 또는 사회복무요원 신분 확인자료(방문 전 업소 확인 권장)","지자체 공식 자료","https://www.paju.go.kr/user/soldier/BD_discountStoreList.do?q_ctgCd=1001","2026-08-15","현재 공식 근거에서 혜택·적용대상·조건이 유지되는지 확인","미검토","","","","","아니오",""
"396","P1","두지리강촌매운탕","경기도","파주시","파주시 적성면 술이홀로2316번길 31","5%할인","파주시 관내 주둔 군 장병 및 사회복무요원","업소별 세부 조건 및 중복할인 여부는 방문 전 확인","군인 또는 사회복무요원 신분 확인자료(방문 전 업소 확인 권장)","지자체 공식 자료","https://www.paju.go.kr/user/soldier/BD_discountStoreList.do?q_ctgCd=1001","2026-08-15","현재 공식 근거에서 혜택·적용대상·조건이 유지되는지 확인","미검토","","","","","아니오",""
"397","P1","두지리별장매운탕","경기도","파주시","파주시 적성면 술이홀로2316번길 18","5~10%할인","파주시 관내 주둔 군 장병 및 사회복무요원","업소별 세부 조건 및 중복할인 여부는 방문 전 확인","군인 또는 사회복무요원 신분 확인자료(방문 전 업소 확인 권장)","지자체 공식 자료","https://www.paju.go.kr/user/soldier/BD_discountStoreList.do?q_ctgCd=1001","2026-08-15","현재 공식 근거에서 혜택·적용대상·조건이 유지되는지 확인","미검토","","","","","아니오",""
"398","P1","명랑핫도그 적성점","경기도","파주시","파주시 적성면 청송로 1022 1층","10%할인","파주시 관내 주둔 군 장병 및 사회복무요원","업소별 세부 조건 및 중복할인 여부는 방문 전 확인","군인 또는 사회복무요원 신분 확인자료(방문 전 업소 확인 권장)","지자체 공식 자료","https://www.paju.go.kr/user/soldier/BD_discountStoreList.do?q_ctgCd=1001","2026-08-15","현재 공식 근거에서 혜택·적용대상·조건이 유지되는지 확인","미검토","","","","","아니오",""
"399","P1","산아래","경기도","파주시","파주시 적성면 감악산로1241번길 56","음료수 제공","파주시 관내 주둔 군 장병 및 사회복무요원","업소별 세부 조건 및 중복할인 여부는 방문 전 확인","군인 또는 사회복무요원 신분 확인자료(방문 전 업소 확인 권장)","지자체 공식 자료","https://www.paju.go.kr/user/soldier/BD_discountStoreList.do?q_ctgCd=1001","2026-08-15","현재 공식 근거에서 혜택·적용대상·조건이 유지되는지 확인","미검토","","","","","아니오",""
"400","P1","용화반점","경기도","파주시","파주시 적성면 솥뒤로 28 1층","배달 시 음료수+만두 제공","파주시 관내 주둔 군 장병 및 사회복무요원","업소별 세부 조건 및 중복할인 여부는 방문 전 확인","군인 또는 사회복무요원 신분 확인자료(방문 전 업소 확인 권장)","지자체 공식 자료","https://www.paju.go.kr/user/soldier/BD_discountStoreList.do?q_ctgCd=1001","2026-08-15","현재 공식 근거에서 혜택·적용대상·조건이 유지되는지 확인","미검토","","","","","아니오",""
"401","P1","원조두지리매운탕 1호점","경기도","파주시","파주시 적성면 술이홀로2316번길 45","10%할인","파주시 관내 주둔 군 장병 및 사회복무요원","업소별 세부 조건 및 중복할인 여부는 방문 전 확인","군인 또는 사회복무요원 신분 확인자료(방문 전 업소 확인 권장)","지자체 공식 자료","https://www.paju.go.kr/user/soldier/BD_discountStoreList.do?q_ctgCd=1001","2026-08-15","현재 공식 근거에서 혜택·적용대상·조건이 유지되는지 확인","미검토","","","","","아니오",""
"402","P1","유진참치","경기도","파주시","파주시 적성면 감악산로 1226","음료수 제공","파주시 관내 주둔 군 장병 및 사회복무요원","업소별 세부 조건 및 중복할인 여부는 방문 전 확인","군인 또는 사회복무요원 신분 확인자료(방문 전 업소 확인 권장)","지자체 공식 자료","https://www.paju.go.kr/user/soldier/BD_discountStoreList.do?q_ctgCd=1001","2026-08-15","현재 공식 근거에서 혜택·적용대상·조건이 유지되는지 확인","미검토","","","","","아니오",""
"403","P1","임진강매운탕","경기도","파주시","파주시 적성면 술이홀로2316번길 39","5%할인","파주시 관내 주둔 군 장병 및 사회복무요원","업소별 세부 조건 및 중복할인 여부는 방문 전 확인","군인 또는 사회복무요원 신분 확인자료(방문 전 업소 확인 권장)","지자체 공식 자료","https://www.paju.go.kr/user/soldier/BD_discountStoreList.do?q_ctgCd=1001","2026-08-15","현재 공식 근거에서 혜택·적용대상·조건이 유지되는지 확인","미검토","","","","","아니오",""
"404","P1","임진강 인천식당 한우마을","경기도","파주시","파주시 적성면 솥뒤로37번길 4","공기밥+음료수 제공","파주시 관내 주둔 군 장병 및 사회복무요원","업소별 세부 조건 및 중복할인 여부는 방문 전 확인","군인 또는 사회복무요원 신분 확인자료(방문 전 업소 확인 권장)","지자체 공식 자료","https://www.paju.go.kr/user/soldier/BD_discountStoreList.do?q_ctgCd=1001","2026-08-15","현재 공식 근거에서 혜택·적용대상·조건이 유지되는지 확인","미검토","","","","","아니오",""
"405","P1","장단콩퇴골두부","경기도","파주시","파주시 적성면 칠중3길 145","5~10%할인","파주시 관내 주둔 군 장병 및 사회복무요원","업소별 세부 조건 및 중복할인 여부는 방문 전 확인","군인 또는 사회복무요원 신분 확인자료(방문 전 업소 확인 권장)","지자체 공식 자료","https://www.paju.go.kr/user/soldier/BD_discountStoreList.do?q_ctgCd=1001","2026-08-15","현재 공식 근거에서 혜택·적용대상·조건이 유지되는지 확인","미검토","","","","","아니오",""
"406","P1","장수인삼족발보쌈","경기도","파주시","파주시 적성면 칠중3길 15 1층","5%할인","파주시 관내 주둔 군 장병 및 사회복무요원","업소별 세부 조건 및 중복할인 여부는 방문 전 확인","군인 또는 사회복무요원 신분 확인자료(방문 전 업소 확인 권장)","지자체 공식 자료","https://www.paju.go.kr/user/soldier/BD_discountStoreList.do?q_ctgCd=1001","2026-08-15","현재 공식 근거에서 혜택·적용대상·조건이 유지되는지 확인","미검토","","","","","아니오",""
"407","P1","짱미엔","경기도","파주시","파주시 적성면 솥뒤로 14-1","음료수+군만두 제공+곱빼기","파주시 관내 주둔 군 장병 및 사회복무요원","업소별 세부 조건 및 중복할인 여부는 방문 전 확인","군인 또는 사회복무요원 신분 확인자료(방문 전 업소 확인 권장)","지자체 공식 자료","https://www.paju.go.kr/user/soldier/BD_discountStoreList.do?q_ctgCd=1001","2026-08-15","현재 공식 근거에서 혜택·적용대상·조건이 유지되는지 확인","미검토","","","","","아니오",""
"408","P1","탕수육","경기도","파주시","파주시 적성면 청송로 1061 1층","곱빼기(2000원 할인) 또는 음료수 제공","파주시 관내 주둔 군 장병 및 사회복무요원","업소별 세부 조건 및 중복할인 여부는 방문 전 확인","군인 또는 사회복무요원 신분 확인자료(방문 전 업소 확인 권장)","지자체 공식 자료","https://www.paju.go.kr/user/soldier/BD_discountStoreList.do?q_ctgCd=1001","2026-08-15","현재 공식 근거에서 혜택·적용대상·조건이 유지되는지 확인","미검토","","","","","아니오",""
"409","P1","파주연천축협 정육식당","경기도","파주시","파주시 적성면 솥뒤로 32-2","음료수 제공+20%할인","파주시 관내 주둔 군 장병 및 사회복무요원","업소별 세부 조건 및 중복할인 여부는 방문 전 확인","군인 또는 사회복무요원 신분 확인자료(방문 전 업소 확인 권장)","지자체 공식 자료","https://www.paju.go.kr/user/soldier/BD_discountStoreList.do?q_ctgCd=1001","2026-08-15","현재 공식 근거에서 혜택·적용대상·조건이 유지되는지 확인","미검토","","","","","아니오",""
"410","P1","현대식당","경기도","파주시","파주시 적성면 청송로 1039","음료수 제공","파주시 관내 주둔 군 장병 및 사회복무요원","업소별 세부 조건 및 중복할인 여부는 방문 전 확인","군인 또는 사회복무요원 신분 확인자료(방문 전 업소 확인 권장)","지자체 공식 자료","https://www.paju.go.kr/user/soldier/BD_discountStoreList.do?q_ctgCd=1001","2026-08-15","현재 공식 근거에서 혜택·적용대상·조건이 유지되는지 확인","미검토","","","","","아니오",""
"411","P1","화정족발 적성점","경기도","파주시","파주시 적성면 청송로 1027","음료수 제공","파주시 관내 주둔 군 장병 및 사회복무요원","업소별 세부 조건 및 중복할인 여부는 방문 전 확인","군인 또는 사회복무요원 신분 확인자료(방문 전 업소 확인 권장)","지자체 공식 자료","https://www.paju.go.kr/user/soldier/BD_discountStoreList.do?q_ctgCd=1001","2026-08-15","현재 공식 근거에서 혜택·적용대상·조건이 유지되는지 확인","미검토","","","","","아니오",""
"412","P1","애플트리","경기도","파주시","파주시 적성면 국사로 293","10%할인","파주시 관내 주둔 군 장병 및 사회복무요원","업소별 세부 조건 및 중복할인 여부는 방문 전 확인","군인 또는 사회복무요원 신분 확인자료(방문 전 업소 확인 권장)","지자체 공식 자료","https://www.paju.go.kr/user/soldier/BD_discountStoreList.do?q_ctgCd=1001","2026-08-15","현재 공식 근거에서 혜택·적용대상·조건이 유지되는지 확인","미검토","","","","","아니오",""
"413","P1","상원포크","경기도","파주시","파주시 조리읍 봉천로 63","10%할인","파주시 관내 주둔 군 장병 및 사회복무요원","업소별 세부 조건 및 중복할인 여부는 방문 전 확인","군인 또는 사회복무요원 신분 확인자료(방문 전 업소 확인 권장)","지자체 공식 자료","https://www.paju.go.kr/user/soldier/BD_discountStoreList.do?q_ctgCd=1001","2026-08-15","현재 공식 근거에서 혜택·적용대상·조건이 유지되는지 확인","미검토","","","","","아니오",""
"414","P1","샤브올데이 파주봉일천점","경기도","파주시","파주시 조리읍 통일로 292 1층","10%할인","파주시 관내 주둔 군 장병 및 사회복무요원","업소별 세부 조건 및 중복할인 여부는 방문 전 확인","군인 또는 사회복무요원 신분 확인자료(방문 전 업소 확인 권장)","지자체 공식 자료","https://www.paju.go.kr/user/soldier/BD_discountStoreList.do?q_ctgCd=1001","2026-08-15","현재 공식 근거에서 혜택·적용대상·조건이 유지되는지 확인","미검토","","","","","아니오",""
"415","P1","굿타임","경기도","파주시","파주시 탄현면 새오리로161번길 53-34","10%이상 할인(숙박요금 70000→60000원)","파주시 관내 주둔 군 장병 및 사회복무요원","업소별 세부 조건 및 중복할인 여부는 방문 전 확인","군인 또는 사회복무요원 신분 확인자료(방문 전 업소 확인 권장)","지자체 공식 자료","https://www.paju.go.kr/user/soldier/BD_discountStoreList.do?q_ctgCd=1002","2026-08-15","현재 공식 근거에서 혜택·적용대상·조건이 유지되는지 확인","미검토","","","","","아니오",""
"416","P1","벨리타","경기도","파주시","파주시 탄현면 새오리로161번길 53-28","10%이상 할인(숙박요금 70000→60000원)","파주시 관내 주둔 군 장병 및 사회복무요원","업소별 세부 조건 및 중복할인 여부는 방문 전 확인","군인 또는 사회복무요원 신분 확인자료(방문 전 업소 확인 권장)","지자체 공식 자료","https://www.paju.go.kr/user/soldier/BD_discountStoreList.do?q_ctgCd=1002","2026-08-15","현재 공식 근거에서 혜택·적용대상·조건이 유지되는지 확인","미검토","","","","","아니오",""
"417","P1","파주풀빌라워라밸호스텔","경기도","파주시","파주시 탄현면 엘지로 709","10%할인","파주시 관내 주둔 군 장병 및 사회복무요원","업소별 세부 조건 및 중복할인 여부는 방문 전 확인","군인 또는 사회복무요원 신분 확인자료(방문 전 업소 확인 권장)","지자체 공식 자료","https://www.paju.go.kr/user/soldier/BD_discountStoreList.do?q_ctgCd=1002","2026-08-15","현재 공식 근거에서 혜택·적용대상·조건이 유지되는지 확인","미검토","","","","","아니오",""
"418","P1","피카소","경기도","파주시","파주시 탄현면 성동로 34","20%할인","파주시 관내 주둔 군 장병 및 사회복무요원","업소별 세부 조건 및 중복할인 여부는 방문 전 확인","군인 또는 사회복무요원 신분 확인자료(방문 전 업소 확인 권장)","지자체 공식 자료","https://www.paju.go.kr/user/soldier/BD_discountStoreList.do?q_ctgCd=1002","2026-08-15","현재 공식 근거에서 혜택·적용대상·조건이 유지되는지 확인","미검토","","","","","아니오",""
"419","P1","헤이리풀빌라워라밸호스텔","경기도","파주시","파주시 탄현면 샘철길 38-12","10%할인","파주시 관내 주둔 군 장병 및 사회복무요원","업소별 세부 조건 및 중복할인 여부는 방문 전 확인","군인 또는 사회복무요원 신분 확인자료(방문 전 업소 확인 권장)","지자체 공식 자료","https://www.paju.go.kr/user/soldier/BD_discountStoreList.do?q_ctgCd=1002","2026-08-15","현재 공식 근거에서 혜택·적용대상·조건이 유지되는지 확인","미검토","","","","","아니오",""
"420","P1","호텔위즈","경기도","파주시","파주시 탄현면 성동로 20-45","10%할인","파주시 관내 주둔 군 장병 및 사회복무요원","업소별 세부 조건 및 중복할인 여부는 방문 전 확인","군인 또는 사회복무요원 신분 확인자료(방문 전 업소 확인 권장)","지자체 공식 자료","https://www.paju.go.kr/user/soldier/BD_discountStoreList.do?q_ctgCd=1002","2026-08-15","현재 공식 근거에서 혜택·적용대상·조건이 유지되는지 확인","미검토","","","","","아니오",""
"421","P1","DMZ장단콩두부마을","경기도","파주시","파주시 탄현면 평화로 902","10%할인","파주시 관내 주둔 군 장병 및 사회복무요원","업소별 세부 조건 및 중복할인 여부는 방문 전 확인","군인 또는 사회복무요원 신분 확인자료(방문 전 업소 확인 권장)","지자체 공식 자료","https://www.paju.go.kr/user/soldier/BD_discountStoreList.do?q_ctgCd=1001","2026-08-15","현재 공식 근거에서 혜택·적용대상·조건이 유지되는지 확인","미검토","","","","","아니오",""
"422","P1","더위즈(The WIZ)","경기도","파주시","파주시 탄현면 성동로 20-45","20~30%할인","파주시 관내 주둔 군 장병 및 사회복무요원","업소별 세부 조건 및 중복할인 여부는 방문 전 확인","군인 또는 사회복무요원 신분 확인자료(방문 전 업소 확인 권장)","지자체 공식 자료","https://www.paju.go.kr/user/soldier/BD_discountStoreList.do?q_ctgCd=1001","2026-08-15","현재 공식 근거에서 혜택·적용대상·조건이 유지되는지 확인","미검토","","","","","아니오",""
"423","P1","물고기자리","경기도","파주시","파주시 탄현면 헤이리마을길 48-48","10% 할인","파주시 관내 주둔 군 장병 및 사회복무요원","업소별 세부 조건 및 중복할인 여부는 방문 전 확인","군인 또는 사회복무요원 신분 확인자료(방문 전 업소 확인 권장)","지자체 공식 자료","https://www.paju.go.kr/user/soldier/BD_discountStoreList.do?q_ctgCd=1001","2026-08-15","현재 공식 근거에서 혜택·적용대상·조건이 유지되는지 확인","미검토","","","","","아니오",""
"424","P1","베로키오","경기도","파주시","파주시 탄현면 새오리로 74","10%할인","파주시 관내 주둔 군 장병 및 사회복무요원","업소별 세부 조건 및 중복할인 여부는 방문 전 확인","군인 또는 사회복무요원 신분 확인자료(방문 전 업소 확인 권장)","지자체 공식 자료","https://www.paju.go.kr/user/soldier/BD_discountStoreList.do?q_ctgCd=1001","2026-08-15","현재 공식 근거에서 혜택·적용대상·조건이 유지되는지 확인","미검토","","","","","아니오",""
"425","P1","복드림한우고기","경기도","파주시","파주시 탄현면 새오리로 48","5%할인","파주시 관내 주둔 군 장병 및 사회복무요원","업소별 세부 조건 및 중복할인 여부는 방문 전 확인","군인 또는 사회복무요원 신분 확인자료(방문 전 업소 확인 권장)","지자체 공식 자료","https://www.paju.go.kr/user/soldier/BD_discountStoreList.do?q_ctgCd=1001","2026-08-15","현재 공식 근거에서 혜택·적용대상·조건이 유지되는지 확인","미검토","","","","","아니오",""
"426","P1","어화둥둥","경기도","파주시","파주시 탄현면 새오리로 113-46","10%할인","파주시 관내 주둔 군 장병 및 사회복무요원","업소별 세부 조건 및 중복할인 여부는 방문 전 확인","군인 또는 사회복무요원 신분 확인자료(방문 전 업소 확인 권장)","지자체 공식 자료","https://www.paju.go.kr/user/soldier/BD_discountStoreList.do?q_ctgCd=1001","2026-08-15","현재 공식 근거에서 혜택·적용대상·조건이 유지되는지 확인","미검토","","","","","아니오",""
"427","P1","옛날시골밥상","경기도","파주시","파주시 탄현면 새오리로 10","음료수 제공","파주시 관내 주둔 군 장병 및 사회복무요원","업소별 세부 조건 및 중복할인 여부는 방문 전 확인","군인 또는 사회복무요원 신분 확인자료(방문 전 업소 확인 권장)","지자체 공식 자료","https://www.paju.go.kr/user/soldier/BD_discountStoreList.do?q_ctgCd=1001","2026-08-15","현재 공식 근거에서 혜택·적용대상·조건이 유지되는지 확인","미검토","","","","","아니오",""
"428","P1","오두산막국수 통일로직영점","경기도","파주시","파주시 탄현면 성동로 17","10%할인","파주시 관내 주둔 군 장병 및 사회복무요원","업소별 세부 조건 및 중복할인 여부는 방문 전 확인","군인 또는 사회복무요원 신분 확인자료(방문 전 업소 확인 권장)","지자체 공식 자료","https://www.paju.go.kr/user/soldier/BD_discountStoreList.do?q_ctgCd=1001","2026-08-15","현재 공식 근거에서 혜택·적용대상·조건이 유지되는지 확인","미검토","","","","","아니오",""
"429","P1","용궁칼국수","경기도","파주시","파주시 탄현면 새오리로 59-52","10%할인","파주시 관내 주둔 군 장병 및 사회복무요원","업소별 세부 조건 및 중복할인 여부는 방문 전 확인","군인 또는 사회복무요원 신분 확인자료(방문 전 업소 확인 권장)","지자체 공식 자료","https://www.paju.go.kr/user/soldier/BD_discountStoreList.do?q_ctgCd=1001","2026-08-15","현재 공식 근거에서 혜택·적용대상·조건이 유지되는지 확인","미검토","","","","","아니오",""
"430","P1","전라도갈치찜전문점","경기도","파주시","파주시 탄현면 매봉길 12","3%할인","파주시 관내 주둔 군 장병 및 사회복무요원","업소별 세부 조건 및 중복할인 여부는 방문 전 확인","군인 또는 사회복무요원 신분 확인자료(방문 전 업소 확인 권장)","지자체 공식 자료","https://www.paju.go.kr/user/soldier/BD_discountStoreList.do?q_ctgCd=1001","2026-08-15","현재 공식 근거에서 혜택·적용대상·조건이 유지되는지 확인","미검토","","","","","아니오",""
"431","P1","전망대 누룽지 백숙","경기도","파주시","파주시 탄현면 새오리로 215-36","5%할인","파주시 관내 주둔 군 장병 및 사회복무요원","업소별 세부 조건 및 중복할인 여부는 방문 전 확인","군인 또는 사회복무요원 신분 확인자료(방문 전 업소 확인 권장)","지자체 공식 자료","https://www.paju.go.kr/user/soldier/BD_discountStoreList.do?q_ctgCd=1001","2026-08-15","현재 공식 근거에서 혜택·적용대상·조건이 유지되는지 확인","미검토","","","","","아니오",""
"432","P1","짹짹곳간","경기도","파주시","파주시 탄현면 새오리로339번길 79-48 2층","10%할인","파주시 관내 주둔 군 장병 및 사회복무요원","업소별 세부 조건 및 중복할인 여부는 방문 전 확인","군인 또는 사회복무요원 신분 확인자료(방문 전 업소 확인 권장)","지자체 공식 자료","https://www.paju.go.kr/user/soldier/BD_discountStoreList.do?q_ctgCd=1001","2026-08-15","현재 공식 근거에서 혜택·적용대상·조건이 유지되는지 확인","미검토","","","","","아니오",""
"433","P1","청송마루","경기도","파주시","파주시 탄현면 방촌로 1071","10%할인","파주시 관내 주둔 군 장병 및 사회복무요원","업소별 세부 조건 및 중복할인 여부는 방문 전 확인","군인 또는 사회복무요원 신분 확인자료(방문 전 업소 확인 권장)","지자체 공식 자료","https://www.paju.go.kr/user/soldier/BD_discountStoreList.do?q_ctgCd=1001","2026-08-15","현재 공식 근거에서 혜택·적용대상·조건이 유지되는지 확인","미검토","","","","","아니오",""
"434","P1","초원","경기도","파주시","파주시 탄현면 엘씨디로241번길 50-2 B102호","10%할인","파주시 관내 주둔 군 장병 및 사회복무요원","업소별 세부 조건 및 중복할인 여부는 방문 전 확인","군인 또는 사회복무요원 신분 확인자료(방문 전 업소 확인 권장)","지자체 공식 자료","https://www.paju.go.kr/user/soldier/BD_discountStoreList.do?q_ctgCd=1001","2026-08-15","현재 공식 근거에서 혜택·적용대상·조건이 유지되는지 확인","미검토","","","","","아니오",""
"435","P1","최고야짬뽕","경기도","파주시","파주시 탄현면 필승로 490","10%할인","파주시 관내 주둔 군 장병 및 사회복무요원","업소별 세부 조건 및 중복할인 여부는 방문 전 확인","군인 또는 사회복무요원 신분 확인자료(방문 전 업소 확인 권장)","지자체 공식 자료","https://www.paju.go.kr/user/soldier/BD_discountStoreList.do?q_ctgCd=1001","2026-08-15","현재 공식 근거에서 혜택·적용대상·조건이 유지되는지 확인","미검토","","","","","아니오",""
"436","P1","평양만두","경기도","파주시","파주시 탄현면 새오리로 193","10%할인","파주시 관내 주둔 군 장병 및 사회복무요원","업소별 세부 조건 및 중복할인 여부는 방문 전 확인","군인 또는 사회복무요원 신분 확인자료(방문 전 업소 확인 권장)","지자체 공식 자료","https://www.paju.go.kr/user/soldier/BD_discountStoreList.do?q_ctgCd=1001","2026-08-15","현재 공식 근거에서 혜택·적용대상·조건이 유지되는지 확인","미검토","","","","","아니오",""
"437","P1","해민도예","경기도","파주시","파주시 탄현면 새오리로 209-19","10%할인","파주시 관내 주둔 군 장병 및 사회복무요원","업소별 세부 조건 및 중복할인 여부는 방문 전 확인","군인 또는 사회복무요원 신분 확인자료(방문 전 업소 확인 권장)","지자체 공식 자료","https://www.paju.go.kr/user/soldier/BD_discountStoreList.do?q_ctgCd=1001","2026-08-15","현재 공식 근거에서 혜택·적용대상·조건이 유지되는지 확인","미검토","","","","","아니오",""
"438","P1","흔적","경기도","파주시","파주시 탄현면 새오리로 59-20","20%할인","파주시 관내 주둔 군 장병 및 사회복무요원","업소별 세부 조건 및 중복할인 여부는 방문 전 확인","군인 또는 사회복무요원 신분 확인자료(방문 전 업소 확인 권장)","지자체 공식 자료","https://www.paju.go.kr/user/soldier/BD_discountStoreList.do?q_ctgCd=1001","2026-08-15","현재 공식 근거에서 혜택·적용대상·조건이 유지되는지 확인","미검토","","","","","아니오",""
"439","P1","디엠지라운지(DMZ LOUNGE)","경기도","파주시","파주시 탄현면 새오리로161번길 90","10% 이상 할인 또는 그에 상응하는 서비스(업소별 상세는 사전 확인)","파주시 관내 주둔 군 장병 및 사회복무요원","업소별 세부 조건 및 중복할인 여부는 방문 전 확인","군인 또는 사회복무요원 신분 확인자료(방문 전 업소 확인 권장)","지자체 공식 자료","https://www.paju.go.kr/user/soldier/BD_discountStoreList.do?q_ctgCd=1001","2026-08-15","현재 공식 근거에서 혜택·적용대상·조건이 유지되는지 확인","미검토","","","","","아니오",""
"441","P1","카페퀴너스","경기도","파주시","경기도 파주시탄현면새오리로691층 (탄현면성동리, 프로방스힐)","서비스 이용료의 10% 할인","예비군(당해연도 병무청 주관 동원훈련 이수자 및 병무청 모범 예비군 선발자),복무중인 사람,병역명문가","제한없음 | 혜택기간: 2024-08-14~2026-12-31","당해년도 동원훈련이수증, 복무확인서, 병역명문가","공공데이터","https://www.mma.go.kr/about/udgg/list.do?mc=mma0003357","2026-08-15","현재 공식 근거에서 혜택·적용대상·조건이 유지되는지 확인","미검토","","","","","아니오",""
"442","P1","6000컷트","경기도","파주시","파주시 파주읍 술이홀로 470","10%할인","파주시 관내 주둔 군 장병 및 사회복무요원","업소별 세부 조건 및 중복할인 여부는 방문 전 확인","군인 또는 사회복무요원 신분 확인자료(방문 전 업소 확인 권장)","지자체 공식 자료","https://www.paju.go.kr/user/soldier/BD_discountStoreList.do?q_ctgCd=1004","2026-08-15","현재 공식 근거에서 혜택·적용대상·조건이 유지되는지 확인","미검토","","","","","아니오",""
"443","P1","로즈헤어샾","경기도","파주시","파주시 파주읍 파발로 4","12%할인","파주시 관내 주둔 군 장병 및 사회복무요원","업소별 세부 조건 및 중복할인 여부는 방문 전 확인","군인 또는 사회복무요원 신분 확인자료(방문 전 업소 확인 권장)","지자체 공식 자료","https://www.paju.go.kr/user/soldier/BD_discountStoreList.do?q_ctgCd=1004","2026-08-15","현재 공식 근거에서 혜택·적용대상·조건이 유지되는지 확인","미검토","","","","","아니오",""
"444","P1","남해바다","경기도","파주시","파주시 파주읍 시장거리길 59-7","10%할인","파주시 관내 주둔 군 장병 및 사회복무요원","업소별 세부 조건 및 중복할인 여부는 방문 전 확인","군인 또는 사회복무요원 신분 확인자료(방문 전 업소 확인 권장)","지자체 공식 자료","https://www.paju.go.kr/user/soldier/BD_discountStoreList.do?q_ctgCd=1001","2026-08-15","현재 공식 근거에서 혜택·적용대상·조건이 유지되는지 확인","미검토","","","","","아니오",""
"445","P1","뚱이네","경기도","파주시","파주시 파주읍 교육길 45-32 나동 102호","콜라+공기밥 제공+모든 메뉴 곱빼기","파주시 관내 주둔 군 장병 및 사회복무요원","업소별 세부 조건 및 중복할인 여부는 방문 전 확인","군인 또는 사회복무요원 신분 확인자료(방문 전 업소 확인 권장)","지자체 공식 자료","https://www.paju.go.kr/user/soldier/BD_discountStoreList.do?q_ctgCd=1001","2026-08-15","현재 공식 근거에서 혜택·적용대상·조건이 유지되는지 확인","미검토","","","","","아니오",""
"446","P1","바리루스","경기도","파주시","파주시 파주읍 봉서산로 245 2층 일부호","10% 할인","파주시 관내 주둔 군 장병 및 사회복무요원","업소별 세부 조건 및 중복할인 여부는 방문 전 확인","군인 또는 사회복무요원 신분 확인자료(방문 전 업소 확인 권장)","지자체 공식 자료","https://www.paju.go.kr/user/soldier/BD_discountStoreList.do?q_ctgCd=1001","2026-08-15","현재 공식 근거에서 혜택·적용대상·조건이 유지되는지 확인","미검토","","","","","아니오",""
"447","P1","봉황가","경기도","파주시","파주시 파주읍 우계로 35-1","결제금액 10% 할인+음료수 제공","파주시 관내 주둔 군 장병 및 사회복무요원","업소별 세부 조건 및 중복할인 여부는 방문 전 확인","군인 또는 사회복무요원 신분 확인자료(방문 전 업소 확인 권장)","지자체 공식 자료","https://www.paju.go.kr/user/soldier/BD_discountStoreList.do?q_ctgCd=1001","2026-08-15","현재 공식 근거에서 혜택·적용대상·조건이 유지되는지 확인","미검토","","","","","아니오",""
"448","P1","소풍N","경기도","파주시","파주시 파주읍 우계로 24","10%할인","파주시 관내 주둔 군 장병 및 사회복무요원","업소별 세부 조건 및 중복할인 여부는 방문 전 확인","군인 또는 사회복무요원 신분 확인자료(방문 전 업소 확인 권장)","지자체 공식 자료","https://www.paju.go.kr/user/soldier/BD_discountStoreList.do?q_ctgCd=1001","2026-08-15","현재 공식 근거에서 혜택·적용대상·조건이 유지되는지 확인","미검토","","","","","아니오",""
"449","P1","웅이네 의정부부대찌개","경기도","파주시","파주시 파주읍 파발로 9","음료수 제공","파주시 관내 주둔 군 장병 및 사회복무요원","업소별 세부 조건 및 중복할인 여부는 방문 전 확인","군인 또는 사회복무요원 신분 확인자료(방문 전 업소 확인 권장)","지자체 공식 자료","https://www.paju.go.kr/user/soldier/BD_discountStoreList.do?q_ctgCd=1001","2026-08-15","현재 공식 근거에서 혜택·적용대상·조건이 유지되는지 확인","미검토","","","","","아니오",""
"450","P1","이조맛집","경기도","파주시","파주시 파주읍 술이홀로 392","5%할인","파주시 관내 주둔 군 장병 및 사회복무요원","업소별 세부 조건 및 중복할인 여부는 방문 전 확인","군인 또는 사회복무요원 신분 확인자료(방문 전 업소 확인 권장)","지자체 공식 자료","https://www.paju.go.kr/user/soldier/BD_discountStoreList.do?q_ctgCd=1001","2026-08-15","현재 공식 근거에서 혜택·적용대상·조건이 유지되는지 확인","미검토","","","","","아니오",""
"451","P1","짜장마을","경기도","파주시","파주시 파주읍 술이홀로 463","짜장 5000원","파주시 관내 주둔 군 장병 및 사회복무요원","업소별 세부 조건 및 중복할인 여부는 방문 전 확인","군인 또는 사회복무요원 신분 확인자료(방문 전 업소 확인 권장)","지자체 공식 자료","https://www.paju.go.kr/user/soldier/BD_discountStoreList.do?q_ctgCd=1001","2026-08-15","현재 공식 근거에서 혜택·적용대상·조건이 유지되는지 확인","미검토","","","","","아니오",""
"452","P1","조아의 하루 주내점","경기도","파주시","파주시 파주읍 우계로 6 101호","10% 이상 할인 또는 그에 상응하는 서비스(업소별 상세는 사전 확인)","파주시 관내 주둔 군 장병 및 사회복무요원","업소별 세부 조건 및 중복할인 여부는 방문 전 확인","군인 또는 사회복무요원 신분 확인자료(방문 전 업소 확인 권장)","지자체 공식 자료","https://www.paju.go.kr/user/soldier/BD_discountStoreList.do?q_ctgCd=1001","2026-08-15","현재 공식 근거에서 혜택·적용대상·조건이 유지되는지 확인","미검토","","","","","아니오",""
"453","P1","아비숑","경기도","파주시","파주시 파평면 화석정로126번길 122-35","10%할인","파주시 관내 주둔 군 장병 및 사회복무요원","업소별 세부 조건 및 중복할인 여부는 방문 전 확인","군인 또는 사회복무요원 신분 확인자료(방문 전 업소 확인 권장)","지자체 공식 자료","https://www.paju.go.kr/user/soldier/BD_discountStoreList.do?q_ctgCd=1002","2026-08-15","현재 공식 근거에서 혜택·적용대상·조건이 유지되는지 확인","미검토","","","","","아니오",""
"454","P1","포시즌","경기도","파주시","파주시 파평면 화석정로126번길 144-20","10%할인","파주시 관내 주둔 군 장병 및 사회복무요원","업소별 세부 조건 및 중복할인 여부는 방문 전 확인","군인 또는 사회복무요원 신분 확인자료(방문 전 업소 확인 권장)","지자체 공식 자료","https://www.paju.go.kr/user/soldier/BD_discountStoreList.do?q_ctgCd=1002","2026-08-15","현재 공식 근거에서 혜택·적용대상·조건이 유지되는지 확인","미검토","","","","","아니오",""
"455","P1","샘내 손두부","경기도","파주시","파주시 파평면 청송로 551-7","10%할인","파주시 관내 주둔 군 장병 및 사회복무요원","업소별 세부 조건 및 중복할인 여부는 방문 전 확인","군인 또는 사회복무요원 신분 확인자료(방문 전 업소 확인 권장)","지자체 공식 자료","https://www.paju.go.kr/user/soldier/BD_discountStoreList.do?q_ctgCd=1001","2026-08-15","현재 공식 근거에서 혜택·적용대상·조건이 유지되는지 확인","미검토","","","","","아니오",""
"456","P1","임꺽정 한우마을","경기도","파주시","파주시 파평면 화석정로 104","음료수 제공","파주시 관내 주둔 군 장병 및 사회복무요원","업소별 세부 조건 및 중복할인 여부는 방문 전 확인","군인 또는 사회복무요원 신분 확인자료(방문 전 업소 확인 권장)","지자체 공식 자료","https://www.paju.go.kr/user/soldier/BD_discountStoreList.do?q_ctgCd=1001","2026-08-15","현재 공식 근거에서 혜택·적용대상·조건이 유지되는지 확인","미검토","","","","","아니오",""
"457","P1","임진강수라상","경기도","파주시","파주시 파평면 화석정로 101","10%할인","파주시 관내 주둔 군 장병 및 사회복무요원","업소별 세부 조건 및 중복할인 여부는 방문 전 확인","군인 또는 사회복무요원 신분 확인자료(방문 전 업소 확인 권장)","지자체 공식 자료","https://www.paju.go.kr/user/soldier/BD_discountStoreList.do?q_ctgCd=1001","2026-08-15","현재 공식 근거에서 혜택·적용대상·조건이 유지되는지 확인","미검토","","","","","아니오",""
"458","P1","한우리매운탕","경기도","파주시","파주시 파평면 장승배기로 173-8","10%할인","파주시 관내 주둔 군 장병 및 사회복무요원","업소별 세부 조건 및 중복할인 여부는 방문 전 확인","군인 또는 사회복무요원 신분 확인자료(방문 전 업소 확인 권장)","지자체 공식 자료","https://www.paju.go.kr/user/soldier/BD_discountStoreList.do?q_ctgCd=1001","2026-08-15","현재 공식 근거에서 혜택·적용대상·조건이 유지되는지 확인","미검토","","","","","아니오",""
"459","P1","앵무새카페","경기도","파주시","파주시 파평면 파평산로363번길 32-9","20%할인","파주시 관내 주둔 군 장병 및 사회복무요원","업소별 세부 조건 및 중복할인 여부는 방문 전 확인","군인 또는 사회복무요원 신분 확인자료(방문 전 업소 확인 권장)","지자체 공식 자료","https://www.paju.go.kr/user/soldier/BD_discountStoreList.do?q_ctgCd=1001","2026-08-15","현재 공식 근거에서 혜택·적용대상·조건이 유지되는지 확인","미검토","","","","","아니오",""
"461","P1","제부도디앤와이펜션","경기도","화성시","경기도 화성시 만세구서신면해안길114(서신면제부리)","서비스 이용료의 10% 할인","동원훈련이수자,모범예비군,복무중인현역병,사회복무요원,전문산업기능요원,병역명문가","없음 | 혜택기간: 2024-08-13~","동원훈련이수증,모범예비군증,복무확인서 등","공공데이터","https://www.mma.go.kr/about/udgg/list.do?mc=mma0003357","2026-08-15","현재 공식 근거에서 혜택·적용대상·조건이 유지되는지 확인","미검토","","","","","아니오",""
"462","P1","동타안","경기도","화성시","경기도 화성시 동탄구동탄반송1길231층 (반송동)","서비스 이용료의 10% 할인","동원훈련이수자,모범예비군,복무중인현역병,사회복무요원,전문산업기능요원,병역명문가","없음 | 혜택기간: 2024-08-13~","동원훈련이수증,모범예비군증,복무확인서 등","공공데이터","https://www.mma.go.kr/about/udgg/list.do?mc=mma0003357","2026-08-15","현재 공식 근거에서 혜택·적용대상·조건이 유지되는지 확인","미검토","","","","","아니오",""
"463","P1","고스트헤어(검단신도시점)","인천광역시","검단구","인천광역시 검단구발산로41205호(원당동, 정석프라자)","서비스 이용료의 5~10% 할인","예비군(당해년도,모범), 복무중인 사람, 병역명문가","없음 | 혜택기간: 2024-08-08~","동원훈련이수증,모범예비군증,복무확인서,명문가증","공공데이터","https://www.mma.go.kr/about/udgg/list.do?mc=mma0003357","2026-08-15","현재 공식 근거에서 혜택·적용대상·조건이 유지되는지 확인","미검토","","","","","아니오",""
"464","P1","성문한식뷔페","인천광역시","검단구","인천광역시 검단구이음4로42(원당동, 2층 210호~214호)","- 뷔페 이용료 1,000원 할인","복무중인자,모범예비군,동원훈련이수자,명문가","없음 | 혜택기간: 2026-08-14~","명문가증,복무확인서,훈련이수증,모범예비군증","공공데이터","https://www.mma.go.kr/about/udgg/list.do?mc=mma0003357","2026-08-15","현재 공식 근거에서 혜택·적용대상·조건이 유지되는지 확인","미검토","","","","","아니오",""
"465","P1","모아닭강정","인천광역시","남동구","인천광역시 남동구구월로372번길46(만수동, 1층 101호)","서비스 이용료의 10%(1,800원상당) 할인 또는 떡추가(2,000원상당) + 음료 1종 ( 특가로 진행중인 더블이벤트에 참여도 가능함)","예비군(당해년도,모범), 복무중인 사람, 병역명문가","없음 | 혜택기간: 2024-08-08~","동원훈련이수증,모범예비군증,복무확인서,명문가증","공공데이터","https://www.mma.go.kr/about/udgg/list.do?mc=mma0003357","2026-08-15","현재 공식 근거에서 혜택·적용대상·조건이 유지되는지 확인","미검토","","","","","아니오",""
"466","P1","석바위칼국수","인천광역시","미추홀구","인천광역시 미추홀구경원대로852번길9(주안동)","서비스 이용료의 20% 할인 - 현역병 및 제복착용 군인은 30% 할인 - 현역군인을 제외한 할인대상자는 20% 할인","복무중인자,모범예비군,동원훈련이수자,명문가","없음 | 혜택기간: 2026-02-23~","명문가증,복무확인서,훈련이수증,모범예비군증","공공데이터","https://www.mma.go.kr/about/udgg/list.do?mc=mma0003357","2026-08-15","현재 공식 근거에서 혜택·적용대상·조건이 유지되는지 확인","미검토","","","","","아니오",""
"467","P1","수상한 전집","인천광역시","미추홀구","인천광역시 미추홀구인하로254(주안동, 1층)","서비스이용료의 5%할인","예비군(당해년도,모범), 복무중인 사람, 병역명문가","없음 | 혜택기간: 2023-11-14~","훈련이수증(당해연도,모범), 복무확인서,명문가증","공공데이터","https://www.mma.go.kr/about/udgg/list.do?mc=mma0003357","2026-08-15","현재 공식 근거에서 혜택·적용대상·조건이 유지되는지 확인","미검토","","","","","아니오",""
"468","P1","순석닭강정","인천광역시","미추홀구","인천광역시 미추홀구용정공원로83번길43,105호(용현동)","*이용료의 10%할인 *추가혜택: 5박스 이상구매시 감자튀김1개무료","예비군(당해년도,모범), 복무중인 사람, 병역명문가","없음 | 혜택기간: 2025-01-21~","e병무지갑(훈련이수증,복무확인서,명문가증등)","공공데이터","https://www.mma.go.kr/about/udgg/list.do?mc=mma0003357","2026-08-15","현재 공식 근거에서 혜택·적용대상·조건이 유지되는지 확인","미검토","","","","","아니오",""
"469","P1","인천GS25(학익대박점)","인천광역시","미추홀구","인천광역시 미추홀구노적산로70(학익동)","서비스이용료의 10%할인(주류,담배,택배,구글기프트카드,문화상품권등 제외)","동원훈련이수자(당해년도,모범), 병역명문가, 복무중인 사람","인천시관내거주자 | 혜택기간: 2023-10-22~","훈련이수증, 모범예비군증,명문가증, 복무확인서등","공공데이터","https://www.mma.go.kr/about/udgg/list.do?mc=mma0003357","2026-08-15","현재 공식 근거에서 혜택·적용대상·조건이 유지되는지 확인","미검토","","","","","아니오",""
"470","P1","족발야시장(인천용현점)","인천광역시","미추홀구","인천광역시 미추홀구매소홀로69(용현동, 1층)","서비스이용료의 5%할인","예비군(당해년도,모범), 복무중인 사람(현역+사복+산업), 병역병문가","없음 | 혜택기간: 2023-11-24~","훈련이수증(당해연도,모범), 복무확인서,명문가증","공공데이터","https://www.mma.go.kr/about/udgg/list.do?mc=mma0003357","2026-08-15","현재 공식 근거에서 혜택·적용대상·조건이 유지되는지 확인","미검토","","","","","아니오",""
"471","P1","까페신기촌","인천광역시","미추홀구","인천광역시 미추홀구인하로247번길1(주안동, 1층 까페신기촌)","서비스 이용료의 5% 할인 - 인천 대표 디저트 카페 맛집","복무중인자,모범예비군,동원훈련이수자,명문가","없음 | 혜택기간: 2026-04-09~","명문가증,복무확인서,훈련이수증,모범예비군증","공공데이터","https://www.mma.go.kr/about/udgg/list.do?mc=mma0003357","2026-08-15","현재 공식 근거에서 혜택·적용대상·조건이 유지되는지 확인","미검토","","","","","아니오",""
"472","P1","카페 1990","인천광역시","미추홀구","인천광역시 미추홀구노적산로60(학익동)","음료 전메뉴의 10%할인","동원훈련이수자(모범, 당해연도), 병역명문가, 복무중인 사람","없음 | 혜택기간: 2023-10-31~","훈련이수증,병역명문가증, 복무확인서등","공공데이터","https://www.mma.go.kr/about/udgg/list.do?mc=mma0003357","2026-08-15","현재 공식 근거에서 혜택·적용대상·조건이 유지되는지 확인","미검토","","","","","아니오",""
"473","P1","커피놀이터","인천광역시","미추홀구","인천광역시 미추홀구한나루로353- 1(학익동, 2층)","커피 등 음료가격 20%할인","동원훈련이수자(당해년도), 모범예비군, 복무중인 사람, 병역명문가","없음 | 혜택기간: 2024-05-01~","훈련이수증,모범예비군증,복무확인서,명문가증등","공공데이터","https://www.mma.go.kr/about/udgg/list.do?mc=mma0003357","2026-08-15","현재 공식 근거에서 혜택·적용대상·조건이 유지되는지 확인","미검토","","","","","아니오",""
"474","P1","헤어스케치(옥련동)","인천광역시","연수구","인천광역시 연수구능허대로79번길65(옥련동, 현대3차상가 2층)","서비스이용료의 5%할인","예비군(당해년도,모범), 복무중인 사람, 병역병문가","없음 | 혜택기간: 2023-11-13~","훈련이수증(당해연도,모범), 복무확인서,명문가증","공공데이터","https://www.mma.go.kr/about/udgg/list.do?mc=mma0003357","2026-08-15","현재 공식 근거에서 혜택·적용대상·조건이 유지되는지 확인","미검토","","","","","아니오",""
"475","P1","계수나무집(한식)","인천광역시","연수구","인천광역시 연수구샘말로44번길13(연수동)","서비스이용료의 5%할인","예비군(당해년도,모범), 복무중인 사람, 병역명문가","없음 | 혜택기간: 2023-11-10~","훈련이수증(당해연도,모범), 복무확인서,명문가증","공공데이터","https://www.mma.go.kr/about/udgg/list.do?mc=mma0003357","2026-08-15","현재 공식 근거에서 혜택·적용대상·조건이 유지되는지 확인","미검토","","","","","아니오",""
"476","P1","달쭈꾸미 월미도 본점","인천광역시","제물포구","인천광역시 제물포구월미문화로39(북성동1가)","서비스 이용료의 10%할인","예비군(당해년도,모범), 복무중인 사람, 병역명문가","없음 | 혜택기간: 2025-02-05~","e병무지갑(훈련확인서,복무확인서,명문가증등)","공공데이터","https://www.mma.go.kr/about/udgg/list.do?mc=mma0003357","2026-08-15","현재 공식 근거에서 혜택·적용대상·조건이 유지되는지 확인","미검토","","","","","아니오",""
"477","P1","더 이로운","인천광역시","제물포구","인천광역시 제물포구우현로87번길28(인현동, 1층)","서비스이용료의 10%할인","모범예비군(당해년도포함), 복무중인 사람, 병역명문가, 장교 및 부사관","없음 | 혜택기간: 2024-04-16~","훈련이수증,모범예비군증, 복무확인서등(e-병무지갑)","공공데이터","https://www.mma.go.kr/about/udgg/list.do?mc=mma0003357","2026-08-15","현재 공식 근거에서 혜택·적용대상·조건이 유지되는지 확인","미검토","","","","","아니오",""
"478","P1","럭키차이나","인천광역시","제물포구","인천광역시 제물포구차이나타운로47- 1(북성동3가)","서비스 이용료의 10%할인","복무중인 사람(현역병, 사회복무요원, 전문산업기능요원)","없음 | 혜택기간: 2025-02-03~","복무확인서, 모바일 e-병무지갑 확인","공공데이터","https://www.mma.go.kr/about/udgg/list.do?mc=mma0003357","2026-08-15","현재 공식 근거에서 혜택·적용대상·조건이 유지되는지 확인","미검토","","","","","아니오",""
"479","P1","럭키차이나(차이나타운점)","인천광역시","제물포구","인천광역시 제물포구차이나타운로48(송월동3가)","서비스 이용료의 10%할인","복무중인 사람(현역병, 사회복무요원, 전문산업기능요원)","없음 | 혜택기간: 2025-02-03~","복무확인서, 모바일 e-병무지갑 확인","공공데이터","https://www.mma.go.kr/about/udgg/list.do?mc=mma0003357","2026-08-15","현재 공식 근거에서 혜택·적용대상·조건이 유지되는지 확인","미검토","","","","","아니오",""
"480","P1","미미진","인천광역시","제물포구","인천광역시 제물포구차이나타운로27(북성동3가)","1. 서비스 이용료의 10% 할인 2. 음료수 제공","복무중인자(현역,사회복무,전문연구,산업기능요원)","없음 | 혜택기간: 2025-03-04~","복무확인서 및 e병무지갑 확인","공공데이터","https://www.mma.go.kr/about/udgg/list.do?mc=mma0003357","2026-08-15","현재 공식 근거에서 혜택·적용대상·조건이 유지되는지 확인","미검토","","","","","아니오",""
"481","P1","화평동372 더봉지식당","인천광역시","제물포구","인천광역시 제물포구화도진로75(화평동, 1층)","서비스이용료의 5%할인","예비군(당해년도,모범), 복무중인 사람(현역+사복+산업), 병역병문가","없음 | 혜택기간: 2023-11-20~","훈련이수증(당해연도,모범), 복무확인서,명문가증","공공데이터","https://www.mma.go.kr/about/udgg/list.do?mc=mma0003357","2026-08-15","현재 공식 근거에서 혜택·적용대상·조건이 유지되는지 확인","미검토","","","","","아니오",""
"482","P1","미투커피","인천광역시","제물포구","인천광역시 제물포구월미문화로39(북성동1가)","서비스 이용료의 10%","예비군(당해년도,모범), 복무중인 사람, 병역명문가","없음 | 혜택기간: 2025-02-05~","e병무지갑(훈련확인서,복무확인서,명문가증등)","공공데이터","https://www.mma.go.kr/about/udgg/list.do?mc=mma0003357","2026-08-15","현재 공식 근거에서 혜택·적용대상·조건이 유지되는지 확인","미검토","","","","","아니오",""
"483","P1","설빙)인천월미도점","인천광역시","제물포구","인천광역시 제물포구월미문화로71(북성동1가)","서비스 이용료의 10%","복무중인사람(현역,사복,전문산업요원등)","없음 | 혜택기간: 2025-02-19~","e병무지갑(복무확인서)","공공데이터","https://www.mma.go.kr/about/udgg/list.do?mc=mma0003357","2026-08-15","현재 공식 근거에서 혜택·적용대상·조건이 유지되는지 확인","미검토","","","","","아니오",""
"484","P1","엔제리너스(인천)점","인천광역시","제물포구","인천광역시 제물포구월미문화로71(북성동1가)","서비스 이용료의 10%","복무중인사람(현역,사복,전문산업요원등)","없음 | 혜택기간: 2025-02-19~","e병무지갑(어플)","공공데이터","https://www.mma.go.kr/about/udgg/list.do?mc=mma0003357","2026-08-15","현재 공식 근거에서 혜택·적용대상·조건이 유지되는지 확인","미검토","","","","","아니오",""
"485","P1","월미도레미","인천광역시","제물포구","인천광역시 제물포구월미문화로35,2층 (북성동1가)","서비스이용료의 10%","복무중인 사람(현역,사복,전문.산업기능요원), 병역명문가","없음 | 혜택기간: 2025-02-04~","e병무지갑(복무확인서,명문가증등)","공공데이터","https://www.mma.go.kr/about/udgg/list.do?mc=mma0003357","2026-08-15","현재 공식 근거에서 혜택·적용대상·조건이 유지되는지 확인","미검토","","","","","아니오",""
"486","P1","F45 합정","서울특별시","마포구","서울특별시 마포구 양화로 85 지하 2층","군인 상시 10% 할인","군인","","업체 공식 Instagram 게시물","업체 공식 SNS","https://www.instagram.com/p/DRN9ZQUElRo/","2026-08-17","현재 공식 근거에서 혜택·적용대상·조건이 유지되는지 확인","미검토","","","","","아니오",""
"487","P1","PROJECT HIN","서울특별시","성동구","서울특별시 성동구 성수이로7길 30 3층","군인·경찰·소방공무원 상시 10% 할인","군인·경찰·소방공무원","공식 게시물상 공무원증 제시 시 적용","업체 공식 Instagram 게시물","업체 공식 SNS","https://www.instagram.com/p/DN12vD3ZBPM/","2026-08-17","현재 공식 근거에서 혜택·적용대상·조건이 유지되는지 확인","미검토","","","","","아니오",""
"488","P1","데일리피트니스 24시 성수점","서울특별시","성동구","서울특별시 성동구 뚝섬로 400 뚝섬쇼핑센터 3층","소방·경찰·군인 전 상품 30% 할인","소방·경찰·군인","이벤트 조기 마감 가능","업체 공식 Instagram 게시물","업체 공식 SNS","https://www.instagram.com/p/Da4bHtQidNo/","2026-08-17","현재 공식 근거에서 혜택·적용대상·조건이 유지되는지 확인","미검토","","","","","아니오",""
"489","P1","차심 성수","서울특별시","성동구","서울특별시 성동구 아차산로 113 2층 203호","지영 팀장 담당 시 군인 할인","군인","지영 팀장 담당 시 적용","담당자 공식 Instagram 게시물","업체 공식 SNS","https://www.instagram.com/p/DaJ4iE-xvm4/","2026-08-17","현재 공식 근거에서 혜택·적용대상·조건이 유지되는지 확인","미검토","","","","","아니오",""
"490","P1","오클리먼33 바버샵 성수점","서울특별시","성동구","서울특별시 성동구 연무장5가길 7 현대테라스타워 1층 132호","주성현 바버 담당 시 군인 전 메뉴 상시 20% 할인","군인","주성현 바버 담당 시 적용","담당자 공식 Instagram 게시물","업체 공식 SNS","https://www.instagram.com/p/DT9Z00UCQaS/","2026-08-17","현재 공식 근거에서 혜택·적용대상·조건이 유지되는지 확인","미검토","","","","","아니오",""
"491","P1","와이즈현헤어","서울특별시","마포구","서울특별시 마포구 양화로6길 91 3층","군인 등 공공안전 직군 및 국가공무원 첫 방문 30% 할인","군인 등 공공안전 직군 및 국가공무원","첫 방문 및 현직 신분 확인 시 적용","담당자 공식 Instagram 게시물","업체 공식 SNS","https://www.instagram.com/reel/DUU4hYTEiQ9/","2026-08-17","현재 공식 근거에서 혜택·적용대상·조건이 유지되는지 확인","미검토","","","","","아니오",""
"492","P1","이가자헤어비스 홍대점","서울특별시","마포구","서울특별시 마포구 독막로7길 63 2층","서진 담당 군인 프로모션: 커트+디자인 다운펌 70,000원에서 42,000원으로 할인","군인","서진 담당 커트+디자인 다운펌 이용 시 적용","담당자 공식 Instagram 게시물","업체 공식 SNS","https://www.instagram.com/p/DbizHQ1Gj6c/","2026-08-17","현재 공식 근거에서 혜택·적용대상·조건이 유지되는지 확인","미검토","","","","","아니오",""
"493","P1","바나나성형외과의원","서울특별시","강남구","서울특별시 강남구 도산대로 110 케이비엘센터 3층","현역·전역 군인 모든 수술비 30% 할인","현역·전역 군인","","업체 공식 Instagram 게시물 및 공식 홈페이지","업체 공식 SNS","https://www.instagram.com/p/DW3RNJDCVGe/","2026-08-17","현재 공식 근거에서 혜택·적용대상·조건이 유지되는지 확인","미검토","","","","","아니오",""
"494","P1","고기꾼 김춘배 강남점","서울특별시","강남구","서울특별시 강남구 강남대로100길 13 3층, 4층","소방·군인·경찰 방문 시 15% 할인","소방·군인·경찰","","업체 공식 Instagram 게시물","업체 공식 SNS","https://www.instagram.com/p/DZfv8ioEiS0/","2026-08-17","현재 공식 근거에서 혜택·적용대상·조건이 유지되는지 확인","미검토","","","","","아니오",""
"495","P1","파프짐 도곡점","서울특별시","강남구","서울특별시 강남구 언주로30길 27 우성리빙텔 B101","군인 상시 할인","학생·군인·경찰·소방","","업체 공식 Instagram 게시물","업체 공식 SNS","https://www.instagram.com/p/DYlDqbaE90A/","2026-08-17","현재 공식 근거에서 혜택·적용대상·조건이 유지되는지 확인","미검토","","","","","아니오",""
"496","P1","일공공일 구로오류동점","서울특별시","구로구","서울특별시 구로구 경인로 228 1층","군인·군간부 안경 10% 상시 할인","군인·군간부","군인 신분증 또는 군간부증 확인 시 적용","업체 공식 Instagram 게시물","업체 공식 SNS","https://www.instagram.com/1001oryu/reel/DbsH2wADsXD/","2026-08-17","현재 공식 근거에서 혜택·적용대상·조건이 유지되는지 확인","미검토","","","","","아니오",""
"497","P1","SKY GYM","서울특별시","용산구","서울특별시 용산구 한강대로 273 용산빌딩 B1층","경찰·소방·군인 회원권 20% 할인","경찰·소방·군인","등록 시 증빙 확인 후 적용","업체 공식 Instagram 게시물 및 공식 카카오채널","업체 공식 SNS","https://www.instagram.com/p/Dbr3fuYEqcA/","2026-08-17","현재 공식 근거에서 혜택·적용대상·조건이 유지되는지 확인","미검토","","","","","아니오",""
