"정본행번호","업소명","입력주소","기존위도","기존경도","최초POI조회어","POI조회어","POI조회방식","POI후보수","POI상호","POI도로명주소","POI지번주소","POI상호일치","POI주소일치","APIHUB좌표후보수","제안위도","제안경도","좌표출처","좌표출처URL","권장좌표검증상태","판정","검토사유","확인일"
"2","레드폴바버샵 강남신사점","서울특별시 강남구 논현로151길 41, 2층 201호","37.5195936","127.0248338","레드폴바버샵 강남신사점 서울특별시 강남구 논현로151길 41, 2층 201호","레드폴바버샵 강남신사점 서울특별시 강남구 논현로151길 41","도로명·건물번호 보조 검색","1","<b>레드폴바버샵 강남신사점</b>","서울특별시 강남구 논현로151길 41 2층 201호","서울특별시 강남구 신사동 561 2층 201호","True","True","1","37.5195978","127.0248202","네이버 지도","https://map.naver.com/p/search/%EB%A0%88%EB%93%9C%ED%8F%B4%EB%B0%94%EB%B2%84%EC%83%B5%20%EA%B0%95%EB%82%A8%EC%8B%A0%EC%82%AC%EC%A0%90%20%EC%84%9C%EC%9A%B8%ED%8A%B9%EB%B3%84%EC%8B%9C%20%EA%B0%95%EB%82%A8%EA%B5%AC%20%EB%85%BC%ED%98%84%EB%A1%9C151%EA%B8%B8%2041%2C%202%EC%B8%B5%20201%ED%98%B8","확인 완료","확인 후보","단일 상호·주소 일치 후보","2026-09-06"
"3","레드폴바버샵 강남역삼점","서울특별시 강남구 도곡로3길 13, 르메이에르 2층 203-2호","37.4910688","127.0326686","레드폴바버샵 강남역삼점 서울특별시 강남구 도곡로3길 13, 르메이에르 2층 203-2호","레드폴바버샵 강남역삼점 서울특별시 강남구 도곡로3길 13","도로명·건물번호 보조 검색","1","","","","True","False","0","","","","","재확인 필요","재확인 필요","상호는 일치하지만 주소가 일치하지 않습니다","2026-09-06"
"4","우동명가기리야마본진","서울특별시 강남구강남대로84길23(역삼동, (한라클래식 지하1층))","37.4971584","127.0304025","우동명가기리야마본진 서울특별시 강남구강남대로84길23(역삼동, (한라클래식 지하1층))","우동명가기리야마본진 서울특별시 강남구강남대로84길23(역삼동","도로명·건물번호 보조 검색","1","","","","True","False","0","","","","","재확인 필요","재확인 필요","상호는 일치하지만 주소가 일치하지 않습니다","2026-09-06"
"5","투오프커피","서울특별시 강남구역삼로9길20(역삼동, (1층))","37.495297","127.0339254","투오프커피 서울특별시 강남구역삼로9길20(역삼동, (1층))","투오프커피 서울특별시 강남구역삼로9길20(역삼동","도로명·건물번호 보조 검색","1","","","","True","False","0","","","","","재확인 필요","재확인 필요","상호는 일치하지만 주소가 일치하지 않습니다","2026-09-06"
"6","힐빌리바버샵","서울특별시 강동구 양재대로96길 26, 광남캐스빌 근생 101호","37.5291947","127.1385431","힐빌리바버샵 서울특별시 강동구 양재대로96길 26, 광남캐스빌 근생 101호","힐빌리바버샵 서울특별시 강동구 양재대로96길 26","도로명·건물번호 보조 검색","1","<b>힐빌리바버샵</b>","서울특별시 강동구 양재대로96길 26 광남캐스빌 근생 101호","서울특별시 강동구 둔촌동 631 광남캐스빌 근생 101호","True","True","1","37.5294117","127.1385941","네이버 지도","https://map.naver.com/p/search/%ED%9E%90%EB%B9%8C%EB%A6%AC%EB%B0%94%EB%B2%84%EC%83%B5%20%EC%84%9C%EC%9A%B8%ED%8A%B9%EB%B3%84%EC%8B%9C%20%EA%B0%95%EB%8F%99%EA%B5%AC%20%EC%96%91%EC%9E%AC%EB%8C%80%EB%A1%9C96%EA%B8%B8%2026%2C%20%EA%B4%91%EB%82%A8%EC%BA%90%EC%8A%A4%EB%B9%8C%20%EA%B7%BC%EC%83%9D%20101%ED%98%B8","확인 완료","확인 후보","단일 상호·주소 일치 후보","2026-09-06"
"7","가운소곱창","서울특별시 강동구상암로42(천호동, 131호)","37.5495882","127.1279034","가운소곱창 서울특별시 강동구상암로42(천호동, 131호)","가운소곱창 서울특별시 강동구상암로42(천호동","도로명·건물번호 보조 검색","1","","","","True","False","0","","","","","재확인 필요","재확인 필요","상호는 일치하지만 주소가 일치하지 않습니다","2026-09-06"
"8","송미용실","서울특별시 강북구인수봉로78길13(수유동)","37.644609","127.0116053","송미용실 서울특별시 강북구인수봉로78길13(수유동)","송미용실 서울특별시 강북구인수봉로78길13(수유동)","전체 주소 검색","1","","","","True","False","0","","","","","재확인 필요","재확인 필요","상호는 일치하지만 주소가 일치하지 않습니다","2026-09-06"
"9","착한이발","서울특별시 강북구도봉로371(수유동, (지하1층))","37.6404577","127.0278529","착한이발 서울특별시 강북구도봉로371(수유동, (지하1층))","착한이발 서울특별시 강북구도봉로371(수유동","도로명·건물번호 보조 검색","2","","","","True","False","0","","","","","재확인 필요","재확인 필요","상호는 일치하지만 주소가 일치하지 않습니다","2026-09-06"
"10","만미정 식당","서울특별시 강북구솔매로43길96(미아동)","37.6299344","127.0228654","만미정 식당 서울특별시 강북구솔매로43길96(미아동)","만미정 식당 서울특별시 강북구솔매로43길96(미아동)","전체 주소 검색","1","","","","True","False","0","","","","","재확인 필요","재확인 필요","상호는 일치하지만 주소가 일치하지 않습니다","2026-09-06"
"11","강서풍천민물장어","서울특별시 강서구양천로18길9(방화동)","37.5729726","126.812989","강서풍천민물장어 서울특별시 강서구양천로18길9(방화동)","강서풍천민물장어 서울특별시 강서구양천로18길9(방화동)","전체 주소 검색","1","","","","True","False","0","","","","","재확인 필요","재확인 필요","상호는 일치하지만 주소가 일치하지 않습니다","2026-09-06"
"12","공항두루치기","서울특별시 강서구양천로28(방화동)","37.5722167","126.8065625","공항두루치기 서울특별시 강서구양천로28(방화동)","공항두루치기 서울특별시 강서구양천로28(방화동)","전체 주소 검색","1","","","","True","False","0","","","","","재확인 필요","재확인 필요","상호는 일치하지만 주소가 일치하지 않습니다","2026-09-06"
"13","김가네 개화산역점","서울특별시 강서구양천로28(방화동, (벽산에어트리움 C-8호)))","37.5722167","126.8063625","김가네 개화산역점 서울특별시 강서구양천로28(방화동, (벽산에어트리움 C-8호)))","김가네 개화산역점 서울특별시 강서구양천로28(방화동","도로명·건물번호 보조 검색","1","","","","True","False","0","","","","","재확인 필요","재확인 필요","상호는 일치하지만 주소가 일치하지 않습니다","2026-09-06"
"14","일품사천불짬뽕","서울특별시 강서구양천로28(방화동, (벽산에어트리움))","37.5722167","126.8067625","일품사천불짬뽕 서울특별시 강서구양천로28(방화동, (벽산에어트리움))","일품사천불짬뽕 서울특별시 강서구양천로28(방화동","도로명·건물번호 보조 검색","1","","","","True","False","0","","","","","재확인 필요","재확인 필요","상호는 일치하지만 주소가 일치하지 않습니다","2026-09-06"
"15","전주콩나물 해장국&지지미 방화점","서울특별시 강서구양천로6길28(방화동)","37.5705336","126.8068242","전주콩나물 해장국&지지미 방화점 서울특별시 강서구양천로6길28(방화동)","전주콩나물 해장국&지지미 방화점 서울특별시 강서구양천로6길28(방화동)","전체 주소 검색","1","","","","False","False","0","","","","","미확인","미확인","상호와 주소가 일치하는 후보가 없습니다","2026-09-06"
"16","칼스토랑 방화점","서울특별시 강서구양천로28(방화동, (b106)))","37.5722167","126.8064625","칼스토랑 방화점 서울특별시 강서구양천로28(방화동, (b106)))","칼스토랑 방화점 서울특별시 강서구양천로28(방화동","도로명·건물번호 보조 검색","1","","","","True","False","0","","","","","재확인 필요","재확인 필요","상호는 일치하지만 주소가 일치하지 않습니다","2026-09-06"
"17","포아이니 개화산역점","서울특별시 강서구양천로28(방화동, (본관동 104호))","37.5722167","126.8066625","포아이니 개화산역점 서울특별시 강서구양천로28(방화동, (본관동 104호))","포아이니 개화산역점 서울특별시 강서구양천로28(방화동","도로명·건물번호 보조 검색","1","","","","True","False","0","","","","","재확인 필요","재확인 필요","상호는 일치하지만 주소가 일치하지 않습니다","2026-09-06"
"18","그로우빈스","서울특별시 강서구양천로18길16(방화동, (1층 101호))","37.5727689","126.812605","그로우빈스 서울특별시 강서구양천로18길16(방화동, (1층 101호))","그로우빈스 서울특별시 강서구양천로18길16(방화동","도로명·건물번호 보조 검색","1","","","","True","False","0","","","","","재확인 필요","재확인 필요","상호는 일치하지만 주소가 일치하지 않습니다","2026-09-06"
"19","밀알카페","서울특별시 강서구강서로33길16(화곡동, (1층))","37.5420041","126.8388133","밀알카페 서울특별시 강서구강서로33길16(화곡동, (1층))","밀알카페 서울특별시 강서구강서로33길16(화곡동","도로명·건물번호 보조 검색","1","","","","True","False","0","","","","","재확인 필요","재확인 필요","상호는 일치하지만 주소가 일치하지 않습니다","2026-09-06"
"20","굿바이브바버샵","서울특별시 광진구 용마산로21길 27, 1층","37.5634676","127.0859387","굿바이브바버샵 서울특별시 광진구 용마산로21길 27, 1층","굿바이브바버샵 서울특별시 광진구 용마산로21길 27","도로명·건물번호 보조 검색","1","<b>굿바이브바버샵</b>","서울특별시 광진구 용마산로21길 27 1층","서울특별시 광진구 중곡동 28-12 1층","True","True","1","37.5634483","127.085885","네이버 지도","https://map.naver.com/p/search/%EA%B5%BF%EB%B0%94%EC%9D%B4%EB%B8%8C%EB%B0%94%EB%B2%84%EC%83%B5%20%EC%84%9C%EC%9A%B8%ED%8A%B9%EB%B3%84%EC%8B%9C%20%EA%B4%91%EC%A7%84%EA%B5%AC%20%EC%9A%A9%EB%A7%88%EC%82%B0%EB%A1%9C21%EA%B8%B8%2027%2C%201%EC%B8%B5","확인 완료","확인 후보","단일 상호·주소 일치 후보","2026-09-06"
"21","굿보이즈 바버샵","서울특별시 광진구 강변역로4길 56, 1층 7호 (구의동, 광진해모로리버뷰)","37.5333472","127.0921658","굿보이즈 바버샵 서울특별시 광진구 강변역로4길 56, 1층 7호 (구의동, 광진해모로리버뷰)","굿보이즈 바버샵 서울특별시 광진구 강변역로4길 56","도로명·건물번호 보조 검색","1","","","","True","False","0","","","","","재확인 필요","재확인 필요","상호는 일치하지만 주소가 일치하지 않습니다","2026-09-06"
"22","쵸리","서울특별시 광진구 뚝섬로51길 57, 1층","37.5347912","127.0813715","쵸리 서울특별시 광진구 뚝섬로51길 57, 1층","쵸리 서울특별시 광진구 뚝섬로51길 57","도로명·건물번호 보조 검색","1","<b>쵸리</b>","서울특별시 광진구 뚝섬로51길 57 1층","서울특별시 광진구 자양동 625-13 1층","True","True","1","37.5347807","127.0813924","네이버 지도","https://map.naver.com/p/search/%EC%B5%B8%EB%A6%AC%20%EC%84%9C%EC%9A%B8%ED%8A%B9%EB%B3%84%EC%8B%9C%20%EA%B4%91%EC%A7%84%EA%B5%AC%20%EB%9A%9D%EC%84%AC%EB%A1%9C51%EA%B8%B8%2057%2C%201%EC%B8%B5","확인 완료","확인 후보","단일 상호·주소 일치 후보","2026-09-06"
"23","무한정수제돈까스","서울특별시 광진구군자로102(군자동, (1층))","37.5521971","127.0715539","무한정수제돈까스 서울특별시 광진구군자로102(군자동, (1층))","무한정수제돈까스 서울특별시 광진구군자로102(군자동","도로명·건물번호 보조 검색","1","","","","False","False","0","","","","","미확인","미확인","상호와 주소가 일치하는 후보가 없습니다","2026-09-06"
"24","탄토탄토","서울특별시 광진구아차산로33길49(화양동, (2층))","37.5425095","127.0707414","탄토탄토 서울특별시 광진구아차산로33길49(화양동, (2층))","탄토탄토 서울특별시 광진구아차산로33길49(화양동","도로명·건물번호 보조 검색","1","","","","True","False","0","","","","","재확인 필요","재확인 필요","상호는 일치하지만 주소가 일치하지 않습니다","2026-09-06"
"25","보드게임카페 레드버튼 건대점","서울특별시 광진구동일로22길81(화양동)","37.5415251","127.068812","보드게임카페 레드버튼 건대점 서울특별시 광진구동일로22길81(화양동)","보드게임카페 레드버튼 건대점 서울특별시 광진구동일로22길81(화양동)","전체 주소 검색","1","","","","True","False","0","","","","","재확인 필요","재확인 필요","상호는 일치하지만 주소가 일치하지 않습니다","2026-09-06"
"26","9로평상","서울특별시 구로구 서해안로 2134 (항동)","37.4821597","126.8260772","9로평상 서울특별시 구로구 서해안로 2134 (항동)","9로평상 서울특별시 구로구 서해안로 2134 (항동)","전체 주소 검색","1","","","","True","False","0","","","","","재확인 필요","재확인 필요","상호는 일치하지만 주소가 일치하지 않습니다","2026-09-06"
"27","국수집","서울특별시 동대문구한천로14길63(장안동, (1층))","37.566711","127.06627","국수집 서울특별시 동대문구한천로14길63(장안동, (1층))","국수집 서울특별시 동대문구한천로14길63(장안동","도로명·건물번호 보조 검색","1","","","","True","False","0","","","","","재확인 필요","재확인 필요","상호는 일치하지만 주소가 일치하지 않습니다","2026-09-06"
"28","돈벼락김치삼겹살 장안동본점","서울특별시 동대문구장한로26길24(장안동, (1층))","37.5714899","127.0729639","돈벼락김치삼겹살 장안동본점 서울특별시 동대문구장한로26길24(장안동, (1층))","돈벼락김치삼겹살 장안동본점 서울특별시 동대문구장한로26길24(장안동","도로명·건물번호 보조 검색","1","","","","True","False","0","","","","","재확인 필요","재확인 필요","상호는 일치하지만 주소가 일치하지 않습니다","2026-09-06"
"29","서울쉬퐁","서울특별시 동대문구한천로63길17(이문동, (1층))","37.6039396","127.0665311","서울쉬퐁 서울특별시 동대문구한천로63길17(이문동, (1층))","서울쉬퐁 서울특별시 동대문구한천로63길17(이문동","도로명·건물번호 보조 검색","1","","","","True","False","0","","","","","재확인 필요","재확인 필요","상호는 일치하지만 주소가 일치하지 않습니다","2026-09-06"
"30","자연석 돌구이 생삼겹살 한우","서울특별시 동작구여의대방로202(대방동, 1층)","37.5047875","126.9225467","자연석 돌구이 생삼겹살 한우 서울특별시 동작구여의대방로202(대방동, 1층)","자연석 돌구이 생삼겹살 한우 서울특별시 동작구여의대방로202(대방동","도로명·건물번호 보조 검색","1","","","","True","False","0","","","","","재확인 필요","재확인 필요","상호는 일치하지만 주소가 일치하지 않습니다","2026-09-06"
"31","한제소곱창전골 신대방삼거리역점","서울특별시 동작구여의대방로22길121- 0(신대방동, 상가동 1층 1444호, 1445호)","37.498564","126.926095","한제소곱창전골 신대방삼거리역점 서울특별시 동작구여의대방로22길121- 0(신대방동, 상가동 1층 1444호, 1445호)","한제소곱창전골 신대방삼거리역점 서울특별시 동작구여의대방로22길121- 0(신대방동","도로명·건물번호 보조 검색","0","","","","False","False","0","","","","","미확인","미확인","지역 검색 결과가 없습니다","2026-09-06"
"32","에이치플레이스","서울특별시 동작구여의대방로36길10(대방동, (1층))","37.5043025","126.9231009","에이치플레이스 서울특별시 동작구여의대방로36길10(대방동, (1층))","에이치플레이스 서울특별시 동작구여의대방로36길10(대방동","도로명·건물번호 보조 검색","1","","","","True","False","0","","","","","재확인 필요","재확인 필요","상호는 일치하지만 주소가 일치하지 않습니다","2026-09-06"
"33","카피바라 커피랩","서울특별시 동작구대방동23길36(대방동, (1층))","37.5041462","126.9233874","카피바라 커피랩 서울특별시 동작구대방동23길36(대방동, (1층))","카피바라 커피랩 서울특별시 동작구대방동23길36(대방동","도로명·건물번호 보조 검색","1","","","","True","False","0","","","","","재확인 필요","재확인 필요","상호는 일치하지만 주소가 일치하지 않습니다","2026-09-06"
"34","허슬러즈바버샵 홍대","서울특별시 마포구 와우산로 51-6, 지하 1층","37.5492912","126.9226741","허슬러즈바버샵 홍대 서울특별시 마포구 와우산로 51-6, 지하 1층","허슬러즈바버샵 홍대 서울특별시 마포구 와우산로 51-6","도로명·건물번호 보조 검색","1","<b>허슬러즈바버샵 홍대</b>","서울특별시 마포구 와우산로 51-6 지하1층","서울특별시 마포구 상수동 91-3 지하1층","True","True","1","37.5492912","126.9226741","네이버 지도","https://map.naver.com/p/search/%ED%97%88%EC%8A%AC%EB%9F%AC%EC%A6%88%EB%B0%94%EB%B2%84%EC%83%B5%20%ED%99%8D%EB%8C%80%20%EC%84%9C%EC%9A%B8%ED%8A%B9%EB%B3%84%EC%8B%9C%20%EB%A7%88%ED%8F%AC%EA%B5%AC%20%EC%99%80%EC%9A%B0%EC%82%B0%EB%A1%9C%2051-6%2C%20%EC%A7%80%ED%95%98%201%EC%B8%B5","확인 완료","확인 후보","단일 상호·주소 일치 후보","2026-09-06"
"35","연과점 하루","서울특별시 마포구동교로16길12(서교동, (1층))","37.5542805","126.9153613","연과점 하루 서울특별시 마포구동교로16길12(서교동, (1층))","연과점 하루 서울특별시 마포구동교로16길12(서교동","도로명·건물번호 보조 검색","1","","","","True","False","0","","","","","재확인 필요","재확인 필요","상호는 일치하지만 주소가 일치하지 않습니다","2026-09-06"
"36","크레올 바버샵","서울특별시 서대문구 연희로15길 35 (연희동)","37.568987","126.9300868","크레올 바버샵 서울특별시 서대문구 연희로15길 35 (연희동)","크레올 바버샵 서울특별시 서대문구 연희로15길 35 (연희동)","전체 주소 검색","1","","","","True","False","0","","","","","재확인 필요","재확인 필요","상호는 일치하지만 주소가 일치하지 않습니다","2026-09-06"
"37","예가미용실","서울특별시 서초구남부순환로356길55(양재동, (1층))","37.4825416","127.0385798","예가미용실 서울특별시 서초구남부순환로356길55(양재동, (1층))","예가미용실 서울특별시 서초구남부순환로356길55(양재동","도로명·건물번호 보조 검색","1","","","","True","False","0","","","","","재확인 필요","재확인 필요","상호는 일치하지만 주소가 일치하지 않습니다","2026-09-06"
"38","옐로치킨07&바로돈까스","서울특별시 성북구아리랑로19길48(정릉동, (1츧))","37.6025432","127.0107407","옐로치킨07&바로돈까스 서울특별시 성북구아리랑로19길48(정릉동, (1츧))","옐로치킨07&바로돈까스 서울특별시 성북구아리랑로19길48(정릉동","도로명·건물번호 보조 검색","1","","","","False","False","0","","","","","미확인","미확인","상호와 주소가 일치하는 후보가 없습니다","2026-09-06"
"39","더벙커 맨즈헤어 바버샵 목동본점","서울특별시 양천구 오목로 337-10, 2층 205호","37.525195","126.8753456","더벙커 맨즈헤어 바버샵 목동본점 서울특별시 양천구 오목로 337-10, 2층 205호","더벙커 맨즈헤어 바버샵 목동본점 서울특별시 양천구 오목로 337-10","도로명·건물번호 보조 검색","1","","","","True","False","0","","","","","재확인 필요","재확인 필요","상호는 일치하지만 주소가 일치하지 않습니다","2026-09-06"
"40","GTS버거 문래점","서울특별시 영등포구문래로151(문래동3가)","37.5188006","126.8987894","GTS버거 문래점 서울특별시 영등포구문래로151(문래동3가)","GTS버거 문래점 서울특별시 영등포구문래로151(문래동3가)","전체 주소 검색","1","","","","True","False","0","","","","","재확인 필요","재확인 필요","상호는 일치하지만 주소가 일치하지 않습니다","2026-09-06"
"41","다함압구정김밥","서울특별시 영등포구여의대방로197(신길동)","37.5046367","126.9218606","다함압구정김밥 서울특별시 영등포구여의대방로197(신길동)","다함압구정김밥 서울특별시 영등포구여의대방로197(신길동)","전체 주소 검색","1","","","","True","False","0","","","","","재확인 필요","재확인 필요","상호는 일치하지만 주소가 일치하지 않습니다","2026-09-06"
"42","문경밥상","서울특별시 영등포구여의대방로47라길31(신길동)","37.5065074","126.921855","문경밥상 서울특별시 영등포구여의대방로47라길31(신길동)","문경밥상 서울특별시 영등포구여의대방로47라길31(신길동)","전체 주소 검색","1","","","","True","False","0","","","","","재확인 필요","재확인 필요","상호는 일치하지만 주소가 일치하지 않습니다","2026-09-06"
"43","미각식당","서울특별시 영등포구가마산로89길3(신길동, 1층)","37.5047875","126.9214233","미각식당 서울특별시 영등포구가마산로89길3(신길동, 1층)","미각식당 서울특별시 영등포구가마산로89길3(신길동","도로명·건물번호 보조 검색","1","","","","True","False","0","","","","","재확인 필요","재확인 필요","상호는 일치하지만 주소가 일치하지 않습니다","2026-09-06"
"44","마우나커피","서울특별시 영등포구여의대방로43길11- 5(신길동, (1층))","37.505796","126.9214464","마우나커피 서울특별시 영등포구여의대방로43길11- 5(신길동, (1층))","마우나커피 서울특별시 영등포구여의대방로43길11- 5(신길동","도로명·건물번호 보조 검색","1","","","","True","False","0","","","","","재확인 필요","재확인 필요","상호는 일치하지만 주소가 일치하지 않습니다","2026-09-06"
"45","브레드05","서울특별시 영등포구여의대방로43나길4(신길동)","37.5066273","126.9216316","브레드05 서울특별시 영등포구여의대방로43나길4(신길동)","브레드05 서울특별시 영등포구여의대방로43나길4(신길동)","전체 주소 검색","1","","","","True","False","0","","","","","재확인 필요","재확인 필요","상호는 일치하지만 주소가 일치하지 않습니다","2026-09-06"
"46","요거프레소 대방점","서울특별시 영등포구가마산로587(신길동)","37.5044676","126.921579","요거프레소 대방점 서울특별시 영등포구가마산로587(신길동)","요거프레소 대방점 서울특별시 영등포구가마산로587(신길동)","전체 주소 검색","0","","","","False","False","0","","","","","미확인","미확인","지역 검색 결과가 없습니다","2026-09-06"
"47","카페보니또 영등포1호점","서울특별시 영등포구여의대방로203(신길동)","37.5053854","126.9220173","카페보니또 영등포1호점 서울특별시 영등포구여의대방로203(신길동)","카페보니또 영등포1호점 서울특별시 영등포구여의대방로203(신길동)","전체 주소 검색","0","","","","False","False","0","","","","","미확인","미확인","지역 검색 결과가 없습니다","2026-09-06"
"48","해군호텔 블랙앤브라운","서울특별시 영등포구가마산로538(신길동, 해군호텔 1층)","37.5029131","126.9154817","해군호텔 블랙앤브라운 서울특별시 영등포구가마산로538(신길동, 해군호텔 1층)","해군호텔 블랙앤브라운 서울특별시 영등포구가마산로538(신길동","도로명·건물번호 보조 검색","1","","","","True","False","0","","","","","재확인 필요","재확인 필요","상호는 일치하지만 주소가 일치하지 않습니다","2026-09-06"
"49","나인트리 프리미어 로카우스 호텔 서울 용산","서울특별시 용산구 한강대로23길 25","37.5276406","126.9643494","나인트리 프리미어 로카우스 호텔 서울 용산 서울특별시 용산구 한강대로23길 25","나인트리 프리미어 로카우스 호텔 서울 용산 서울특별시 용산구 한강대로23길 25","전체 주소 검색","3","","","","True","False","0","","","","","재확인 필요","재확인 필요","상호는 일치하지만 주소가 일치하지 않습니다","2026-09-06"
"50","아노브 이태원","서울특별시 용산구이태원로20가길7- 5(이태원동, (1층))","37.5337213","126.9924236","아노브 이태원 서울특별시 용산구이태원로20가길7- 5(이태원동, (1층))","아노브 이태원 서울특별시 용산구이태원로20가길7- 5(이태원동","도로명·건물번호 보조 검색","1","","","","True","False","0","","","","","재확인 필요","재확인 필요","상호는 일치하지만 주소가 일치하지 않습니다","2026-09-06"
"51","피그가든","서울특별시 용산구한강대로270(남영동)","37.5423973","126.9730344","피그가든 서울특별시 용산구한강대로270(남영동)","피그가든 서울특별시 용산구한강대로270(남영동)","전체 주소 검색","1","","","","True","False","0","","","","","재확인 필요","재확인 필요","상호는 일치하지만 주소가 일치하지 않습니다","2026-09-06"
"52","가위소리","서울특별시 은평구진관3로21(진관동, (엘크루상가 126호))","37.6394555","126.9191948","가위소리 서울특별시 은평구진관3로21(진관동, (엘크루상가 126호))","가위소리 서울특별시 은평구진관3로21(진관동","도로명·건물번호 보조 검색","1","","","","True","False","0","","","","","재확인 필요","재확인 필요","상호는 일치하지만 주소가 일치하지 않습니다","2026-09-06"
"53","디얼스 이마트은평점","서울특별시 은평구은평로111(응암동, (이마트 8층 디얼스 미용실))","37.6008422","126.9205287","디얼스 이마트은평점 서울특별시 은평구은평로111(응암동, (이마트 8층 디얼스 미용실))","디얼스 이마트은평점 서울특별시 은평구은평로111(응암동","도로명·건물번호 보조 검색","1","","","","True","False","0","","","","","재확인 필요","재확인 필요","상호는 일치하지만 주소가 일치하지 않습니다","2026-09-06"
"54","수헤어","서울특별시 은평구가좌로12길15(신사동, (은평신사 두산위브 2차 상가))","37.5988251","126.907551","수헤어 서울특별시 은평구가좌로12길15(신사동, (은평신사 두산위브 2차 상가))","수헤어 서울특별시 은평구가좌로12길15(신사동","도로명·건물번호 보조 검색","1","","","","True","False","0","","","","","재확인 필요","재확인 필요","상호는 일치하지만 주소가 일치하지 않습니다","2026-09-06"
"55","어반제이슨헤어 연신내점","서울특별시 은평구통일로885(갈현동)","37.6220073","126.9195416","어반제이슨헤어 연신내점 서울특별시 은평구통일로885(갈현동)","어반제이슨헤어 연신내점 서울특별시 은평구통일로885(갈현동)","전체 주소 검색","1","","","","False","False","0","","","","","미확인","미확인","상호와 주소가 일치하는 후보가 없습니다","2026-09-06"
"56","엘룬헤어","서울특별시 은평구연서로29길7(갈현동, (2층))","37.6186804","126.9194113","엘룬헤어 서울특별시 은평구연서로29길7(갈현동, (2층))","엘룬헤어 서울특별시 은평구연서로29길7(갈현동","도로명·건물번호 보조 검색","1","","","","True","False","0","","","","","재확인 필요","재확인 필요","상호는 일치하지만 주소가 일치하지 않습니다","2026-09-06"
"57","솔찬 장칼국수 구파발본점","서울특별시 은평구북한산로2(진관동, (금호어울림10단지 1028동 1층상가 102호))","37.6422426","126.9162208","솔찬 장칼국수 구파발본점 서울특별시 은평구북한산로2(진관동, (금호어울림10단지 1028동 1층상가 102호))","솔찬 장칼국수 구파발본점 서울특별시 은평구북한산로2(진관동","도로명·건물번호 보조 검색","1","","","","True","False","0","","","","","재확인 필요","재확인 필요","상호는 일치하지만 주소가 일치하지 않습니다","2026-09-06"
"58","인생돈카츠 불광본점","서울특별시 은평구통일로65길12- 10(대조동, (1층))","37.6097509","126.9295974","인생돈카츠 불광본점 서울특별시 은평구통일로65길12- 10(대조동, (1층))","인생돈카츠 불광본점 서울특별시 은평구통일로65길12- 10(대조동","도로명·건물번호 보조 검색","1","","","","True","False","0","","","","","재확인 필요","재확인 필요","상호는 일치하지만 주소가 일치하지 않습니다","2026-09-06"
"59","명동케이갈비","서울특별시 중구명동3길52, 3층 (명동1가)","37.56395925","126.9833538","명동케이갈비 서울특별시 중구명동3길52, 3층 (명동1가)","명동케이갈비 서울특별시 중구명동3길52","도로명·건물번호 보조 검색","0","","","","False","False","0","","","","","미확인","미확인","지역 검색 결과가 없습니다","2026-09-06"
"60","횃불식당","경기도 가평군가평읍용추로171번길16(가평읍승안리, 횃불식당)","37.842706","127.4879474","횃불식당 경기도 가평군가평읍용추로171번길16(가평읍승안리, 횃불식당)","횃불식당 경기도 가평군가평읍용추로171번길16(가평읍승안리, 횃불식당)","전체 주소 검색","1","","","","True","False","0","","","","","재확인 필요","재확인 필요","상호는 일치하지만 주소가 일치하지 않습니다","2026-09-06"
"61","플로레카페","경기도 가평군청평면에덴벚꽃길39- 1(청평면상천리)","37.7404063","127.4241436","플로레카페 경기도 가평군청평면에덴벚꽃길39- 1(청평면상천리)","플로레카페 경기도 가평군청평면에덴벚꽃길39- 1(청평면상천리)","전체 주소 검색","1","","","","False","False","0","","","","","미확인","미확인","상호와 주소가 일치하는 후보가 없습니다","2026-09-06"
"62","송화","경기도 고양시 덕양구수역이길25(성사동)","37.6638412","126.8503272","송화 경기도 고양시 덕양구수역이길25(성사동)","송화 경기도 고양시 덕양구수역이길25(성사동)","전체 주소 검색","1","<b>송화</b>","경기도 고양시 덕양구 수역이길 25 (성사동)","경기도 고양시 덕양구 성사동 579-1","True","True","1","37.6638785","126.8503","네이버 지도","https://map.naver.com/p/search/%EC%86%A1%ED%99%94%20%EA%B2%BD%EA%B8%B0%EB%8F%84%20%EA%B3%A0%EC%96%91%EC%8B%9C%20%EB%8D%95%EC%96%91%EA%B5%AC%EC%88%98%EC%97%AD%EC%9D%B4%EA%B8%B825%28%EC%84%B1%EC%82%AC%EB%8F%99%29","확인 완료","확인 후보","단일 상호·주소 일치 후보","2026-09-06"
"63","달려라행복이 달행이네 과일&음료","경기도 고양시 덕양구토당로104번길22- 191층 (토당동)","37.751116","127.0381594","달려라행복이 달행이네 과일&음료 경기도 고양시 덕양구토당로104번길22- 191층 (토당동)","달려라행복이 달행이네 과일&음료 경기도 고양시 덕양구토당로104번길22- 191층 (토당동)","전체 주소 검색","0","","","","False","False","0","","","","","미확인","미확인","지역 검색 결과가 없습니다","2026-09-06"
"64","순헤어","경기도 과천시별양로28B동1069호(원문동, 슈르상가)","37.420876","126.992337","순헤어 경기도 과천시별양로28B동1069호(원문동, 슈르상가)","순헤어 경기도 과천시별양로28B동1069호(원문동","도로명·건물번호 보조 검색","0","","","","False","False","0","","","","","미확인","미확인","지역 검색 결과가 없습니다","2026-09-06"
"65","오신우헤어","경기도 과천시별양상가2로353동204호(별양동)","37.424857","126.992504","오신우헤어 경기도 과천시별양상가2로353동204호(별양동)","오신우헤어 경기도 과천시별양상가2로353동204호(별양동)","전체 주소 검색","0","","","","False","False","0","","","","","미확인","미확인","지역 검색 결과가 없습니다","2026-09-06"
"66","자스 아일랜드","경기도 과천시별양로28B동1089호1층 (원문동, 건물후면 GS편의점 옆)","37.4211738","126.9912596","자스 아일랜드 경기도 과천시별양로28B동1089호1층 (원문동, 건물후면 GS편의점 옆)","자스 아일랜드 경기도 과천시별양로28B동1089호1층 (원문동","도로명·건물번호 보조 검색","0","","","","False","False","0","","","","","미확인","미확인","지역 검색 결과가 없습니다","2026-09-06"
"67","만나떡볶이","경기도 과천시별양상가2로35118호1층 (별양동)","37.4254868","126.9918932","만나떡볶이 경기도 과천시별양상가2로35118호1층 (별양동)","만나떡볶이 경기도 과천시별양상가2로35118호1층 (별양동)","전체 주소 검색","0","","","","False","False","0","","","","","미확인","미확인","지역 검색 결과가 없습니다","2026-09-06"
"68","메종카소","경기도 과천시관문로92A동216호(중앙동)","37.429605","126.991013","메종카소 경기도 과천시관문로92A동216호(중앙동)","메종카소 경기도 과천시관문로92A동216호(중앙동)","전체 주소 검색","0","","","","False","False","0","","","","","미확인","미확인","지역 검색 결과가 없습니다","2026-09-06"
"69","바른국수 둥이네","경기도 과천시별양상가로714호지하1층 (별양동, 벽산빌딩)","37.428068","126.992932","바른국수 둥이네 경기도 과천시별양상가로714호지하1층 (별양동, 벽산빌딩)","바른국수 둥이네 경기도 과천시별양상가로714호지하1층 (별양동","도로명·건물번호 보조 검색","0","","","","False","False","0","","","","","미확인","미확인","지역 검색 결과가 없습니다","2026-09-06"
"70","스톨커피","경기도 과천시뒷골2로1(과천동)","37.45292","127.001957","스톨커피 경기도 과천시뒷골2로1(과천동)","스톨커피 경기도 과천시뒷골2로1(과천동)","전체 주소 검색","1","","","","False","False","0","","","","","미확인","미확인","상호와 주소가 일치하는 후보가 없습니다","2026-09-06"
"71","카페공간","경기도 과천시과천대로7길20150호B층 (갈현동, 스마트케이)","37.4141254","126.979178","카페공간 경기도 과천시과천대로7길20150호B층 (갈현동, 스마트케이)","카페공간 경기도 과천시과천대로7길20150호B층 (갈현동","도로명·건물번호 보조 검색","0","","","","False","False","0","","","","","미확인","미확인","지역 검색 결과가 없습니다","2026-09-06"
"72","구이대장쪽갈비 광명역점","경기도 광명시오리로169(일직동, 1층 구이대장쪽갈비 광명역점)","37.4183533","126.8793941","구이대장쪽갈비 광명역점 경기도 광명시오리로169(일직동, 1층 구이대장쪽갈비 광명역점)","구이대장쪽갈비 광명역점 경기도 광명시오리로169(일직동","도로명·건물번호 보조 검색","1","","","","True","False","0","","","","","재확인 필요","재확인 필요","상호는 일치하지만 주소가 일치하지 않습니다","2026-09-06"
"73","만복국수(철산점)","경기도 광명시철산로30번길9(철산동, 프라자빌딩 2층)","37.47560683","126.8701644","만복국수(철산점) 경기도 광명시철산로30번길9(철산동, 프라자빌딩 2층)","만복국수(철산점) 경기도 광명시철산로30번길9(철산동","도로명·건물번호 보조 검색","1","","","","False","False","0","","","","","미확인","미확인","상호와 주소가 일치하는 후보가 없습니다","2026-09-06"
"74","게이트호텔","파주시 광탄면 보광로 505","37.753640167","126.910762251","게이트호텔 파주시 광탄면 보광로 505","게이트호텔 파주시 광탄면 보광로 505","전체 주소 검색","1","","","","True","False","0","","","","","재확인 필요","재확인 필요","상호는 일치하지만 주소가 일치하지 않습니다","2026-09-06"
"75","두둑한한판","파주시 광탄면 보광로 646","37.7641974792","126.9039621459","두둑한한판 파주시 광탄면 보광로 646","두둑한한판 파주시 광탄면 보광로 646","전체 주소 검색","1","","","","False","False","0","","","","","미확인","미확인","상호와 주소가 일치하는 후보가 없습니다","2026-09-06"
"76","레드브릿지","파주시 광탄면 기산로 329","37.7739193904","126.9282001396","레드브릿지 파주시 광탄면 기산로 329","레드브릿지 파주시 광탄면 기산로 329","전체 주소 검색","1","","","","True","False","0","","","","","재확인 필요","재확인 필요","상호는 일치하지만 주소가 일치하지 않습니다","2026-09-06"
"77","숙성사돈 파주광탄점","파주시 광탄면 큰여울길 8-1","37.7787288253","126.8492861243","숙성사돈 파주광탄점 파주시 광탄면 큰여울길 8-1","숙성사돈 파주광탄점 파주시 광탄면 큰여울길 8-1","전체 주소 검색","0","","","","False","False","0","","","","","미확인","미확인","지역 검색 결과가 없습니다","2026-09-06"
"78","신나는 등갈비 엔 닭발","파주시 광탄면 혜음로 1117-1 1층","37.7812384645","126.8477507108","신나는 등갈비 엔 닭발 파주시 광탄면 혜음로 1117-1 1층","신나는 등갈비 엔 닭발 파주시 광탄면 혜음로 1117-1 1층","전체 주소 검색","0","","","","False","False","0","","","","","미확인","미확인","지역 검색 결과가 없습니다","2026-09-06"
"79","엘리스오븐","파주시 광탄면 기산로 195 1,2층","37.7753506896","126.9195940762","엘리스오븐 파주시 광탄면 기산로 195 1,2층","엘리스오븐 파주시 광탄면 기산로 195 1","도로명·건물번호 보조 검색","2","","","","True","False","0","","","","","재확인 필요","재확인 필요","상호는 일치하지만 주소가 일치하지 않습니다","2026-09-06"
"80","장단콩두부전문점","파주시 광탄면 큰여울길 35 1층 일부","37.7798021795","126.848262315","장단콩두부전문점 파주시 광탄면 큰여울길 35 1층 일부","장단콩두부전문점 파주시 광탄면 큰여울길 35 1층 일부","전체 주소 검색","0","","","","False","False","0","","","","","미확인","미확인","지역 검색 결과가 없습니다","2026-09-06"
"81","풍미진해장국 광탄직영점","파주시 광탄면 부흥로 30 B동 1층 전체","37.8078608372","126.852451443","풍미진해장국 광탄직영점 파주시 광탄면 부흥로 30 B동 1층 전체","풍미진해장국 광탄직영점 파주시 광탄면 부흥로 30 B동 1층 전체","전체 주소 검색","0","","","","False","False","0","","","","","미확인","미확인","지역 검색 결과가 없습니다","2026-09-06"
"82","조아의 하루","파주시 광탄면 혜음로 1191 1~2층","37.7874687","126.8445859","조아의 하루 파주시 광탄면 혜음로 1191 1~2층","조아의 하루 파주시 광탄면 혜음로 1191 1~2층","전체 주소 검색","0","","","","False","False","0","","","","","미확인","미확인","지역 검색 결과가 없습니다","2026-09-06"
"83","카페바스","파주시 광탄면 왕수물길 4 광천목욕탕 1층 일부","37.7808339957","126.8469649879","카페바스 파주시 광탄면 왕수물길 4 광천목욕탕 1층 일부","카페바스 파주시 광탄면 왕수물길 4 광천목욕탕 1층 일부","전체 주소 검색","0","","","","False","False","0","","","","","미확인","미확인","지역 검색 결과가 없습니다","2026-09-06"
"84","민바리매운탕","파주시 쌀뚜기길 44-42 (문발동)","37.7230209609","126.6963873921","민바리매운탕 파주시 쌀뚜기길 44-42 (문발동)","민바리매운탕 파주시 쌀뚜기길 44-42 (문발동)","전체 주소 검색","1","","","","False","False","0","","","","","미확인","미확인","상호와 주소가 일치하는 후보가 없습니다","2026-09-06"
"85","여명양평해장국","파주시 지목로 65 (신촌동)","37.726571373","126.6990443559","여명양평해장국 파주시 지목로 65 (신촌동)","여명양평해장국 파주시 지목로 65 (신촌동)","전체 주소 검색","0","","","","False","False","0","","","","","미확인","미확인","지역 검색 결과가 없습니다","2026-09-06"
"86","해울한정식","파주시 지목로 65 (신촌동)","37.726571373","126.6990443559","해울한정식 파주시 지목로 65 (신촌동)","해울한정식 파주시 지목로 65 (신촌동)","전체 주소 검색","1","","","","True","False","0","","","","","재확인 필요","재확인 필요","상호는 일치하지만 주소가 일치하지 않습니다","2026-09-06"
"87","아레볼","파주시 소라지로 309-12 (송촌동)","37.7495378368","126.6886448517","아레볼 파주시 소라지로 309-12 (송촌동)","아레볼 파주시 소라지로 309-12 (송촌동)","전체 주소 검색","1","","","","True","False","0","","","","","재확인 필요","재확인 필요","상호는 일치하지만 주소가 일치하지 않습니다","2026-09-06"
"88","준하헤어","경기도 군포시대야1로8102호(대야미동)","37.327061","126.918442","준하헤어 경기도 군포시대야1로8102호(대야미동)","준하헤어 경기도 군포시대야1로8102호(대야미동)","전체 주소 검색","0","","","","False","False","0","","","","","미확인","미확인","지역 검색 결과가 없습니다","2026-09-06"
"89","궁안골","경기도 군포시수리산로191- 0(산본동, 해아름빌리지)","37.365086","126.9209674","궁안골 경기도 군포시수리산로191- 0(산본동, 해아름빌리지)","궁안골 경기도 군포시수리산로191- 0(산본동","도로명·건물번호 보조 검색","0","","","","False","False","0","","","","","미확인","미확인","지역 검색 결과가 없습니다","2026-09-06"
"90","남궁가 족발","경기도 군포시대야1로22- 2(대야미동)","37.327487","126.917483","남궁가 족발 경기도 군포시대야1로22- 2(대야미동)","남궁가 족발 경기도 군포시대야1로22- 2(대야미동)","전체 주소 검색","0","","","","False","False","0","","","","","미확인","미확인","지역 검색 결과가 없습니다","2026-09-06"
"91","선한 게장","경기도 군포시산본로431번안길3- 7(산본동)","37.3672775","126.9262502","선한 게장 경기도 군포시산본로431번안길3- 7(산본동)","선한 게장 경기도 군포시산본로431번안길3- 7(산본동)","전체 주소 검색","0","","","","False","False","0","","","","","미확인","미확인","지역 검색 결과가 없습니다","2026-09-06"
"92","천하수산","경기도 군포시대야1로15- 3(대야미동)","37.326859","126.917748","천하수산 경기도 군포시대야1로15- 3(대야미동)","천하수산 경기도 군포시대야1로15- 3(대야미동)","전체 주소 검색","0","","","","False","False","0","","","","","미확인","미확인","지역 검색 결과가 없습니다","2026-09-06"
"93","구름상상(산본점)","경기도 군포시산본천로199- 5(산본동)","37.370768","126.939422","구름상상(산본점) 경기도 군포시산본천로199- 5(산본동)","구름상상(산본점) 경기도 군포시산본천로199- 5(산본동)","전체 주소 검색","0","","","","False","False","0","","","","","미확인","미확인","지역 검색 결과가 없습니다","2026-09-06"
"94","문이네 카페","경기도 군포시수리산로203번안길40103,104호(산본동)","37.3674275","126.926006","문이네 카페 경기도 군포시수리산로203번안길40103,104호(산본동)","문이네 카페 경기도 군포시수리산로203번안길40103","도로명·건물번호 보조 검색","0","","","","False","False","0","","","","","미확인","미확인","지역 검색 결과가 없습니다","2026-09-06"
"95","야미커피","경기도 군포시대야1로6번길22- 2103호(대야미동)","37.327487","126.917483","야미커피 경기도 군포시대야1로6번길22- 2103호(대야미동)","야미커피 경기도 군포시대야1로6번길22- 2103호(대야미동)","전체 주소 검색","0","","","","False","False","0","","","","","미확인","미확인","지역 검색 결과가 없습니다","2026-09-06"
"96","카카오가든","경기도 군포시대야1로192층 (대야미동)","37.327147","126.917394","카카오가든 경기도 군포시대야1로192층 (대야미동)","카카오가든 경기도 군포시대야1로192층 (대야미동)","전체 주소 검색","0","","","","False","False","0","","","","","미확인","미확인","지역 검색 결과가 없습니다","2026-09-06"
"97","금헤어","파주시 금정4길 16 (금촌동)","37.7566044283","126.7772154948","금헤어 파주시 금정4길 16 (금촌동)","금헤어 파주시 금정4길 16 (금촌동)","전체 주소 검색","0","","","","False","False","0","","","","","미확인","미확인","지역 검색 결과가 없습니다","2026-09-06"
"98","이브 헤어샵","파주시 금정14길 35 (아동동)","37.7606061753","126.7765131641","이브 헤어샵 파주시 금정14길 35 (아동동)","이브 헤어샵 파주시 금정14길 35 (아동동)","전체 주소 검색","1","","","","True","False","0","","","","","재확인 필요","재확인 필요","상호는 일치하지만 주소가 일치하지 않습니다","2026-09-06"
"99","이정호 모델헤어","파주시 중앙로 318-1 (금촌동)","37.7640668727","126.7748583907","이정호 모델헤어 파주시 중앙로 318-1 (금촌동)","이정호 모델헤어 파주시 중앙로 318-1 (금촌동)","전체 주소 검색","1","","","","True","False","0","","","","","재확인 필요","재확인 필요","상호는 일치하지만 주소가 일치하지 않습니다","2026-09-06"
"100","헤어그린","파주시 새꽃로 208 (아동동)","37.7656719111","126.7756464988","헤어그린 파주시 새꽃로 208 (아동동)","헤어그린 파주시 새꽃로 208 (아동동)","전체 주소 검색","1","","","","True","False","0","","","","","재확인 필요","재확인 필요","상호는 일치하지만 주소가 일치하지 않습니다","2026-09-06"
"101","성심모텔","파주시 아동로 4-3 (금촌동)","37.7637740874","126.7754869904","성심모텔 파주시 아동로 4-3 (금촌동)","성심모텔 파주시 아동로 4-3 (금촌동)","전체 주소 검색","1","","","","True","False","0","","","","","재확인 필요","재확인 필요","상호는 일치하지만 주소가 일치하지 않습니다","2026-09-06"
"102","테마모텔","파주시 중앙로 272 (금촌동)","37.7603522554","126.777593734","테마모텔 파주시 중앙로 272 (금촌동)","테마모텔 파주시 중앙로 272 (금촌동)","전체 주소 검색","1","","","","True","False","0","","","","","재확인 필요","재확인 필요","상호는 일치하지만 주소가 일치하지 않습니다","2026-09-06"
"103","덕성원","파주시 명동길 43 (금촌동)","37.7631137387","126.7728840778","덕성원 파주시 명동길 43 (금촌동)","덕성원 파주시 명동길 43 (금촌동)","전체 주소 검색","1","","","","True","False","0","","","","","재확인 필요","재확인 필요","상호는 일치하지만 주소가 일치하지 않습니다","2026-09-06"
"104","미몽 파주금촌점","파주시 동산8길 39 (금촌동)","37.7579932672","126.7723132633","미몽 파주금촌점 파주시 동산8길 39 (금촌동)","미몽 파주금촌점 파주시 동산8길 39 (금촌동)","전체 주소 검색","1","","","","True","False","0","","","","","재확인 필요","재확인 필요","상호는 일치하지만 주소가 일치하지 않습니다","2026-09-06"
"105","바삭옛날통닭","파주시 새꽃로 25 (금촌동) 103호","37.752189","126.7683851","바삭옛날통닭 파주시 새꽃로 25 (금촌동) 103호","바삭옛날통닭 파주시 새꽃로 25 (금촌동) 103호","전체 주소 검색","0","","","","False","False","0","","","","","미확인","미확인","지역 검색 결과가 없습니다","2026-09-06"
"106","소담촌","파주시 후곡로 19 (금촌동) 3층 전부","37.755745083","126.7739012362","소담촌 파주시 후곡로 19 (금촌동) 3층 전부","소담촌 파주시 후곡로 19 (금촌동) 3층 전부","전체 주소 검색","0","","","","False","False","0","","","","","미확인","미확인","지역 검색 결과가 없습니다","2026-09-06"
"107","여명 양평해장국","파주시 번영로 36 (금촌동)","37.7578969172","126.7693290127","여명 양평해장국 파주시 번영로 36 (금촌동)","여명 양평해장국 파주시 번영로 36 (금촌동)","전체 주소 검색","1","","","","True","False","0","","","","","재확인 필요","재확인 필요","상호는 일치하지만 주소가 일치하지 않습니다","2026-09-06"
"108","왔다삼겹살","파주시 원앙길 26 (금촌동)","37.7650139221","126.7758279169","왔다삼겹살 파주시 원앙길 26 (금촌동)","왔다삼겹살 파주시 원앙길 26 (금촌동)","전체 주소 검색","1","","","","True","False","0","","","","","재확인 필요","재확인 필요","상호는 일치하지만 주소가 일치하지 않습니다","2026-09-06"
"109","이승옥 냉 돈돼지","파주시 평화로 8 (금촌동)","37.7587148024","126.7732232209","이승옥 냉 돈돼지 파주시 평화로 8 (금촌동)","이승옥 냉 돈돼지 파주시 평화로 8 (금촌동)","전체 주소 검색","0","","","","False","False","0","","","","","미확인","미확인","지역 검색 결과가 없습니다","2026-09-06"
"110","중국성","파주시 아동로 13 (금촌동)","37.7647723105","126.7762213262","중국성 파주시 아동로 13 (금촌동)","중국성 파주시 아동로 13 (금촌동)","전체 주소 검색","1","","","","True","False","0","","","","","재확인 필요","재확인 필요","상호는 일치하지만 주소가 일치하지 않습니다","2026-09-06"
"111","커피에반하다(금촌역점)","파주시 새꽃로 200 (금촌동) 1층","37.7653013325","126.7747898445","커피에반하다(금촌역점) 파주시 새꽃로 200 (금촌동) 1층","커피에반하다(금촌역점) 파주시 새꽃로 200 (금촌동) 1층","전체 주소 검색","0","","","","False","False","0","","","","","미확인","미확인","지역 검색 결과가 없습니다","2026-09-06"
"112","미술관속 족발집","파주시 한마음1길 43 (금촌동) 2층","37.7573146752","126.7706943956","미술관속 족발집 파주시 한마음1길 43 (금촌동) 2층","미술관속 족발집 파주시 한마음1길 43 (금촌동) 2층","전체 주소 검색","0","","","","False","False","0","","","","","미확인","미확인","지역 검색 결과가 없습니다","2026-09-06"
"113","소스와 꼬꼬","파주시 한마음1길 40 (금촌동)","37.7572990842","126.771062913","소스와 꼬꼬 파주시 한마음1길 40 (금촌동)","소스와 꼬꼬 파주시 한마음1길 40 (금촌동)","전체 주소 검색","1","","","","False","False","0","","","","","미확인","미확인","상호와 주소가 일치하는 후보가 없습니다","2026-09-06"
"114","할머니가래떡볶이(금촌점)","파주시 한마음1길 9 (금촌동) 광성프라자 105호","37.7557078877","126.7705984734","할머니가래떡볶이(금촌점) 파주시 한마음1길 9 (금촌동) 광성프라자 105호","할머니가래떡볶이(금촌점) 파주시 한마음1길 9 (금촌동) 광성프라자 105호","전체 주소 검색","0","","","","False","False","0","","","","","미확인","미확인","지역 검색 결과가 없습니다","2026-09-06"
"115","일품양평해장국 파주검산점","파주시 평화로 330 (검산동)","37.7727583399","126.7458659391","일품양평해장국 파주검산점 파주시 평화로 330 (검산동)","일품양평해장국 파주검산점 파주시 평화로 330 (검산동)","전체 주소 검색","1","","","","True","False","0","","","","","재확인 필요","재확인 필요","상호는 일치하지만 주소가 일치하지 않습니다","2026-09-06"
"116","파주새말육심","파주시 정담길 41 (아동동) 1층","37.7699665","126.7768771","파주새말육심 파주시 정담길 41 (아동동) 1층","파주새말육심 파주시 정담길 41 (아동동) 1층","전체 주소 검색","0","","","","False","False","0","","","","","미확인","미확인","지역 검색 결과가 없습니다","2026-09-06"
"117","수민헤어","경기도 김포시통진읍조강로98(통진읍서암리, 1층)","37.6929395","126.5959984","수민헤어 경기도 김포시통진읍조강로98(통진읍서암리, 1층)","수민헤어 경기도 김포시통진읍조강로98(통진읍서암리","도로명·건물번호 보조 검색","1","","","","True","False","0","","","","","재확인 필요","재확인 필요","상호는 일치하지만 주소가 일치하지 않습니다","2026-09-06"
"118","개성연출","경기도 동두천시 정장로31-12, 1층(생연동)","37.9047658","127.054556","개성연출 경기도 동두천시 정장로31-12, 1층(생연동)","개성연출 경기도 동두천시 정장로31-12","도로명·건물번호 보조 검색","1","","","","True","False","0","","","","","재확인 필요","재확인 필요","상호는 일치하지만 주소가 일치하지 않습니다","2026-09-06"
"119","고미나 헤어모드","경기도 동두천시 동광로75-1(생연동)","37.9089353","127.0566985","고미나 헤어모드 경기도 동두천시 동광로75-1(생연동)","고미나 헤어모드 경기도 동두천시 동광로75-1(생연동)","전체 주소 검색","1","","","","True","False","0","","","","","재확인 필요","재확인 필요","상호는 일치하지만 주소가 일치하지 않습니다","2026-09-06"
"120","김희정헤어샵","경기도 동두천시 지행로65, 2층(지행동)","37.8926766","127.0544782","김희정헤어샵 경기도 동두천시 지행로65, 2층(지행동)","김희정헤어샵 경기도 동두천시 지행로65","도로명·건물번호 보조 검색","1","","","","True","False","0","","","","","재확인 필요","재확인 필요","상호는 일치하지만 주소가 일치하지 않습니다","2026-09-06"
"121","까미헤어","경기도 동두천시 평화로2261번길 52(지행동)","37.8915973","127.0565646","까미헤어 경기도 동두천시 평화로2261번길 52(지행동)","까미헤어 경기도 동두천시 평화로2261번길 52(지행동)","전체 주소 검색","1","","","","True","False","0","","","","","재확인 필요","재확인 필요","상호는 일치하지만 주소가 일치하지 않습니다","2026-09-06"
"122","노블헤어","경기도 동두천시 거북마루로45, 상가동 202호(생연동)","37.8974429","127.0509186","노블헤어 경기도 동두천시 거북마루로45, 상가동 202호(생연동)","노블헤어 경기도 동두천시 거북마루로45","도로명·건물번호 보조 검색","0","","","","False","False","0","","","","","미확인","미확인","지역 검색 결과가 없습니다","2026-09-06"
"123","리안헤어 동두천지행역점","경기도 동두천시 지행로56, 205호(지행동)","37.8920833","127.0533841","리안헤어 동두천지행역점 경기도 동두천시 지행로56, 205호(지행동)","리안헤어 동두천지행역점 경기도 동두천시 지행로56","도로명·건물번호 보조 검색","1","","","","True","False","0","","","","","재확인 필요","재확인 필요","상호는 일치하지만 주소가 일치하지 않습니다","2026-09-06"
"124","마샹스헤어살롱","경기도 동두천시 중앙로134-20, 202호(지행동)","37.8930182","127.0538205","마샹스헤어살롱 경기도 동두천시 중앙로134-20, 202호(지행동)","마샹스헤어살롱 경기도 동두천시 중앙로134-20","도로명·건물번호 보조 검색","1","","","","True","False","0","","","","","재확인 필요","재확인 필요","상호는 일치하지만 주소가 일치하지 않습니다","2026-09-06"
"125","박미라 헤어스토리","경기도 동두천시 평화로2452-1(생연동)","37.9066868","127.0583546","박미라 헤어스토리 경기도 동두천시 평화로2452-1(생연동)","박미라 헤어스토리 경기도 동두천시 평화로2452-1(생연동)","전체 주소 검색","1","","","","True","False","0","","","","","재확인 필요","재확인 필요","상호는 일치하지만 주소가 일치하지 않습니다","2026-09-06"
"126","보배헤어샵","경기도 동두천시 중앙로286번길 21-3(생연동)","37.9072394","127.0554639","보배헤어샵 경기도 동두천시 중앙로286번길 21-3(생연동)","보배헤어샵 경기도 동두천시 중앙로286번길 21-3(생연동)","전체 주소 검색","1","","","","True","False","0","","","","","재확인 필요","재확인 필요","상호는 일치하지만 주소가 일치하지 않습니다","2026-09-06"
"127","삐삐머리방","경기도 동두천시 평화로2530번길 35(보산동)","37.9137556","127.0597922","삐삐머리방 경기도 동두천시 평화로2530번길 35(보산동)","삐삐머리방 경기도 동두천시 평화로2530번길 35(보산동)","전체 주소 검색","1","","","","True","False","0","","","","","재확인 필요","재확인 필요","상호는 일치하지만 주소가 일치하지 않습니다","2026-09-06"
"128","샤론의꽃 미용아카데미","경기도 동두천시 중앙로7번길 15(송내동)","37.8822769","127.0534822","샤론의꽃 미용아카데미 경기도 동두천시 중앙로7번길 15(송내동)","샤론의꽃 미용아카데미 경기도 동두천시 중앙로7번길 15(송내동)","전체 주소 검색","0","","","","False","False","0","","","","","미확인","미확인","지역 검색 결과가 없습니다","2026-09-06"
"129","세아떼바버샵","경기도 동두천시 이담로89, 상가동 106호(지행동)","37.8893173","127.0587061","세아떼바버샵 경기도 동두천시 이담로89, 상가동 106호(지행동)","세아떼바버샵 경기도 동두천시 이담로89","도로명·건물번호 보조 검색","1","","","","True","False","0","","","","","재확인 필요","재확인 필요","상호는 일치하지만 주소가 일치하지 않습니다","2026-09-06"
"130","신성순 헤어아트","경기도 동두천시 중앙로278, 2층(생연동)","37.9062244","127.0543695","신성순 헤어아트 경기도 동두천시 중앙로278, 2층(생연동)","신성순 헤어아트 경기도 동두천시 중앙로278","도로명·건물번호 보조 검색","1","","","","False","False","0","","","","","미확인","미확인","상호와 주소가 일치하는 후보가 없습니다","2026-09-06"
"131","신지미헤어라인","경기도 동두천시 광암로33번길 13-10(광암동)","37.8960534","127.0851728","신지미헤어라인 경기도 동두천시 광암로33번길 13-10(광암동)","신지미헤어라인 경기도 동두천시 광암로33번길 13-10(광암동)","전체 주소 검색","1","","","","True","False","0","","","","","재확인 필요","재확인 필요","상호는 일치하지만 주소가 일치하지 않습니다","2026-09-06"
"132","안다미로","경기도 동두천시 지행로107번길 13(지행동)","37.8930315","127.0592205","안다미로 경기도 동두천시 지행로107번길 13(지행동)","안다미로 경기도 동두천시 지행로107번길 13(지행동)","전체 주소 검색","1","","","","False","False","0","","","","","미확인","미확인","상호와 주소가 일치하는 후보가 없습니다","2026-09-06"
"133","에이치H헤어","경기도 동두천시 중앙로134-26, 1층 105호(지행동)","37.8931681","127.0538155","에이치H헤어 경기도 동두천시 중앙로134-26, 1층 105호(지행동)","에이치H헤어 경기도 동두천시 중앙로134-26","도로명·건물번호 보조 검색","1","","","","False","False","0","","","","","미확인","미확인","상호와 주소가 일치하는 후보가 없습니다","2026-09-06"
"134","이선희헤어샵","경기도 동두천시 삼육사로896, 1층(생연동)","37.90003","127.0495185","이선희헤어샵 경기도 동두천시 삼육사로896, 1층(생연동)","이선희헤어샵 경기도 동두천시 삼육사로896","도로명·건물번호 보조 검색","1","","","","False","False","0","","","","","미확인","미확인","상호와 주소가 일치하는 후보가 없습니다","2026-09-06"
"135","이지현미용실","경기도 동두천시 중앙로295번길 26(생연동)","37.9082384","127.0530444","이지현미용실 경기도 동두천시 중앙로295번길 26(생연동)","이지현미용실 경기도 동두천시 중앙로295번길 26(생연동)","전체 주소 검색","0","","","","False","False","0","","","","","미확인","미확인","지역 검색 결과가 없습니다","2026-09-06"
"136","인헤어","경기도 동두천시 삼육사로902, 2동 104호(생연동)","37.8995915","127.050081","인헤어 경기도 동두천시 삼육사로902, 2동 104호(생연동)","인헤어 경기도 동두천시 삼육사로902","도로명·건물번호 보조 검색","0","","","","False","False","0","","","","","미확인","미확인","지역 검색 결과가 없습니다","2026-09-06"
"137","잔디이발관","경기도 동두천시 중앙로369(보산동)","37.9132522","127.0580444","잔디이발관 경기도 동두천시 중앙로369(보산동)","잔디이발관 경기도 동두천시 중앙로369(보산동)","전체 주소 검색","0","","","","False","False","0","","","","","미확인","미확인","지역 검색 결과가 없습니다","2026-09-06"
"138","쟝스헤어","경기도 동두천시 평화로2915(상봉암동)","37.9470084","127.0613666","쟝스헤어 경기도 동두천시 평화로2915(상봉암동)","쟝스헤어 경기도 동두천시 평화로2915(상봉암동)","전체 주소 검색","0","","","","False","False","0","","","","","미확인","미확인","지역 검색 결과가 없습니다","2026-09-06"
"139","정헤어샾","경기도 동두천시 동광로83-1(생연동)","37.9090884","127.0576367","정헤어샾 경기도 동두천시 동광로83-1(생연동)","정헤어샾 경기도 동두천시 동광로83-1(생연동)","전체 주소 검색","1","","","","False","False","0","","","","","미확인","미확인","상호와 주소가 일치하는 후보가 없습니다","2026-09-06"
"140","제이제이 남성컷트전문","경기도 동두천시 평화로2530번길 30(보산동)","37.9135589","127.0594159","제이제이 남성컷트전문 경기도 동두천시 평화로2530번길 30(보산동)","제이제이 남성컷트전문 경기도 동두천시 평화로2530번길 30(보산동)","전체 주소 검색","0","","","","False","False","0","","","","","미확인","미확인","지역 검색 결과가 없습니다","2026-09-06"
"141","젠틀맨","경기도 동두천시 중앙로362번길 8(생연동)","37.9126467","127.0569518","젠틀맨 경기도 동두천시 중앙로362번길 8(생연동)","젠틀맨 경기도 동두천시 중앙로362번길 8(생연동)","전체 주소 검색","1","","","","True","False","0","","","","","재확인 필요","재확인 필요","상호는 일치하지만 주소가 일치하지 않습니다","2026-09-06"
"142","차희에스 머리사랑","경기도 동두천시 행선로98(생연동)","37.8968706","127.0626416","차희에스 머리사랑 경기도 동두천시 행선로98(생연동)","차희에스 머리사랑 경기도 동두천시 행선로98(생연동)","전체 주소 검색","1","","","","True","False","0","","","","","재확인 필요","재확인 필요","상호는 일치하지만 주소가 일치하지 않습니다","2026-09-06"
"143","최재실 원헤어","경기도 동두천시 평화로2397번길 17, 2층(생연동)","37.9016106","127.0568218","최재실 원헤어 경기도 동두천시 평화로2397번길 17, 2층(생연동)","최재실 원헤어 경기도 동두천시 평화로2397번길 17","도로명·건물번호 보조 검색","1","","","","True","False","0","","","","","재확인 필요","재확인 필요","상호는 일치하지만 주소가 일치하지 않습니다","2026-09-06"
"144","추은옥머리쟁이","경기도 동두천시 행선로102(생연동)","37.8971498","127.0627489","추은옥머리쟁이 경기도 동두천시 행선로102(생연동)","추은옥머리쟁이 경기도 동두천시 행선로102(생연동)","전체 주소 검색","1","","","","True","False","0","","","","","재확인 필요","재확인 필요","상호는 일치하지만 주소가 일치하지 않습니다","2026-09-06"
"145","쿨헤어샵","경기도 동두천시 중앙로311(생연동)","37.9093907","127.054839","쿨헤어샵 경기도 동두천시 중앙로311(생연동)","쿨헤어샵 경기도 동두천시 중앙로311(생연동)","전체 주소 검색","1","","","","True","False","0","","","","","재확인 필요","재확인 필요","상호는 일치하지만 주소가 일치하지 않습니다","2026-09-06"
"146","하니머리나라","경기도 동두천시 삼육사로1002번길 97(지행동)","37.8950128","127.0597027","하니머리나라 경기도 동두천시 삼육사로1002번길 97(지행동)","하니머리나라 경기도 동두천시 삼육사로1002번길 97(지행동)","전체 주소 검색","0","","","","False","False","0","","","","","미확인","미확인","지역 검색 결과가 없습니다","2026-09-06"
"147","헤어고","경기도 동두천시 중앙로230-1, 1층(생연동)","37.9020242","127.0532969","헤어고 경기도 동두천시 중앙로230-1, 1층(생연동)","헤어고 경기도 동두천시 중앙로230-1","도로명·건물번호 보조 검색","1","","","","True","False","0","","","","","재확인 필요","재확인 필요","상호는 일치하지만 주소가 일치하지 않습니다","2026-09-06"
"148","헤어바이 미정","경기도 동두천시 중앙로265번길 8(생연동)","37.9053073","127.0534308","헤어바이 미정 경기도 동두천시 중앙로265번길 8(생연동)","헤어바이 미정 경기도 동두천시 중앙로265번길 8(생연동)","전체 주소 검색","1","","","","True","False","0","","","","","재확인 필요","재확인 필요","상호는 일치하지만 주소가 일치하지 않습니다","2026-09-06"
"149","헤어뱅크","경기도 동두천시 중앙로297, 1층 104호(생연동)","37.9081137","127.0543425","헤어뱅크 경기도 동두천시 중앙로297, 1층 104호(생연동)","헤어뱅크 경기도 동두천시 중앙로297","도로명·건물번호 보조 검색","0","","","","False","False","0","","","","","미확인","미확인","지역 검색 결과가 없습니다","2026-09-06"
"150","헤어카페","경기도 동두천시 행선로110번길 9, 상가동 102호(생연동)","37.8979317","127.0636874","헤어카페 경기도 동두천시 행선로110번길 9, 상가동 102호(생연동)","헤어카페 경기도 동두천시 행선로110번길 9","도로명·건물번호 보조 검색","1","","","","True","False","0","","","","","재확인 필요","재확인 필요","상호는 일치하지만 주소가 일치하지 않습니다","2026-09-06"
"151","그린파크모텔","경기도 동두천시 어수로91-10(생연동)","37.902995","127.0530101","그린파크모텔 경기도 동두천시 어수로91-10(생연동)","그린파크모텔 경기도 동두천시 어수로91-10(생연동)","전체 주소 검색","1","","","","True","False","0","","","","","재확인 필요","재확인 필요","상호는 일치하지만 주소가 일치하지 않습니다","2026-09-06"
"152","제이(J)모텔","경기도 동두천시 동두천로247-13(생연동)","37.9036831","127.0550199","제이(J)모텔 경기도 동두천시 동두천로247-13(생연동)","제이(J)모텔 경기도 동두천시 동두천로247-13(생연동)","전체 주소 검색","0","","","","False","False","0","","","","","미확인","미확인","지역 검색 결과가 없습니다","2026-09-06"
"153","강스시","경기도 동두천시 어수로83번길 38, 1층(생연동)","37.9043773","127.0526486","강스시 경기도 동두천시 어수로83번길 38, 1층(생연동)","강스시 경기도 동두천시 어수로83번길 38","도로명·건물번호 보조 검색","1","","","","True","False","0","","","","","재확인 필요","재확인 필요","상호는 일치하지만 주소가 일치하지 않습니다","2026-09-06"
"154","거북이삼겹살","경기도 동두천시 생연로175, 1층(생연동)","37.9081428","127.0526481","거북이삼겹살 경기도 동두천시 생연로175, 1층(생연동)","거북이삼겹살 경기도 동두천시 생연로175","도로명·건물번호 보조 검색","1","","","","False","False","0","","","","","미확인","미확인","상호와 주소가 일치하는 후보가 없습니다","2026-09-06"
"155","고기싸롱","경기도 동두천시 평화로2313번길 7-26(지행동)","37.8931252","127.0564689","고기싸롱 경기도 동두천시 평화로2313번길 7-26(지행동)","고기싸롱 경기도 동두천시 평화로2313번길 7-26(지행동)","전체 주소 검색","1","","","","False","False","0","","","","","미확인","미확인","상호와 주소가 일치하는 후보가 없습니다","2026-09-06"
"156","고봉민김밥 지행역점","경기도 동두천시 중앙로126, 107호(지행동)","37.892772","127.052538","고봉민김밥 지행역점 경기도 동두천시 중앙로126, 107호(지행동)","고봉민김밥 지행역점 경기도 동두천시 중앙로126","도로명·건물번호 보조 검색","0","","","","False","False","0","","","","","미확인","미확인","지역 검색 결과가 없습니다","2026-09-06"
"157","그집순대국","경기도 동두천시 장고갯로157, 제1동(생연동)","37.908939","127.0652922","그집순대국 경기도 동두천시 장고갯로157, 제1동(생연동)","그집순대국 경기도 동두천시 장고갯로157","도로명·건물번호 보조 검색","1","","","","False","False","0","","","","","미확인","미확인","상호와 주소가 일치하는 후보가 없습니다","2026-09-06"
"158","깐부치킨 동두천지행역점","경기도 동두천시 중앙로134-20, 1층(지행동)","37.8930182","127.0538205","깐부치킨 동두천지행역점 경기도 동두천시 중앙로134-20, 1층(지행동)","깐부치킨 동두천지행역점 경기도 동두천시 중앙로134-20","도로명·건물번호 보조 검색","1","","","","True","False","0","","","","","재확인 필요","재확인 필요","상호는 일치하지만 주소가 일치하지 않습니다","2026-09-06"
"159","넓은공간","경기도 동두천시 평화로2910번길 82(상봉암동)","37.9456285","127.0657472","넓은공간 경기도 동두천시 평화로2910번길 82(상봉암동)","넓은공간 경기도 동두천시 평화로2910번길 82(상봉암동)","전체 주소 검색","1","","","","True","False","0","","","","","재확인 필요","재확인 필요","상호는 일치하지만 주소가 일치하지 않습니다","2026-09-06"
"160","다복식당","경기도 동두천시 생연로177(생연동)","37.9082713","127.0527418","다복식당 경기도 동두천시 생연로177(생연동)","다복식당 경기도 동두천시 생연로177(생연동)","전체 주소 검색","1","","","","True","False","0","","","","","재확인 필요","재확인 필요","상호는 일치하지만 주소가 일치하지 않습니다","2026-09-06"
"161","다원","경기도 동두천시 어수로102번길 6(생연동)","37.9020567","127.0536323","다원 경기도 동두천시 어수로102번길 6(생연동)","다원 경기도 동두천시 어수로102번길 6(생연동)","전체 주소 검색","0","","","","False","False","0","","","","","미확인","미확인","지역 검색 결과가 없습니다","2026-09-06"
"162","대왕미가","경기도 동두천시 삼육사로1009(생연동)","37.8995258","127.062083","대왕미가 경기도 동두천시 삼육사로1009(생연동)","대왕미가 경기도 동두천시 삼육사로1009(생연동)","전체 주소 검색","0","","","","False","False","0","","","","","미확인","미확인","지역 검색 결과가 없습니다","2026-09-06"
"163","대호숯불갈비","경기도 동두천시 중앙로265번길 19(생연동)","37.9052307","127.0526925","대호숯불갈비 경기도 동두천시 중앙로265번길 19(생연동)","대호숯불갈비 경기도 동두천시 중앙로265번길 19(생연동)","전체 주소 검색","1","","","","True","False","0","","","","","재확인 필요","재확인 필요","상호는 일치하지만 주소가 일치하지 않습니다","2026-09-06"
"164","동태한그릇","경기도 동두천시 생연로155(생연동)","37.9063421","127.0519865","동태한그릇 경기도 동두천시 생연로155(생연동)","동태한그릇 경기도 동두천시 생연로155(생연동)","전체 주소 검색","1","","","","True","False","0","","","","","재확인 필요","재확인 필요","상호는 일치하지만 주소가 일치하지 않습니다","2026-09-06"
"165","소요산명품한우식당","경기도 동두천시 평화로2910번길 1(상봉암동)","37.946529","127.0618737","소요산명품한우식당 경기도 동두천시 평화로2910번길 1(상봉암동)","소요산명품한우식당 경기도 동두천시 평화로2910번길 1(상봉암동)","전체 주소 검색","1","","","","True","False","0","","","","","재확인 필요","재확인 필요","상호는 일치하지만 주소가 일치하지 않습니다","2026-09-06"
"166","슈퍼크리스피 동두천지행점","경기도 동두천시 중앙로132, 105호(지행동)","37.8932032","127.0525799","슈퍼크리스피 동두천지행점 경기도 동두천시 중앙로132, 105호(지행동)","슈퍼크리스피 동두천지행점 경기도 동두천시 중앙로132","도로명·건물번호 보조 검색","1","","","","True","False","0","","","","","재확인 필요","재확인 필요","상호는 일치하지만 주소가 일치하지 않습니다","2026-09-06"
"167","쌍둥이족발","경기도 동두천시 생연로122, 1층(생연동)","37.9032591","127.0512744","쌍둥이족발 경기도 동두천시 생연로122, 1층(생연동)","쌍둥이족발 경기도 동두천시 생연로122","도로명·건물번호 보조 검색","1","","","","True","False","0","","","","","재확인 필요","재확인 필요","상호는 일치하지만 주소가 일치하지 않습니다","2026-09-06"
"168","압구정 화로구이","경기도 동두천시 지행로52, 108~110호(지행동)","37.8920811","127.0530217","압구정 화로구이 경기도 동두천시 지행로52, 108~110호(지행동)","압구정 화로구이 경기도 동두천시 지행로52","도로명·건물번호 보조 검색","0","","","","False","False","0","","","","","미확인","미확인","지역 검색 결과가 없습니다","2026-09-06"
"169","어멍생고기","경기도 동두천시 동두천로119, 1층(지행동)","37.8920677","127.0546205","어멍생고기 경기도 동두천시 동두천로119, 1층(지행동)","어멍생고기 경기도 동두천시 동두천로119","도로명·건물번호 보조 검색","1","","","","True","False","0","","","","","재확인 필요","재확인 필요","상호는 일치하지만 주소가 일치하지 않습니다","2026-09-06"
"170","요리하는경더기","경기도 동두천시 중앙로134-20, 3층(지행동)","37.8930182","127.0538205","요리하는경더기 경기도 동두천시 중앙로134-20, 3층(지행동)","요리하는경더기 경기도 동두천시 중앙로134-20","도로명·건물번호 보조 검색","1","","","","True","False","0","","","","","재확인 필요","재확인 필요","상호는 일치하지만 주소가 일치하지 않습니다","2026-09-06"
"171","우막산순대국","경기도 동두천시 평화로2261번길 22(지행동)","37.8902959","127.0565284","우막산순대국 경기도 동두천시 평화로2261번길 22(지행동)","우막산순대국 경기도 동두천시 평화로2261번길 22(지행동)","전체 주소 검색","1","","","","False","False","0","","","","","미확인","미확인","상호와 주소가 일치하는 후보가 없습니다","2026-09-06"
"172","유경장작구이","경기도 동두천시 평화로2910번길 10(상봉암동)","37.9459138","127.0617488","유경장작구이 경기도 동두천시 평화로2910번길 10(상봉암동)","유경장작구이 경기도 동두천시 평화로2910번길 10(상봉암동)","전체 주소 검색","1","","","","False","False","0","","","","","미확인","미확인","상호와 주소가 일치하는 후보가 없습니다","2026-09-06"
"173","육꼬집","경기도 동두천시 중앙로110-9, 106~108호(지행동)","37.8916416","127.0530533","육꼬집 경기도 동두천시 중앙로110-9, 106~108호(지행동)","육꼬집 경기도 동두천시 중앙로110-9","도로명·건물번호 보조 검색","1","","","","True","False","0","","","","","재확인 필요","재확인 필요","상호는 일치하지만 주소가 일치하지 않습니다","2026-09-06"
"174","으뜸코다리냉면","경기도 동두천시 생연로170-2, 1층(생연동)","37.9076616","127.0526978","으뜸코다리냉면 경기도 동두천시 생연로170-2, 1층(생연동)","으뜸코다리냉면 경기도 동두천시 생연로170-2","도로명·건물번호 보조 검색","1","","","","True","False","0","","","","","재확인 필요","재확인 필요","상호는 일치하지만 주소가 일치하지 않습니다","2026-09-06"
"175","일미담","경기도 동두천시 동광로73, 1층(생연동)","37.9088932","127.056332","일미담 경기도 동두천시 동광로73, 1층(생연동)","일미담 경기도 동두천시 동광로73","도로명·건물번호 보조 검색","1","","","","False","False","0","","","","","미확인","미확인","상호와 주소가 일치하는 후보가 없습니다","2026-09-06"
"176","장단콩터","경기도 동두천시 생연로119-1, 1층(생연동)","37.9033102","127.0509794","장단콩터 경기도 동두천시 생연로119-1, 1층(생연동)","장단콩터 경기도 동두천시 생연로119-1","도로명·건물번호 보조 검색","1","","","","True","False","0","","","","","재확인 필요","재확인 필요","상호는 일치하지만 주소가 일치하지 않습니다","2026-09-06"
"177","좋은날식당","경기도 동두천시 중앙로265번길 23(생연동)","37.9052627","127.0525376","좋은날식당 경기도 동두천시 중앙로265번길 23(생연동)","좋은날식당 경기도 동두천시 중앙로265번길 23(생연동)","전체 주소 검색","1","","","","False","False","0","","","","","미확인","미확인","상호와 주소가 일치하는 후보가 없습니다","2026-09-06"
"178","처가집(부대찌개)","경기도 동두천시 어수로91-3(생연동)","37.9027419","127.0527489","처가집(부대찌개) 경기도 동두천시 어수로91-3(생연동)","처가집(부대찌개) 경기도 동두천시 어수로91-3(생연동)","전체 주소 검색","1","","","","True","False","0","","","","","재확인 필요","재확인 필요","상호는 일치하지만 주소가 일치하지 않습니다","2026-09-06"
"179","초코파이","경기도 동두천시 큰시장로 42(생연동)","37.9005329","127.0531008","초코파이 경기도 동두천시 큰시장로 42(생연동)","초코파이 경기도 동두천시 큰시장로 42(생연동)","전체 주소 검색","1","","","","True","False","0","","","","","재확인 필요","재확인 필요","상호는 일치하지만 주소가 일치하지 않습니다","2026-09-06"
"180","촌가","경기도 동두천시 중앙로273번길 30, 1층(생연동)","37.9062452","127.0524678","촌가 경기도 동두천시 중앙로273번길 30, 1층(생연동)","촌가 경기도 동두천시 중앙로273번길 30","도로명·건물번호 보조 검색","1","","","","False","False","0","","","","","미확인","미확인","상호와 주소가 일치하는 후보가 없습니다","2026-09-06"
"181","통큰부대찌개","경기도 동두천시 생연로39-60(지행동)","37.8964189","127.0479792","통큰부대찌개 경기도 동두천시 생연로39-60(지행동)","통큰부대찌개 경기도 동두천시 생연로39-60(지행동)","전체 주소 검색","1","","","","True","False","0","","","","","재확인 필요","재확인 필요","상호는 일치하지만 주소가 일치하지 않습니다","2026-09-06"
"182","특허받은 마늘콩짜장","경기도 동두천시 평화로 2351(생연동)","37.8977819","127.05757","특허받은 마늘콩짜장 경기도 동두천시 평화로 2351(생연동)","특허받은 마늘콩짜장 경기도 동두천시 평화로 2351(생연동)","전체 주소 검색","1","","","","True","False","0","","","","","재확인 필요","재확인 필요","상호는 일치하지만 주소가 일치하지 않습니다","2026-09-06"
"183","팔각도 동두천지행점","경기도 동두천시 중앙로116, 1층(지행동)","37.8917688","127.052518","팔각도 동두천지행점 경기도 동두천시 중앙로116, 1층(지행동)","팔각도 동두천지행점 경기도 동두천시 중앙로116","도로명·건물번호 보조 검색","1","","","","True","False","0","","","","","재확인 필요","재확인 필요","상호는 일치하지만 주소가 일치하지 않습니다","2026-09-06"
"184","페리카나역전점","경기도 동두천시 생연로120(생연동)","37.9031574","127.0512406","페리카나역전점 경기도 동두천시 생연로120(생연동)","페리카나역전점 경기도 동두천시 생연로120(생연동)","전체 주소 검색","1","","","","False","False","0","","","","","미확인","미확인","상호와 주소가 일치하는 후보가 없습니다","2026-09-06"
"185","페리카나 터미널점","경기도 동두천시 중앙로265번길 15(생연동)","37.9051863","127.0529224","페리카나 터미널점 경기도 동두천시 중앙로265번길 15(생연동)","페리카나 터미널점 경기도 동두천시 중앙로265번길 15(생연동)","전체 주소 검색","1","","","","False","False","0","","","","","미확인","미확인","상호와 주소가 일치하는 후보가 없습니다","2026-09-06"
"186","황주생고기","경기도 동두천시 생연로142(생연동)","37.9050798","127.0519517","황주생고기 경기도 동두천시 생연로142(생연동)","황주생고기 경기도 동두천시 생연로142(생연동)","전체 주소 검색","1","","","","True","False","0","","","","","재확인 필요","재확인 필요","상호는 일치하지만 주소가 일치하지 않습니다","2026-09-06"
"187","롯데리아 동두천점","경기도 동두천시 중앙로270(생연동)","37.9056444","127.0542716","롯데리아 동두천점 경기도 동두천시 중앙로270(생연동)","롯데리아 동두천점 경기도 동두천시 중앙로270(생연동)","전체 주소 검색","1","","","","True","False","0","","","","","재확인 필요","재확인 필요","상호는 일치하지만 주소가 일치하지 않습니다","2026-09-06"
"188","빨간풍차제과점","경기도 동두천시 동광로78번길 4(생연동)","37.908671","127.056708","빨간풍차제과점 경기도 동두천시 동광로78번길 4(생연동)","빨간풍차제과점 경기도 동두천시 동광로78번길 4(생연동)","전체 주소 검색","1","","","","False","False","0","","","","","미확인","미확인","상호와 주소가 일치하는 후보가 없습니다","2026-09-06"
"189","뿌리깊은나무","경기도 동두천시 안흥로78, 3·4동(안흥동)","37.927883","127.0427531","뿌리깊은나무 경기도 동두천시 안흥로78, 3·4동(안흥동)","뿌리깊은나무 경기도 동두천시 안흥로78","도로명·건물번호 보조 검색","1","","","","True","False","0","","","","","재확인 필요","재확인 필요","상호는 일치하지만 주소가 일치하지 않습니다","2026-09-06"
"190","청년다방","경기도 동두천시 평화로2261번길 9-6(지행동)","37.8894468","127.0558675","청년다방 경기도 동두천시 평화로2261번길 9-6(지행동)","청년다방 경기도 동두천시 평화로2261번길 9-6(지행동)","전체 주소 검색","1","","","","False","False","0","","","","","미확인","미확인","상호와 주소가 일치하는 후보가 없습니다","2026-09-06"
"191","커피&유","경기도 동두천시 정장로17번길 20, 1층(생연동)","37.9054146","127.0530295","커피&유 경기도 동두천시 정장로17번길 20, 1층(생연동)","커피&유 경기도 동두천시 정장로17번길 20","도로명·건물번호 보조 검색","1","","","","False","False","0","","","","","미확인","미확인","상호와 주소가 일치하는 후보가 없습니다","2026-09-06"
"192","나포리미용실","파주시 문산읍 문향로56번길 19","37.8575548597","126.7860838208","나포리미용실 파주시 문산읍 문향로56번길 19","나포리미용실 파주시 문산읍 문향로56번길 19","전체 주소 검색","0","","","","False","False","0","","","","","미확인","미확인","지역 검색 결과가 없습니다","2026-09-06"
"193","라헬헤어","파주시 문산읍 문향로75번길 19-12 1층 일부","37.8586564518","126.7844539498","라헬헤어 파주시 문산읍 문향로75번길 19-12 1층 일부","라헬헤어 파주시 문산읍 문향로75번길 19-12 1층 일부","전체 주소 검색","0","","","","False","False","0","","","","","미확인","미확인","지역 검색 결과가 없습니다","2026-09-06"
"194","박준 뷰티랩","파주시 문산읍 방촌로 1719","37.8660760413","126.7843576738","박준 뷰티랩 파주시 문산읍 방촌로 1719","박준 뷰티랩 파주시 문산읍 방촌로 1719","전체 주소 검색","1","","","","False","False","0","","","","","미확인","미확인","상호와 주소가 일치하는 후보가 없습니다","2026-09-06"
"195","샴푸의요정","파주시 문산읍 문향로 60-1","37.8572806596","126.7852198656","샴푸의요정 파주시 문산읍 문향로 60-1","샴푸의요정 파주시 문산읍 문향로 60-1","전체 주소 검색","1","","","","True","False","0","","","","","재확인 필요","재확인 필요","상호는 일치하지만 주소가 일치하지 않습니다","2026-09-06"
"196","씨케이미용실(CK 헤어)","파주시 문산읍 당동2로 11-5","37.8674416249","126.7845633759","씨케이미용실(CK 헤어) 파주시 문산읍 당동2로 11-5","씨케이미용실(CK 헤어) 파주시 문산읍 당동2로 11-5","전체 주소 검색","0","","","","False","False","0","","","","","미확인","미확인","지역 검색 결과가 없습니다","2026-09-06"
"197","에이바헤어 문산당동점","파주시 문산읍 방촌로 1719-62","37.8672498942","126.7837230499","에이바헤어 문산당동점 파주시 문산읍 방촌로 1719-62","에이바헤어 문산당동점 파주시 문산읍 방촌로 1719-62","전체 주소 검색","0","","","","False","False","0","","","","","미확인","미확인","지역 검색 결과가 없습니다","2026-09-06"
"198","헤어갤러리","파주시 문산읍 문산로26번길 2","37.8572216994","126.7821096753","헤어갤러리 파주시 문산읍 문산로26번길 2","헤어갤러리 파주시 문산읍 문산로26번길 2","전체 주소 검색","1","","","","True","False","0","","","","","재확인 필요","재확인 필요","상호는 일치하지만 주소가 일치하지 않습니다","2026-09-06"
"199","M 모텔","파주시 문산읍 문향로 87-1","37.8594487596","126.7865381201","M 모텔 파주시 문산읍 문향로 87-1","M 모텔 파주시 문산읍 문향로 87-1","전체 주소 검색","2","","","","True","False","0","","","","","재확인 필요","재확인 필요","상호는 일치하지만 주소가 일치하지 않습니다","2026-09-06"
"200","로얄모텔","파주시 문산읍 문향로49번길 20","37.8565137708","126.7842832642","로얄모텔 파주시 문산읍 문향로49번길 20","로얄모텔 파주시 문산읍 문향로49번길 20","전체 주소 검색","1","","","","True","False","0","","","","","재확인 필요","재확인 필요","상호는 일치하지만 주소가 일치하지 않습니다","2026-09-06"
"201","모텔청화","파주시 문산읍 문향로 69-15","37.8584144109","126.7845765847","모텔청화 파주시 문산읍 문향로 69-15","모텔청화 파주시 문산읍 문향로 69-15","전체 주소 검색","1","","","","False","False","0","","","","","미확인","미확인","상호와 주소가 일치하는 후보가 없습니다","2026-09-06"
"202","59쌀피자","파주시 문산읍 문향로68번길 8 1층","37.8581891142","126.7847905323","59쌀피자 파주시 문산읍 문향로68번길 8 1층","59쌀피자 파주시 문산읍 문향로68번길 8 1층","전체 주소 검색","0","","","","False","False","0","","","","","미확인","미확인","지역 검색 결과가 없습니다","2026-09-06"
"203","갈비도둑","파주시 문산읍 문향로39번길 8","37.8556016496","126.7851706491","갈비도둑 파주시 문산읍 문향로39번길 8","갈비도둑 파주시 문산읍 문향로39번길 8","전체 주소 검색","2","","","","False","False","0","","","","","미확인","미확인","상호와 주소가 일치하는 후보가 없습니다","2026-09-06"
"204","누구나홀딱반한닭 문산당동점","파주시 문산읍 당동2로 11-5","37.8674416249","126.7845633759","누구나홀딱반한닭 문산당동점 파주시 문산읍 당동2로 11-5","누구나홀딱반한닭 문산당동점 파주시 문산읍 당동2로 11-5","전체 주소 검색","1","","","","True","False","0","","","","","재확인 필요","재확인 필요","상호는 일치하지만 주소가 일치하지 않습니다","2026-09-06"
"205","두근두근","파주시 문산읍 당동2로 11-1","37.8676550313","126.783859722","두근두근 파주시 문산읍 당동2로 11-1","두근두근 파주시 문산읍 당동2로 11-1","전체 주소 검색","0","","","","False","False","0","","","","","미확인","미확인","지역 검색 결과가 없습니다","2026-09-06"
"206","또봉이통닭(문산점)","파주시 문산읍 봉미로 19","37.8620658649","126.7859082771","또봉이통닭(문산점) 파주시 문산읍 봉미로 19","또봉이통닭(문산점) 파주시 문산읍 봉미로 19","전체 주소 검색","1","","","","False","False","0","","","","","미확인","미확인","상호와 주소가 일치하는 후보가 없습니다","2026-09-06"
"207","말랭이비빔국수","파주시 문산읍 방촌로 1463","37.8498020601","126.7647609346","말랭이비빔국수 파주시 문산읍 방촌로 1463","말랭이비빔국수 파주시 문산읍 방촌로 1463","전체 주소 검색","1","","","","False","False","0","","","","","미확인","미확인","상호와 주소가 일치하는 후보가 없습니다","2026-09-06"
"208","바른생고기정육점 소풍정육식당","파주시 문산읍 문향로 12 1~2층","37.8530792776","126.786617845","바른생고기정육점 소풍정육식당 파주시 문산읍 문향로 12 1~2층","바른생고기정육점 소풍정육식당 파주시 문산읍 문향로 12 1~2층","전체 주소 검색","0","","","","False","False","0","","","","","미확인","미확인","지역 검색 결과가 없습니다","2026-09-06"
"209","박여사미락감자탕","파주시 문산읍 봉미로 9","37.8613295022","126.7868424765","박여사미락감자탕 파주시 문산읍 봉미로 9","박여사미락감자탕 파주시 문산읍 봉미로 9","전체 주소 검색","0","","","","False","False","0","","","","","미확인","미확인","지역 검색 결과가 없습니다","2026-09-06"
"210","밥꼬 문산점","파주시 문산읍 문향로67번길 15 1층","37.8581190416","126.7843589255","밥꼬 문산점 파주시 문산읍 문향로67번길 15 1층","밥꼬 문산점 파주시 문산읍 문향로67번길 15 1층","전체 주소 검색","0","","","","False","False","0","","","","","미확인","미확인","지역 검색 결과가 없습니다","2026-09-06"
"211","별하(BYULHA)","파주시 문산읍 방촌로 1744 (파주힐스테이트1차) 에이상가동 지하1층 104호","37.8683550259","126.786254898","별하(BYULHA) 파주시 문산읍 방촌로 1744 (파주힐스테이트1차) 에이상가동 지하1층 104호","별하(BYULHA) 파주시 문산읍 방촌로 1744 (파주힐스테이트1차) 에이상가동 지하1층 104호","전체 주소 검색","0","","","","False","False","0","","","","","미확인","미확인","지역 검색 결과가 없습니다","2026-09-06"
"212","북촌손만두 파주문산점","파주시 문산읍 우계로 424 1층 110호","37.8567343257","126.7974747549","북촌손만두 파주문산점 파주시 문산읍 우계로 424 1층 110호","북촌손만두 파주문산점 파주시 문산읍 우계로 424 1층 110호","전체 주소 검색","0","","","","False","False","0","","","","","미확인","미확인","지역 검색 결과가 없습니다","2026-09-06"
"213","삼겹살에 소주한잔","파주시 문산읍 문향로84번길 2 2층","37.8589161751","126.7865695422","삼겹살에 소주한잔 파주시 문산읍 문향로84번길 2 2층","삼겹살에 소주한잔 파주시 문산읍 문향로84번길 2 2층","전체 주소 검색","0","","","","False","False","0","","","","","미확인","미확인","지역 검색 결과가 없습니다","2026-09-06"
"214","삼산회관 파주문산점","파주시 문산읍 문향로 71","37.8583643974","126.7852118347","삼산회관 파주문산점 파주시 문산읍 문향로 71","삼산회관 파주문산점 파주시 문산읍 문향로 71","전체 주소 검색","1","","","","True","False","0","","","","","재확인 필요","재확인 필요","상호는 일치하지만 주소가 일치하지 않습니다","2026-09-06"
"215","상원각","파주시 문산읍 문향로 35","37.8550642959","126.7856996773","상원각 파주시 문산읍 문향로 35","상원각 파주시 문산읍 문향로 35","전체 주소 검색","1","","","","True","False","0","","","","","재확인 필요","재확인 필요","상호는 일치하지만 주소가 일치하지 않습니다","2026-09-06"
"216","숯불에닭 문산점","파주시 문산읍 문산로40번길 41 상가 118호, 119호","37.8555076252","126.7843517609","숯불에닭 문산점 파주시 문산읍 문산로40번길 41 상가 118호, 119호","숯불에닭 문산점 파주시 문산읍 문산로40번길 41 상가 118호","도로명·건물번호 보조 검색","0","","","","False","False","0","","","","","미확인","미확인","지역 검색 결과가 없습니다","2026-09-06"
"217","쑝쑝돈까스 문산점","파주시 문산읍 문향로67번길 10 1층","37.8582369953","126.7846649406","쑝쑝돈까스 문산점 파주시 문산읍 문향로67번길 10 1층","쑝쑝돈까스 문산점 파주시 문산읍 문향로67번길 10 1층","전체 주소 검색","0","","","","False","False","0","","","","","미확인","미확인","지역 검색 결과가 없습니다","2026-09-06"
"218","아리비스트로","파주시 문산읍 당동1로 53-5","37.8635969435","126.77348781","아리비스트로 파주시 문산읍 당동1로 53-5","아리비스트로 파주시 문산읍 당동1로 53-5","전체 주소 검색","1","","","","True","False","0","","","","","재확인 필요","재확인 필요","상호는 일치하지만 주소가 일치하지 않습니다","2026-09-06"
"219","아서원","파주시 문산읍 문향로49번길 20","37.8570685381","126.785297865","아서원 파주시 문산읍 문향로49번길 20","아서원 파주시 문산읍 문향로49번길 20","전체 주소 검색","0","","","","False","False","0","","","","","미확인","미확인","지역 검색 결과가 없습니다","2026-09-06"
"220","육해공떠오르는집","파주시 문산읍 문향로84번길 7-1","37.859245845","126.7868250682","육해공떠오르는집 파주시 문산읍 문향로84번길 7-1","육해공떠오르는집 파주시 문산읍 문향로84번길 7-1","전체 주소 검색","0","","","","False","False","0","","","","","미확인","미확인","지역 검색 결과가 없습니다","2026-09-06"
"221","임진강나루","파주시 문산읍 반구정로 53-51","37.8666618743","126.7532662351","임진강나루 파주시 문산읍 반구정로 53-51","임진강나루 파주시 문산읍 반구정로 53-51","전체 주소 검색","1","","","","False","False","0","","","","","미확인","미확인","상호와 주소가 일치하는 후보가 없습니다","2026-09-06"
"222","장단가든","파주시 문산읍 임진나루길 133-12","37.8861287125","126.7942377945","장단가든 파주시 문산읍 임진나루길 133-12","장단가든 파주시 문산읍 임진나루길 133-12","전체 주소 검색","2","","","","True","False","0","","","","","재확인 필요","재확인 필요","상호는 일치하지만 주소가 일치하지 않습니다","2026-09-06"
"223","장단콩전문점","파주시 문산읍 문향로 59 1층 일부","37.8570710824","126.7849641183","장단콩전문점 파주시 문산읍 문향로 59 1층 일부","장단콩전문점 파주시 문산읍 문향로 59 1층 일부","전체 주소 검색","0","","","","False","False","0","","","","","미확인","미확인","지역 검색 결과가 없습니다","2026-09-06"
"224","(주)반구정나루터집","파주시 문산읍 반구정로85번길 13","37.8684147965","126.751784189","(주)반구정나루터집 파주시 문산읍 반구정로85번길 13","(주)반구정나루터집 파주시 문산읍 반구정로85번길 13","전체 주소 검색","0","","","","False","False","0","","","","","미확인","미확인","지역 검색 결과가 없습니다","2026-09-06"
"225","천하곱창","파주시 문산읍 문향로 81","37.8590190233","126.7859517491","천하곱창 파주시 문산읍 문향로 81","천하곱창 파주시 문산읍 문향로 81","전체 주소 검색","1","","","","True","False","0","","","","","재확인 필요","재확인 필요","상호는 일치하지만 주소가 일치하지 않습니다","2026-09-06"
"226","한성회관","파주시 문산읍 당동1로 44 1층","37.8633090692","126.774227366","한성회관 파주시 문산읍 당동1로 44 1층","한성회관 파주시 문산읍 당동1로 44 1층","전체 주소 검색","0","","","","False","False","0","","","","","미확인","미확인","지역 검색 결과가 없습니다","2026-09-06"
"227","커피베이스","파주시 문산읍 독산로 48","37.8581274952","126.7841539045","커피베이스 파주시 문산읍 독산로 48","커피베이스 파주시 문산읍 독산로 48","전체 주소 검색","1","","","","True","False","0","","","","","재확인 필요","재확인 필요","상호는 일치하지만 주소가 일치하지 않습니다","2026-09-06"
"228","한반도카페 플라츠(platz)907","파주시 문산읍 마정로 174 1층 일부","37.8916228298","126.7551538108","한반도카페 플라츠(platz)907 파주시 문산읍 마정로 174 1층 일부","한반도카페 플라츠(platz)907 파주시 문산읍 마정로 174 1층 일부","전체 주소 검색","0","","","","False","False","0","","","","","미확인","미확인","지역 검색 결과가 없습니다","2026-09-06"
"229","느낌헤어","파주시 법원읍 사임당로 851 1층","37.8490141108","126.8754026881","느낌헤어 파주시 법원읍 사임당로 851 1층","느낌헤어 파주시 법원읍 사임당로 851 1층","전체 주소 검색","0","","","","False","False","0","","","","","미확인","미확인","지역 검색 결과가 없습니다","2026-09-06"
"230","더벅머리","파주시 법원읍 사임당로 864 1층","37.8485433737","126.8766965869","더벅머리 파주시 법원읍 사임당로 864 1층","더벅머리 파주시 법원읍 사임당로 864 1층","전체 주소 검색","0","","","","False","False","0","","","","","미확인","미확인","지역 검색 결과가 없습니다","2026-09-06"
"231","미미미용실","파주시 법원읍 술이홀로 869 1층","37.8490751263","126.8724766279","미미미용실 파주시 법원읍 술이홀로 869 1층","미미미용실 파주시 법원읍 술이홀로 869 1층","전체 주소 검색","0","","","","False","False","0","","","","","미확인","미확인","지역 검색 결과가 없습니다","2026-09-06"
"232","백합미용실","파주시 법원읍 사임당로 815 1층","37.8497165696","126.8714504294","백합미용실 파주시 법원읍 사임당로 815 1층","백합미용실 파주시 법원읍 사임당로 815 1층","전체 주소 검색","0","","","","False","False","0","","","","","미확인","미확인","지역 검색 결과가 없습니다","2026-09-06"
"233","솔리드헤어","파주시 법원읍 사임당로 832-2 1층","37.8490629493","126.8732982393","솔리드헤어 파주시 법원읍 사임당로 832-2 1층","솔리드헤어 파주시 법원읍 사임당로 832-2 1층","전체 주소 검색","0","","","","False","False","0","","","","","미확인","미확인","지역 검색 결과가 없습니다","2026-09-06"
"234","신디헤어","파주시 법원읍 사임당로 850-2 1층","37.8487920122","126.8752194517","신디헤어 파주시 법원읍 사임당로 850-2 1층","신디헤어 파주시 법원읍 사임당로 850-2 1층","전체 주소 검색","0","","","","False","False","0","","","","","미확인","미확인","지역 검색 결과가 없습니다","2026-09-06"
"235","엣지머리방","파주시 법원읍 사임당로 836-1 1층","37.8490169753","126.8736938309","엣지머리방 파주시 법원읍 사임당로 836-1 1층","엣지머리방 파주시 법원읍 사임당로 836-1 1층","전체 주소 검색","0","","","","False","False","0","","","","","미확인","미확인","지역 검색 결과가 없습니다","2026-09-06"
"236","이혜숙헤어","파주시 법원읍 사임당로 839 1층","37.8492258322","126.8742983919","이혜숙헤어 파주시 법원읍 사임당로 839 1층","이혜숙헤어 파주시 법원읍 사임당로 839 1층","전체 주소 검색","0","","","","False","False","0","","","","","미확인","미확인","지역 검색 결과가 없습니다","2026-09-06"
"237","자유미용실","파주시 법원읍 사임당로 841-1 1층","37.849245045","126.8744039131","자유미용실 파주시 법원읍 사임당로 841-1 1층","자유미용실 파주시 법원읍 사임당로 841-1 1층","전체 주소 검색","0","","","","False","False","0","","","","","미확인","미확인","지역 검색 결과가 없습니다","2026-09-06"
"238","챠밍미용실","파주시 법원읍 사임당로857번길 6-1 1층","37.8491083901","126.8761235661","챠밍미용실 파주시 법원읍 사임당로857번길 6-1 1층","챠밍미용실 파주시 법원읍 사임당로857번길 6-1 1층","전체 주소 검색","0","","","","False","False","0","","","","","미확인","미확인","지역 검색 결과가 없습니다","2026-09-06"
"239","BBQ파주법원점","파주시 법원읍 사임당로 821-2 1층","37.8496257938","126.8722324161","BBQ파주법원점 파주시 법원읍 사임당로 821-2 1층","BBQ파주법원점 파주시 법원읍 사임당로 821-2 1층","전체 주소 검색","0","","","","False","False","0","","","","","미확인","미확인","지역 검색 결과가 없습니다","2026-09-06"
"240","김밥나라","파주시 법원읍 사임당로 839","37.8492513016","126.8741882501","김밥나라 파주시 법원읍 사임당로 839","김밥나라 파주시 법원읍 사임당로 839","전체 주소 검색","1","","","","True","False","0","","","","","재확인 필요","재확인 필요","상호는 일치하지만 주소가 일치하지 않습니다","2026-09-06"
"241","네네치킨","파주시 법원읍 사임당로 791","37.850200357","126.8688145743","네네치킨 파주시 법원읍 사임당로 791","네네치킨 파주시 법원읍 사임당로 791","전체 주소 검색","1","","","","False","False","0","","","","","미확인","미확인","상호와 주소가 일치하는 후보가 없습니다","2026-09-06"
"242","능심","파주시 법원읍 애룡길 168 1층","37.8274805089","126.8567835261","능심 파주시 법원읍 애룡길 168 1층","능심 파주시 법원읍 애룡길 168 1층","전체 주소 검색","0","","","","False","False","0","","","","","미확인","미확인","지역 검색 결과가 없습니다","2026-09-06"
"243","대가감자탕","파주시 법원읍 술이홀로 873 1층","37.8492666541","126.8726295727","대가감자탕 파주시 법원읍 술이홀로 873 1층","대가감자탕 파주시 법원읍 술이홀로 873 1층","전체 주소 검색","0","","","","False","False","0","","","","","미확인","미확인","지역 검색 결과가 없습니다","2026-09-06"
"244","대덕가든","파주시 법원읍 애룡길 175 1층","37.8277049608","126.8571742887","대덕가든 파주시 법원읍 애룡길 175 1층","대덕가든 파주시 법원읍 애룡길 175 1층","전체 주소 검색","0","","","","False","False","0","","","","","미확인","미확인","지역 검색 결과가 없습니다","2026-09-06"
"245","로얄치킨/곱창매니아","파주시 법원읍 술이홀로 890-3","37.8503863304","126.8741971156","로얄치킨/곱창매니아 파주시 법원읍 술이홀로 890-3","로얄치킨/곱창매니아 파주시 법원읍 술이홀로 890-3","전체 주소 검색","1","","","","False","False","0","","","","","미확인","미확인","상호와 주소가 일치하는 후보가 없습니다","2026-09-06"
"246","무진장순대국","파주시 법원읍 사임당로 816","37.8494749915","126.8714203983","무진장순대국 파주시 법원읍 사임당로 816","무진장순대국 파주시 법원읍 사임당로 816","전체 주소 검색","1","","","","True","False","0","","","","","재확인 필요","재확인 필요","상호는 일치하지만 주소가 일치하지 않습니다","2026-09-06"
"247","바다수퍼 해물천하 조개구이.찜","파주시 법원읍 사임당로 820","37.8493992807","126.8717225346","바다수퍼 해물천하 조개구이.찜 파주시 법원읍 사임당로 820","바다수퍼 해물천하 조개구이.찜 파주시 법원읍 사임당로 820","전체 주소 검색","1","","","","False","False","0","","","","","미확인","미확인","상호와 주소가 일치하는 후보가 없습니다","2026-09-06"
"248","버섯집 초리골","파주시 법원읍 초리골길 12","37.848588411","126.8859853894","버섯집 초리골 파주시 법원읍 초리골길 12","버섯집 초리골 파주시 법원읍 초리골길 12","전체 주소 검색","1","","","","True","False","0","","","","","재확인 필요","재확인 필요","상호는 일치하지만 주소가 일치하지 않습니다","2026-09-06"
"249","솥뚜껑삼겹살","파주시 법원읍 사임당로 814","37.8495184","126.8712524","솥뚜껑삼겹살 파주시 법원읍 사임당로 814","솥뚜껑삼겹살 파주시 법원읍 사임당로 814","전체 주소 검색","1","","","","True","False","0","","","","","재확인 필요","재확인 필요","상호는 일치하지만 주소가 일치하지 않습니다","2026-09-06"
"250","숙성사돈 파주 법원리 본점","파주시 법원읍 술이홀로 888-2 1층","37.8501248575","126.8740972314","숙성사돈 파주 법원리 본점 파주시 법원읍 술이홀로 888-2 1층","숙성사돈 파주 법원리 본점 파주시 법원읍 술이홀로 888-2 1층","전체 주소 검색","0","","","","False","False","0","","","","","미확인","미확인","지역 검색 결과가 없습니다","2026-09-06"
"251","신양꼬치&마라탕","파주시 법원읍 술이홀로 868-2 1층","37.8488443729","126.8726250725","신양꼬치&마라탕 파주시 법원읍 술이홀로 868-2 1층","신양꼬치&마라탕 파주시 법원읍 술이홀로 868-2 1층","전체 주소 검색","0","","","","False","False","0","","","","","미확인","미확인","지역 검색 결과가 없습니다","2026-09-06"
"252","오태식해바라기치킨","파주시 법원읍 사임당로 844","37.8489124647","126.8744519705","오태식해바라기치킨 파주시 법원읍 사임당로 844","오태식해바라기치킨 파주시 법원읍 사임당로 844","전체 주소 검색","1","","","","False","False","0","","","","","미확인","미확인","상호와 주소가 일치하는 후보가 없습니다","2026-09-06"
"253","왕가네","파주시 법원읍 법원로 20","37.8481812797","126.8771263297","왕가네 파주시 법원읍 법원로 20","왕가네 파주시 법원읍 법원로 20","전체 주소 검색","1","","","","True","False","0","","","","","재확인 필요","재확인 필요","상호는 일치하지만 주소가 일치하지 않습니다","2026-09-06"
"254","장단콩콩사임당두부 3호점","파주시 법원읍 애룡길 179-6 1층","37.8277769294","126.8576061248","장단콩콩사임당두부 3호점 파주시 법원읍 애룡길 179-6 1층","장단콩콩사임당두부 3호점 파주시 법원읍 애룡길 179-6 1층","전체 주소 검색","0","","","","False","False","0","","","","","미확인","미확인","지역 검색 결과가 없습니다","2026-09-06"
"255","종단 아구찜","파주시 법원읍 법원로 21 가동","37.8483077794","126.8767010695","종단 아구찜 파주시 법원읍 법원로 21 가동","종단 아구찜 파주시 법원읍 법원로 21 가동","전체 주소 검색","0","","","","False","False","0","","","","","미확인","미확인","지역 검색 결과가 없습니다","2026-09-06"
"256","(주)함지박","파주시 법원읍 사임당로 800-8","37.8495878738","126.8694487578","(주)함지박 파주시 법원읍 사임당로 800-8","(주)함지박 파주시 법원읍 사임당로 800-8","전체 주소 검색","0","","","","False","False","0","","","","","미확인","미확인","지역 검색 결과가 없습니다","2026-09-06"
"257","차향만당","파주시 법원읍 초리골길 70","37.8500282517","126.8876088768","차향만당 파주시 법원읍 초리골길 70","차향만당 파주시 법원읍 초리골길 70","전체 주소 검색","1","","","","True","False","0","","","","","재확인 필요","재확인 필요","상호는 일치하지만 주소가 일치하지 않습니다","2026-09-06"
"258","초리연","파주시 법원읍 초리골길 357-18","37.8606692416","126.8959801437","초리연 파주시 법원읍 초리골길 357-18","초리연 파주시 법원읍 초리골길 357-18","전체 주소 검색","1","","","","True","False","0","","","","","재확인 필요","재확인 필요","상호는 일치하지만 주소가 일치하지 않습니다","2026-09-06"
"259","콩마루 사임당두부","파주시 법원읍 사임당로 808-1 1층","37.84963184","126.8705912575","콩마루 사임당두부 파주시 법원읍 사임당로 808-1 1층","콩마루 사임당두부 파주시 법원읍 사임당로 808-1 1층","전체 주소 검색","0","","","","False","False","0","","","","","미확인","미확인","지역 검색 결과가 없습니다","2026-09-06"
"260","통일식당","파주시 법원읍 사임당로 842","37.8489182306","126.8742828936","통일식당 파주시 법원읍 사임당로 842","통일식당 파주시 법원읍 사임당로 842","전체 주소 검색","1","","","","True","False","0","","","","","재확인 필요","재확인 필요","상호는 일치하지만 주소가 일치하지 않습니다","2026-09-06"
"261","훌랄라","파주시 법원읍 사임당로 820 1층","37.8493992807","126.8717225346","훌랄라 파주시 법원읍 사임당로 820 1층","훌랄라 파주시 법원읍 사임당로 820 1층","전체 주소 검색","0","","","","False","False","0","","","","","미확인","미확인","지역 검색 결과가 없습니다","2026-09-06"
"262","7042 카페","파주시 법원읍 사임당로770번길 27 1층","37.8485428935","126.866744291","7042 카페 파주시 법원읍 사임당로770번길 27 1층","7042 카페 파주시 법원읍 사임당로770번길 27 1층","전체 주소 검색","0","","","","False","False","0","","","","","미확인","미확인","지역 검색 결과가 없습니다","2026-09-06"
"263","초리골 제빵소","파주시 법원읍 초리골길 77","37.8506294681","126.8878095314","초리골 제빵소 파주시 법원읍 초리골길 77","초리골 제빵소 파주시 법원읍 초리골길 77","전체 주소 검색","1","","","","True","False","0","","","","","재확인 필요","재확인 필요","상호는 일치하지만 주소가 일치하지 않습니다","2026-09-06"
"264","커피먹고가세","파주시 법원읍 애룡길 179-11 1층","37.8278967648","126.8571665358","커피먹고가세 파주시 법원읍 애룡길 179-11 1층","커피먹고가세 파주시 법원읍 애룡길 179-11 1층","전체 주소 검색","0","","","","False","False","0","","","","","미확인","미확인","지역 검색 결과가 없습니다","2026-09-06"
"265","테라스커피(애룡커피테라스)","파주시 법원읍 애룡길 179 1층","37.8276827279","126.8573400561","테라스커피(애룡커피테라스) 파주시 법원읍 애룡길 179 1층","테라스커피(애룡커피테라스) 파주시 법원읍 애룡길 179 1층","전체 주소 검색","0","","","","False","False","0","","","","","미확인","미확인","지역 검색 결과가 없습니다","2026-09-06"
"266","맨즈헤어","경기도 부천시 원미구중동로248번길86106호(중동, 현해탑프라자)","37.501006","126.773471","맨즈헤어 경기도 부천시 원미구중동로248번길86106호(중동, 현해탑프라자)","맨즈헤어 경기도 부천시 원미구중동로248번길86106호(중동","도로명·건물번호 보조 검색","0","","","","False","False","0","","","","","미확인","미확인","지역 검색 결과가 없습니다","2026-09-06"
"267","쁘띠뜨메종","경기도 부천시 원미구상동로84206호(상동, 영플러스)","37.50454","126.753461","쁘띠뜨메종 경기도 부천시 원미구상동로84206호(상동, 영플러스)","쁘띠뜨메종 경기도 부천시 원미구상동로84206호(상동","도로명·건물번호 보조 검색","0","","","","False","False","0","","","","","미확인","미확인","지역 검색 결과가 없습니다","2026-09-06"
"268","59쌀피자 (송내남부점)","경기도 부천시 소사구송내대로42번길58(송내동)","37.4870256","126.7564921","59쌀피자 (송내남부점) 경기도 부천시 소사구송내대로42번길58(송내동)","59쌀피자 (송내남부점) 경기도 부천시 소사구송내대로42번길58(송내동)","전체 주소 검색","1","","","","False","False","0","","","","","미확인","미확인","상호와 주소가 일치하는 후보가 없습니다","2026-09-06"
"269","경복궁누룽지백숙","경기도 부천시 원미구신흥로170- 1(중동)","37.49875","126.778518","경복궁누룽지백숙 경기도 부천시 원미구신흥로170- 1(중동)","경복궁누룽지백숙 경기도 부천시 원미구신흥로170- 1(중동)","전체 주소 검색","0","","","","False","False","0","","","","","미확인","미확인","지역 검색 결과가 없습니다","2026-09-06"
"270","눈높은 돼지","경기도 부천시 소사구송내대로42번길161층 (송내동, 성민빌딩)","37.487033","126.754181","눈높은 돼지 경기도 부천시 소사구송내대로42번길161층 (송내동, 성민빌딩)","눈높은 돼지 경기도 부천시 소사구송내대로42번길161층 (송내동","도로명·건물번호 보조 검색","0","","","","False","False","0","","","","","미확인","미확인","지역 검색 결과가 없습니다","2026-09-06"
"271","솔안골먹장어(송내본점)","경기도 부천시 소사구송내대로29(송내동)","37.48614015","126.7527747","솔안골먹장어(송내본점) 경기도 부천시 소사구송내대로29(송내동)","솔안골먹장어(송내본점) 경기도 부천시 소사구송내대로29(송내동)","전체 주소 검색","1","","","","False","False","0","","","","","미확인","미확인","상호와 주소가 일치하는 후보가 없습니다","2026-09-06"
"272","송내팔방상회","경기도 부천시 소사구송내대로42(송내동)","37.4873779","126.7539211","송내팔방상회 경기도 부천시 소사구송내대로42(송내동)","송내팔방상회 경기도 부천시 소사구송내대로42(송내동)","전체 주소 검색","1","","","","True","False","0","","","","","재확인 필요","재확인 필요","상호는 일치하지만 주소가 일치하지 않습니다","2026-09-06"
"273","신천차이나","경기도 부천시 원미구송내대로265번길73- 46201호(상동)","37.490571","126.751542","신천차이나 경기도 부천시 원미구송내대로265번길73- 46201호(상동)","신천차이나 경기도 부천시 원미구송내대로265번길73- 46201호(상동)","전체 주소 검색","0","","","","False","False","0","","","","","미확인","미확인","지역 검색 결과가 없습니다","2026-09-06"
"274","엉터리분식","경기도 부천시 원미구부일로445- 45(심곡동)","37.488398","126.779342","엉터리분식 경기도 부천시 원미구부일로445- 45(심곡동)","엉터리분식 경기도 부천시 원미구부일로445- 45(심곡동)","전체 주소 검색","0","","","","False","False","0","","","","","미확인","미확인","지역 검색 결과가 없습니다","2026-09-06"
"275","육회바른연어 부천상동역점","경기도 부천시 원미구상동로69(상동, 새롬프라자 1층 105호)","37.5038","126.752045","육회바른연어 부천상동역점 경기도 부천시 원미구상동로69(상동, 새롬프라자 1층 105호)","육회바른연어 부천상동역점 경기도 부천시 원미구상동로69(상동","도로명·건물번호 보조 검색","1","","","","True","False","0","","","","","재확인 필요","재확인 필요","상호는 일치하지만 주소가 일치하지 않습니다","2026-09-06"
"276","준스이","경기도 부천시 원미구상동로69(상동, 새롬프라자 15차 101호)","37.503731","126.752199","준스이 경기도 부천시 원미구상동로69(상동, 새롬프라자 15차 101호)","준스이 경기도 부천시 원미구상동로69(상동","도로명·건물번호 보조 검색","1","","","","True","False","0","","","","","재확인 필요","재확인 필요","상호는 일치하지만 주소가 일치하지 않습니다","2026-09-06"
"277","키키포차","경기도 부천시 소사구양지로171번길38(옥길동)","37.46868","126.822551","키키포차 경기도 부천시 소사구양지로171번길38(옥길동)","키키포차 경기도 부천시 소사구양지로171번길38(옥길동)","전체 주소 검색","1","","","","True","False","0","","","","","재확인 필요","재확인 필요","상호는 일치하지만 주소가 일치하지 않습니다","2026-09-06"
"278","통양갈비","경기도 부천시 소사구송내대로28(송내동, 106호)","37.48597672","126.7536834","통양갈비 경기도 부천시 소사구송내대로28(송내동, 106호)","통양갈비 경기도 부천시 소사구송내대로28(송내동","도로명·건물번호 보조 검색","0","","","","False","False","0","","","","","미확인","미확인","지역 검색 결과가 없습니다","2026-09-06"
"279","청정여수동갈매기살","경기도 성남시 분당구장미로100번길222층 (야탑동)","37.4120987","127.1311923","청정여수동갈매기살 경기도 성남시 분당구장미로100번길222층 (야탑동)","청정여수동갈매기살 경기도 성남시 분당구장미로100번길222층 (야탑동)","전체 주소 검색","0","","","","False","False","0","","","","","미확인","미확인","지역 검색 결과가 없습니다","2026-09-06"
"280","고려이발관","경기도 수원시 팔달구 팔달로 135, 1층 (화서동)","37.2804619","127.0044836","고려이발관 경기도 수원시 팔달구 팔달로 135, 1층 (화서동)","고려이발관 경기도 수원시 팔달구 팔달로 135","도로명·건물번호 보조 검색","1","","","","True","False","0","","","","","재확인 필요","재확인 필요","상호는 일치하지만 주소가 일치하지 않습니다","2026-09-06"
"281","대성이발관","경기도 수원시 팔달구 인계로68번길 52, 창조의집 (인계동)","37.2666657","127.0240315","대성이발관 경기도 수원시 팔달구 인계로68번길 52, 창조의집 (인계동)","대성이발관 경기도 수원시 팔달구 인계로68번길 52","도로명·건물번호 보조 검색","1","","","","False","False","0","","","","","미확인","미확인","상호와 주소가 일치하는 후보가 없습니다","2026-09-06"
"282","로이스바버샵&로이스SMP 수원성대점","경기도 수원시 장안구 서부로2181번길 55, 3층 일부호 (율전동)","37.3032145","126.9697317","로이스바버샵&로이스SMP 수원성대점 경기도 수원시 장안구 서부로2181번길 55, 3층 일부호 (율전동)","로이스바버샵&로이스SMP 수원성대점 경기도 수원시 장안구 서부로2181번길 55","도로명·건물번호 보조 검색","0","","","","False","False","0","","","","","미확인","미확인","지역 검색 결과가 없습니다","2026-09-06"
"283","베스트헤어","경기도 수원시 장안구정자로42번길52203호(천천동, 베스트상가)","37.2980849","126.9808552","베스트헤어 경기도 수원시 장안구정자로42번길52203호(천천동, 베스트상가)","베스트헤어 경기도 수원시 장안구정자로42번길52203호(천천동","도로명·건물번호 보조 검색","0","","","","False","False","0","","","","","미확인","미확인","지역 검색 결과가 없습니다","2026-09-06"
"284","부흥이발관","경기도 수원시 영통구 동수원로514번길 59 (매탄동)","37.2714983","127.0493876","부흥이발관 경기도 수원시 영통구 동수원로514번길 59 (매탄동)","부흥이발관 경기도 수원시 영통구 동수원로514번길 59 (매탄동)","전체 주소 검색","1","","","","False","False","0","","","","","미확인","미확인","상호와 주소가 일치하는 후보가 없습니다","2026-09-06"
"285","새현이용원","경기도 수원시 권선구 세권로43번길 26-6 (세류동, 세류종합상가 117호)","37.2600021","127.0097506","새현이용원 경기도 수원시 권선구 세권로43번길 26-6 (세류동, 세류종합상가 117호)","새현이용원 경기도 수원시 권선구 세권로43번길 26-6 (세류동","도로명·건물번호 보조 검색","1","","","","True","False","0","","","","","재확인 필요","재확인 필요","상호는 일치하지만 주소가 일치하지 않습니다","2026-09-06"
"286","세동이발관","경기도 수원시 권선구 세권로 66 (세류동)","37.2587649","127.0115676","세동이발관 경기도 수원시 권선구 세권로 66 (세류동)","세동이발관 경기도 수원시 권선구 세권로 66 (세류동)","전체 주소 검색","1","","","","True","False","0","","","","","재확인 필요","재확인 필요","상호는 일치하지만 주소가 일치하지 않습니다","2026-09-06"
"287","시저스맨","경기도 수원시 영통구 매탄로140번길 54-18 (매탄동)","37.2616348","127.0464413","시저스맨 경기도 수원시 영통구 매탄로140번길 54-18 (매탄동)","시저스맨 경기도 수원시 영통구 매탄로140번길 54-18 (매탄동)","전체 주소 검색","1","","","","False","False","0","","","","","미확인","미확인","상호와 주소가 일치하는 후보가 없습니다","2026-09-06"
"288","아름다운사람들 헤어","경기도 수원시 장안구송정로83134호(송죽동, 로얄팰리스상가)","37.296093","127.0071325","아름다운사람들 헤어 경기도 수원시 장안구송정로83134호(송죽동, 로얄팰리스상가)","아름다운사람들 헤어 경기도 수원시 장안구송정로83134호(송죽동","도로명·건물번호 보조 검색","0","","","","False","False","0","","","","","미확인","미확인","지역 검색 결과가 없습니다","2026-09-06"
"289","아엠헤드","경기도 수원시 장안구서부로2207번길18(율전동)","37.305548","126.971517","아엠헤드 경기도 수원시 장안구서부로2207번길18(율전동)","아엠헤드 경기도 수원시 장안구서부로2207번길18(율전동)","전체 주소 검색","1","","","","False","False","0","","","","","미확인","미확인","상호와 주소가 일치하는 후보가 없습니다","2026-09-06"
"290","아임남자머리","경기도 수원시 팔달구 팔달문로175번길 7, 1층 (우만동)","37.2838484","127.0348205","아임남자머리 경기도 수원시 팔달구 팔달문로175번길 7, 1층 (우만동)","아임남자머리 경기도 수원시 팔달구 팔달문로175번길 7","도로명·건물번호 보조 검색","1","","","","True","False","0","","","","","재확인 필요","재확인 필요","상호는 일치하지만 주소가 일치하지 않습니다","2026-09-06"
"291","안양승이용원","경기도 수원시 영통구 영통로 323, 3층 (매탄동)","37.2547998","127.0630667","안양승이용원 경기도 수원시 영통구 영통로 323, 3층 (매탄동)","안양승이용원 경기도 수원시 영통구 영통로 323","도로명·건물번호 보조 검색","1","","","","False","False","0","","","","","미확인","미확인","상호와 주소가 일치하는 후보가 없습니다","2026-09-06"
"292","양성현 헤어아트","경기도 수원시 권선구 권광로91번길 55, 오가기린 302호 (권선동)","37.2568079","127.0266003","양성현 헤어아트 경기도 수원시 권선구 권광로91번길 55, 오가기린 302호 (권선동)","양성현 헤어아트 경기도 수원시 권선구 권광로91번길 55","도로명·건물번호 보조 검색","1","","","","True","False","0","","","","","재확인 필요","재확인 필요","상호는 일치하지만 주소가 일치하지 않습니다","2026-09-06"
"293","엘지이용원","경기도 수원시 장안구 파장로68번길 46 (파장동)","37.3077438","126.992175","엘지이용원 경기도 수원시 장안구 파장로68번길 46 (파장동)","엘지이용원 경기도 수원시 장안구 파장로68번길 46 (파장동)","전체 주소 검색","1","","","","False","False","0","","","","","미확인","미확인","상호와 주소가 일치하는 후보가 없습니다","2026-09-06"
"294","영길이용원","경기도 수원시 권선구 고현로5번길 25 (고색동, 거산아파트 상가 113호)","37.2480159","126.9862408","영길이용원 경기도 수원시 권선구 고현로5번길 25 (고색동, 거산아파트 상가 113호)","영길이용원 경기도 수원시 권선구 고현로5번길 25 (고색동","도로명·건물번호 보조 검색","1","","","","False","False","0","","","","","미확인","미확인","상호와 주소가 일치하는 후보가 없습니다","2026-09-06"
"295","우리이용원","경기도 수원시 장안구 장안로103번길 5 (정자동)","37.292968","127.001011","우리이용원 경기도 수원시 장안구 장안로103번길 5 (정자동)","우리이용원 경기도 수원시 장안구 장안로103번길 5 (정자동)","전체 주소 검색","1","","","","True","False","0","","","","","재확인 필요","재확인 필요","상호는 일치하지만 주소가 일치하지 않습니다","2026-09-06"
"296","원천이발관","경기도 수원시 영통구 매영로 141, 원천훼밀리타운 2층 202호 (원천동)","37.2667102","127.0581659","원천이발관 경기도 수원시 영통구 매영로 141, 원천훼밀리타운 2층 202호 (원천동)","원천이발관 경기도 수원시 영통구 매영로 141","도로명·건물번호 보조 검색","1","","","","True","False","0","","","","","재확인 필요","재확인 필요","상호는 일치하지만 주소가 일치하지 않습니다","2026-09-06"
"297","조만억헤어마당","경기도 수원시 장안구 송정로177번길 4 (조원동)","37.2986296","127.0158025","조만억헤어마당 경기도 수원시 장안구 송정로177번길 4 (조원동)","조만억헤어마당 경기도 수원시 장안구 송정로177번길 4 (조원동)","전체 주소 검색","1","","","","True","False","0","","","","","재확인 필요","재확인 필요","상호는 일치하지만 주소가 일치하지 않습니다","2026-09-06"
"298","좋은헤어","경기도 수원시 권선구 경수대로235번길 56, 1층 (세류동)","37.2494336","127.0147371","좋은헤어 경기도 수원시 권선구 경수대로235번길 56, 1층 (세류동)","좋은헤어 경기도 수원시 권선구 경수대로235번길 56","도로명·건물번호 보조 검색","1","","","","True","False","0","","","","","재확인 필요","재확인 필요","상호는 일치하지만 주소가 일치하지 않습니다","2026-09-06"
"299","파크이발","경기도 수원시 장안구 정자천로189번길 47, 1층 108호 (정자동, 연꽃마을 풍림아파트)","37.2981631","126.9925735","파크이발 경기도 수원시 장안구 정자천로189번길 47, 1층 108호 (정자동, 연꽃마을 풍림아파트)","파크이발 경기도 수원시 장안구 정자천로189번길 47","도로명·건물번호 보조 검색","1","","","","True","False","0","","","","","재확인 필요","재확인 필요","상호는 일치하지만 주소가 일치하지 않습니다","2026-09-06"
"300","할리바버샵","경기도 수원시 권선구 금곡로 236, 홈플러스 3층 (금곡동)","37.2743891","126.9558949","할리바버샵 경기도 수원시 권선구 금곡로 236, 홈플러스 3층 (금곡동)","할리바버샵 경기도 수원시 권선구 금곡로 236","도로명·건물번호 보조 검색","1","","","","True","False","0","","","","","재확인 필요","재확인 필요","상호는 일치하지만 주소가 일치하지 않습니다","2026-09-06"
"301","버거스테이지","경기도 수원시 팔달구신풍로23번길63- 21층 (신풍동)","37.28373","127.0113268","버거스테이지 경기도 수원시 팔달구신풍로23번길63- 21층 (신풍동)","버거스테이지 경기도 수원시 팔달구신풍로23번길63- 21층 (신풍동)","전체 주소 검색","0","","","","False","False","0","","","","","미확인","미확인","지역 검색 결과가 없습니다","2026-09-06"
"302","세컨디포레스트행궁점","경기도 수원시 팔달구화서문로46번길121층 (신풍동)","37.284757","127.0130081","세컨디포레스트행궁점 경기도 수원시 팔달구화서문로46번길121층 (신풍동)","세컨디포레스트행궁점 경기도 수원시 팔달구화서문로46번길121층 (신풍동)","전체 주소 검색","0","","","","False","False","0","","","","","미확인","미확인","지역 검색 결과가 없습니다","2026-09-06"
"303","태리주택(행궁 본점)","경기도 수원시 팔달구화서문로31번길8- 12(장안동)","37.285305","127.0119705","태리주택(행궁 본점) 경기도 수원시 팔달구화서문로31번길8- 12(장안동)","태리주택(행궁 본점) 경기도 수원시 팔달구화서문로31번길8- 12(장안동)","전체 주소 검색","1","","","","True","False","0","","","","","재확인 필요","재확인 필요","상호는 일치하지만 주소가 일치하지 않습니다","2026-09-06"
"304","한제소곱창전골 수원금곡점","경기도 수원시 권선구금곡로197번길18- 23(금곡동, 108호, 109호)","37.275066","126.952745","한제소곱창전골 수원금곡점 경기도 수원시 권선구금곡로197번길18- 23(금곡동, 108호, 109호)","한제소곱창전골 수원금곡점 경기도 수원시 권선구금곡로197번길18- 23(금곡동","도로명·건물번호 보조 검색","0","","","","False","False","0","","","","","미확인","미확인","지역 검색 결과가 없습니다","2026-09-06"
"305","91커피 행궁점","경기도 수원시 팔달구행궁로26번길4(남창동)","37.2802184","127.0145906","91커피 행궁점 경기도 수원시 팔달구행궁로26번길4(남창동)","91커피 행궁점 경기도 수원시 팔달구행궁로26번길4(남창동)","전체 주소 검색","1","","","","True","False","0","","","","","재확인 필요","재확인 필요","상호는 일치하지만 주소가 일치하지 않습니다","2026-09-06"
"306","버터앤츄","경기도 수원시 팔달구화서문로45번길91층 (장안동)","37.2856949","127.0126436","버터앤츄 경기도 수원시 팔달구화서문로45번길91층 (장안동)","버터앤츄 경기도 수원시 팔달구화서문로45번길91층 (장안동)","전체 주소 검색","0","","","","False","False","0","","","","","미확인","미확인","지역 검색 결과가 없습니다","2026-09-06"
"307","빛오름","경기도 수원시 팔달구고화로1171층 (화서동)","37.279848","127.006408","빛오름 경기도 수원시 팔달구고화로1171층 (화서동)","빛오름 경기도 수원시 팔달구고화로1171층 (화서동)","전체 주소 검색","0","","","","False","False","0","","","","","미확인","미확인","지역 검색 결과가 없습니다","2026-09-06"
"308","스컬스바버샵","경기도 시흥시 서울대학로264번길 12, 208동 1층 B-112호","37.3683075","126.7249125","스컬스바버샵 경기도 시흥시 서울대학로264번길 12, 208동 1층 B-112호","스컬스바버샵 경기도 시흥시 서울대학로264번길 12","도로명·건물번호 보조 검색","1","<b>스컬스바버샵</b>","경기도 시흥시 서울대학로264번길 12 208동 1층 B-112호","경기도 시흥시 배곧동 221 208동 1층 B-112호","True","True","1","37.3679343","126.7257847","네이버 지도","https://map.naver.com/p/search/%EC%8A%A4%EC%BB%AC%EC%8A%A4%EB%B0%94%EB%B2%84%EC%83%B5%20%EA%B2%BD%EA%B8%B0%EB%8F%84%20%EC%8B%9C%ED%9D%A5%EC%8B%9C%20%EC%84%9C%EC%9A%B8%EB%8C%80%ED%95%99%EB%A1%9C264%EB%B2%88%EA%B8%B8%2012%2C%20208%EB%8F%99%201%EC%B8%B5%20B-112%ED%98%B8","확인 완료","확인 후보","단일 상호·주소 일치 후보","2026-09-06"
"309","팔팔순대(배곧직영점)","경기도 시흥시서울대학로59- 49(배곧동, 건영테크노밸리 118호)","37.3597304","126.7085323","팔팔순대(배곧직영점) 경기도 시흥시서울대학로59- 49(배곧동, 건영테크노밸리 118호)","팔팔순대(배곧직영점) 경기도 시흥시서울대학로59- 49(배곧동","도로명·건물번호 보조 검색","0","","","","False","False","0","","","","","미확인","미확인","지역 검색 결과가 없습니다","2026-09-06"
"310","한제소곱창전골 목감점","경기도 시흥시산현마을길33- 21층 (산현동)","37.376232","126.845224","한제소곱창전골 목감점 경기도 시흥시산현마을길33- 21층 (산현동)","한제소곱창전골 목감점 경기도 시흥시산현마을길33- 21층 (산현동)","전체 주소 검색","0","","","","False","False","0","","","","","미확인","미확인","지역 검색 결과가 없습니다","2026-09-06"
"311","색시국밥 한대점","경기도 안산시 상록구성안2길23(사동, 1층)","37.3022","126.8395","색시국밥 한대점 경기도 안산시 상록구성안2길23(사동, 1층)","색시국밥 한대점 경기도 안산시 상록구성안2길23(사동","도로명·건물번호 보조 검색","1","","","","True","False","0","","","","","재확인 필요","재확인 필요","상호는 일치하지만 주소가 일치하지 않습니다","2026-09-06"
"312","캠핑이너스(주)","경기도 안성시원곡면오동길34(원곡면내가천리)","37.0394087","127.1253997","캠핑이너스(주) 경기도 안성시원곡면오동길34(원곡면내가천리)","캠핑이너스(주) 경기도 안성시원곡면오동길34(원곡면내가천리)","전체 주소 검색","0","","","","False","False","0","","","","","미확인","미확인","지역 검색 결과가 없습니다","2026-09-06"
"313","금양남성헤어","경기도 안양시 동안구인덕원로14- 1(관양동)","37.401093","126.973767","금양남성헤어 경기도 안양시 동안구인덕원로14- 1(관양동)","금양남성헤어 경기도 안양시 동안구인덕원로14- 1(관양동)","전체 주소 검색","1","","","","True","False","0","","","","","재확인 필요","재확인 필요","상호는 일치하지만 주소가 일치하지 않습니다","2026-09-06"
"314","뜨란헤어","경기도 안양시 동안구경수대로980(비산동)","37.4012049","126.929257","뜨란헤어 경기도 안양시 동안구경수대로980(비산동)","뜨란헤어 경기도 안양시 동안구경수대로980(비산동)","전체 주소 검색","1","","","","True","False","0","","","","","재확인 필요","재확인 필요","상호는 일치하지만 주소가 일치하지 않습니다","2026-09-06"
"315","머리쟁이","경기도 안양시 동안구관악대로106번길77- 0(비산동)","37.398484","126.938181","머리쟁이 경기도 안양시 동안구관악대로106번길77- 0(비산동)","머리쟁이 경기도 안양시 동안구관악대로106번길77- 0(비산동)","전체 주소 검색","0","","","","False","False","0","","","","","미확인","미확인","지역 검색 결과가 없습니다","2026-09-06"
"316","청주이발소","경기도 안양시 동안구관평로138번길53상가동동203호(평촌동, 초원부영아파트)","37.3919726","126.964749","청주이발소 경기도 안양시 동안구관평로138번길53상가동동203호(평촌동, 초원부영아파트)","청주이발소 경기도 안양시 동안구관평로138번길53상가동동203호(평촌동","도로명·건물번호 보조 검색","0","","","","False","False","0","","","","","미확인","미확인","지역 검색 결과가 없습니다","2026-09-06"
"317","펜스바버샵","경기도 안양시 동안구시민대로230(관양동)","37.392345","126.956502","펜스바버샵 경기도 안양시 동안구시민대로230(관양동)","펜스바버샵 경기도 안양시 동안구시민대로230(관양동)","전체 주소 검색","1","","","","False","False","0","","","","","미확인","미확인","상호와 주소가 일치하는 후보가 없습니다","2026-09-06"
"318","효재헤어","경기도 안양시 동안구관양로247- 9(관양동)","37.399961","126.973315","효재헤어 경기도 안양시 동안구관양로247- 9(관양동)","효재헤어 경기도 안양시 동안구관양로247- 9(관양동)","전체 주소 검색","1","","","","True","False","0","","","","","재확인 필요","재확인 필요","상호는 일치하지만 주소가 일치하지 않습니다","2026-09-06"
"319","구운몽","경기도 안양시 동안구시민대로167105동1호(비산동, 안양벤처텔)","37.390858","126.949545","구운몽 경기도 안양시 동안구시민대로167105동1호(비산동, 안양벤처텔)","구운몽 경기도 안양시 동안구시민대로167105동1호(비산동","도로명·건물번호 보조 검색","0","","","","False","False","0","","","","","미확인","미확인","지역 검색 결과가 없습니다","2026-09-06"
"320","국민낙곱새(안양점)","경기도 안양시 만안구안양로257- 271층 (안양동)","37.3951405","126.9226622","국민낙곱새(안양점) 경기도 안양시 만안구안양로257- 271층 (안양동)","국민낙곱새(안양점) 경기도 안양시 만안구안양로257- 271층 (안양동)","전체 주소 검색","0","","","","False","False","0","","","","","미확인","미확인","지역 검색 결과가 없습니다","2026-09-06"
"321","국민낙곱새(평촌점)","경기도 안양시 동안구흥안대로457- 27(관양동)","37.3946502","126.9735876","국민낙곱새(평촌점) 경기도 안양시 동안구흥안대로457- 27(관양동)","국민낙곱새(평촌점) 경기도 안양시 동안구흥안대로457- 27(관양동)","전체 주소 검색","1","","","","True","False","0","","","","","재확인 필요","재확인 필요","상호는 일치하지만 주소가 일치하지 않습니다","2026-09-06"
"322","성신양꼬치","경기도 안양시 동안구흥안대로493- 161층 (관양동)","37.39855","126.975824","성신양꼬치 경기도 안양시 동안구흥안대로493- 161층 (관양동)","성신양꼬치 경기도 안양시 동안구흥안대로493- 161층 (관양동)","전체 주소 검색","0","","","","False","False","0","","","","","미확인","미확인","지역 검색 결과가 없습니다","2026-09-06"
"323","옥천냉면","경기도 안양시 동안구관악대로374번길9- 211층 (관양동)","37.404003","126.965853","옥천냉면 경기도 안양시 동안구관악대로374번길9- 211층 (관양동)","옥천냉면 경기도 안양시 동안구관악대로374번길9- 211층 (관양동)","전체 주소 검색","0","","","","False","False","0","","","","","미확인","미확인","지역 검색 결과가 없습니다","2026-09-06"
"324","외할머니소머리국밥","경기도 안양시 동안구안양판교로14- 1(관양동)","37.400715","126.977622","외할머니소머리국밥 경기도 안양시 동안구안양판교로14- 1(관양동)","외할머니소머리국밥 경기도 안양시 동안구안양판교로14- 1(관양동)","전체 주소 검색","0","","","","False","False","0","","","","","미확인","미확인","지역 검색 결과가 없습니다","2026-09-06"
"325","이엔(주)양파백세탕","경기도 안양시 동안구동편로20번길16109호(관양동, 신안시티)","37.4053801","126.9718344","이엔(주)양파백세탕 경기도 안양시 동안구동편로20번길16109호(관양동, 신안시티)","이엔(주)양파백세탕 경기도 안양시 동안구동편로20번길16109호(관양동","도로명·건물번호 보조 검색","0","","","","False","False","0","","","","","미확인","미확인","지역 검색 결과가 없습니다","2026-09-06"
"326","한제소곱창전골 안양일번가점","경기도 안양시 만안구장내로139- 01층 (안양동)","37.397945","126.922929","한제소곱창전골 안양일번가점 경기도 안양시 만안구장내로139- 01층 (안양동)","한제소곱창전골 안양일번가점 경기도 안양시 만안구장내로139- 01층 (안양동)","전체 주소 검색","0","","","","False","False","0","","","","","미확인","미확인","지역 검색 결과가 없습니다","2026-09-06"
"327","황기순손칼국수&왕돈까스","경기도 안양시 동안구인덕원로13(관양동)","37.40119","126.973496","황기순손칼국수&왕돈까스 경기도 안양시 동안구인덕원로13(관양동)","황기순손칼국수&왕돈까스 경기도 안양시 동안구인덕원로13(관양동)","전체 주소 검색","1","","","","False","False","0","","","","","미확인","미확인","상호와 주소가 일치하는 후보가 없습니다","2026-09-06"
"328","레스트앤드","경기도 안양시 동안구평촌대로419- 7(비산동)","37.408322","126.950228","레스트앤드 경기도 안양시 동안구평촌대로419- 7(비산동)","레스트앤드 경기도 안양시 동안구평촌대로419- 7(비산동)","전체 주소 검색","0","","","","False","False","0","","","","","미확인","미확인","지역 검색 결과가 없습니다","2026-09-06"
"329","안다미로","경기도 안양시 동안구평촌대로440(비산동)","37.410012","126.95088","안다미로 경기도 안양시 동안구평촌대로440(비산동)","안다미로 경기도 안양시 동안구평촌대로440(비산동)","전체 주소 검색","1","","","","False","False","0","","","","","미확인","미확인","상호와 주소가 일치하는 후보가 없습니다","2026-09-06"
"330","오로라케이크&쿠키","경기도 안양시 동안구동편로1461층 (관양동)","37.409274","126.966889","오로라케이크&쿠키 경기도 안양시 동안구동편로1461층 (관양동)","오로라케이크&쿠키 경기도 안양시 동안구동편로1461층 (관양동)","전체 주소 검색","0","","","","False","False","0","","","","","미확인","미확인","지역 검색 결과가 없습니다","2026-09-06"
"331","카페 두둥실","경기도 안양시 동안구시민대로187102호(비산동, 안양건설타워)","37.3917697","126.9516859","카페 두둥실 경기도 안양시 동안구시민대로187102호(비산동, 안양건설타워)","카페 두둥실 경기도 안양시 동안구시민대로187102호(비산동","도로명·건물번호 보조 검색","0","","","","False","False","0","","","","","미확인","미확인","지역 검색 결과가 없습니다","2026-09-06"
"332","카페카린","경기도 안양시 동안구관악대로2721층 (비산동)","37.401933","126.952945","카페카린 경기도 안양시 동안구관악대로2721층 (비산동)","카페카린 경기도 안양시 동안구관악대로2721층 (비산동)","전체 주소 검색","0","","","","False","False","0","","","","","미확인","미확인","지역 검색 결과가 없습니다","2026-09-06"
"333","켄커피","경기도 안양시 만안구안양로110105호1층 (안양동)","37.384845","126.93379","켄커피 경기도 안양시 만안구안양로110105호1층 (안양동)","켄커피 경기도 안양시 만안구안양로110105호1층 (안양동)","전체 주소 검색","0","","","","False","False","0","","","","","미확인","미확인","지역 검색 결과가 없습니다","2026-09-06"
"334","켄커피(본점)","경기도 안양시 만안구예술공원로164- 1(안양동)","37.419135","126.92415","켄커피(본점) 경기도 안양시 만안구예술공원로164- 1(안양동)","켄커피(본점) 경기도 안양시 만안구예술공원로164- 1(안양동)","전체 주소 검색","0","","","","False","False","0","","","","","미확인","미확인","지역 검색 결과가 없습니다","2026-09-06"
"335","콩고커피","경기도 안양시 동안구관평로182- 171층 (관양동)","37.393684","126.961201","콩고커피 경기도 안양시 동안구관평로182- 171층 (관양동)","콩고커피 경기도 안양시 동안구관평로182- 171층 (관양동)","전체 주소 검색","0","","","","False","False","0","","","","","미확인","미확인","지역 검색 결과가 없습니다","2026-09-06"
"336","페이보릿커피","경기도 안양시 만안구안양천서로177상가1동36호2층 (안양동)","37.394825","126.932403","페이보릿커피 경기도 안양시 만안구안양천서로177상가1동36호2층 (안양동)","페이보릿커피 경기도 안양시 만안구안양천서로177상가1동36호2층 (안양동)","전체 주소 검색","0","","","","False","False","0","","","","","미확인","미확인","지역 검색 결과가 없습니다","2026-09-06"
"337","가마골 백숙","경기도 양주시 장흥면 북한산로 1028","37.7135996","126.9713192","가마골 백숙 경기도 양주시 장흥면 북한산로 1028","가마골 백숙 경기도 양주시 장흥면 북한산로 1028","전체 주소 검색","0","","","","False","False","0","","","","","미확인","미확인","지역 검색 결과가 없습니다","2026-09-06"
"338","거석골","경기도 양주시 백석읍 기산로 503","37.7776188","126.9453191","거석골 경기도 양주시 백석읍 기산로 503","거석골 경기도 양주시 백석읍 기산로 503","전체 주소 검색","0","","","","False","False","0","","","","","미확인","미확인","지역 검색 결과가 없습니다","2026-09-06"
"339","거시기닭갈비","경기도 양주시 엄상동길 22-25","37.8302412","127.067514","거시기닭갈비 경기도 양주시 엄상동길 22-25","거시기닭갈비 경기도 양주시 엄상동길 22-25","전체 주소 검색","1","","","","False","False","0","","","","","미확인","미확인","상호와 주소가 일치하는 후보가 없습니다","2026-09-06"
"340","고봉막국수","경기도 양주시 장흥면 권율로 88, 상가동 1층","37.7227921","126.9477588","고봉막국수 경기도 양주시 장흥면 권율로 88, 상가동 1층","고봉막국수 경기도 양주시 장흥면 권율로 88","도로명·건물번호 보조 검색","1","","","","True","False","0","","","","","재확인 필요","재확인 필요","상호는 일치하지만 주소가 일치하지 않습니다","2026-09-06"
"341","구들장생고기","경기도 양주시 엄상동길 66","37.8313947","127.0697859","구들장생고기 경기도 양주시 엄상동길 66","구들장생고기 경기도 양주시 엄상동길 66","전체 주소 검색","1","<b>구들장생고기</b>","경기도 양주시 엄상동길 66","경기도 양주시 고암동 148","True","True","1","37.8314259","127.069763","네이버 지도","https://map.naver.com/p/search/%EA%B5%AC%EB%93%A4%EC%9E%A5%EC%83%9D%EA%B3%A0%EA%B8%B0%20%EA%B2%BD%EA%B8%B0%EB%8F%84%20%EC%96%91%EC%A3%BC%EC%8B%9C%20%EC%97%84%EC%83%81%EB%8F%99%EA%B8%B8%2066","확인 완료","확인 후보","단일 상호·주소 일치 후보","2026-09-06"
"342","김밥나라","경기도 양주시 평화로 1426","37.8181225","127.0462927","김밥나라 경기도 양주시 평화로 1426","김밥나라 경기도 양주시 평화로 1426","전체 주소 검색","1","","","","True","False","0","","","","","재확인 필요","재확인 필요","상호는 일치하지만 주소가 일치하지 않습니다","2026-09-06"
"343","김삿갓토종순대국","경기도 양주시 평화로 1556","37.8280838","127.0537226","김삿갓토종순대국 경기도 양주시 평화로 1556","김삿갓토종순대국 경기도 양주시 평화로 1556","전체 주소 검색","0","","","","False","False","0","","","","","미확인","미확인","지역 검색 결과가 없습니다","2026-09-06"
"344","다찜(고암점)","경기도 양주시 고암길 32","37.8316672","127.0678148","다찜(고암점) 경기도 양주시 고암길 32","다찜(고암점) 경기도 양주시 고암길 32","전체 주소 검색","0","","","","False","False","0","","","","","미확인","미확인","지역 검색 결과가 없습니다","2026-09-06"
"345","덕정갈비","경기도 양주시 덕정길 58","37.843655","127.0655121","덕정갈비 경기도 양주시 덕정길 58","덕정갈비 경기도 양주시 덕정길 58","전체 주소 검색","1","","","","True","False","0","","","","","재확인 필요","재확인 필요","상호는 일치하지만 주소가 일치하지 않습니다","2026-09-06"
"346","두끼떡볶이(양주고읍점)","경기도 양주시 고읍남로 36, 2층","37.7936572","127.0780449","두끼떡볶이(양주고읍점) 경기도 양주시 고읍남로 36, 2층","두끼떡볶이(양주고읍점) 경기도 양주시 고읍남로 36","도로명·건물번호 보조 검색","0","","","","False","False","0","","","","","미확인","미확인","지역 검색 결과가 없습니다","2026-09-06"
"347","둘째마당바위","경기도 양주시 장흥면 권율로309번길 149","37.7444688","126.950999","둘째마당바위 경기도 양주시 장흥면 권율로309번길 149","둘째마당바위 경기도 양주시 장흥면 권율로309번길 149","전체 주소 검색","0","","","","False","False","0","","","","","미확인","미확인","지역 검색 결과가 없습니다","2026-09-06"
"348","등촌샤브칼국수","경기도 양주시 송랑로 64, 1층","37.790817","127.0884851","등촌샤브칼국수 경기도 양주시 송랑로 64, 1층","등촌샤브칼국수 경기도 양주시 송랑로 64","도로명·건물번호 보조 검색","0","","","","False","False","0","","","","","미확인","미확인","지역 검색 결과가 없습니다","2026-09-06"
"349","등촌칼국수","경기도 양주시 백석읍 고릉말로150번길 28 (1층)","37.7958921","126.990685","등촌칼국수 경기도 양주시 백석읍 고릉말로150번길 28 (1층)","등촌칼국수 경기도 양주시 백석읍 고릉말로150번길 28 (1층)","전체 주소 검색","0","","","","False","False","0","","","","","미확인","미확인","지역 검색 결과가 없습니다","2026-09-06"
"350","만두와김밥마을","경기도 양주시 부흥로 2122","37.8060821","127.0900078","만두와김밥마을 경기도 양주시 부흥로 2122","만두와김밥마을 경기도 양주시 부흥로 2122","전체 주소 검색","0","","","","False","False","0","","","","","미확인","미확인","지역 검색 결과가 없습니다","2026-09-06"
"351","만수장","경기도 양주시 평화로 1552-1","37.8277181","127.0536242","만수장 경기도 양주시 평화로 1552-1","만수장 경기도 양주시 평화로 1552-1","전체 주소 검색","1","<b>만수장</b>","경기도 양주시 평화로 1552-1","경기도 양주시 회정동 870-1","True","True","1","37.8276625","127.0536576","네이버 지도","https://map.naver.com/p/search/%EB%A7%8C%EC%88%98%EC%9E%A5%20%EA%B2%BD%EA%B8%B0%EB%8F%84%20%EC%96%91%EC%A3%BC%EC%8B%9C%20%ED%8F%89%ED%99%94%EB%A1%9C%201552-1","확인 완료","확인 후보","단일 상호·주소 일치 후보","2026-09-06"
"352","본도시락 덕정점","경기도 양주시 독바위로 9","37.840385","127.0629577","본도시락 덕정점 경기도 양주시 독바위로 9","본도시락 덕정점 경기도 양주시 독바위로 9","전체 주소 검색","1","","","","False","False","0","","","","","미확인","미확인","상호와 주소가 일치하는 후보가 없습니다","2026-09-06"
"353","산하식당","경기도 양주시 백석읍 기산로 410","37.7758038","126.9356199","산하식당 경기도 양주시 백석읍 기산로 410","산하식당 경기도 양주시 백석읍 기산로 410","전체 주소 검색","1","","","","False","False","0","","","","","미확인","미확인","상호와 주소가 일치하는 후보가 없습니다","2026-09-06"
"354","삼호산장","경기도 양주시 백석읍 기산로 435","37.7773456","126.9380381","삼호산장 경기도 양주시 백석읍 기산로 435","삼호산장 경기도 양주시 백석읍 기산로 435","전체 주소 검색","1","","","","False","False","0","","","","","미확인","미확인","상호와 주소가 일치하는 후보가 없습니다","2026-09-06"
"355","소문난쭈꾸미생삼겹","경기도 양주시 엄상동길 50-16","37.8307191","127.0687798","소문난쭈꾸미생삼겹 경기도 양주시 엄상동길 50-16","소문난쭈꾸미생삼겹 경기도 양주시 엄상동길 50-16","전체 주소 검색","1","<b>소문난쭈꾸미생삼겹</b>","경기도 양주시 엄상동길 50-16","경기도 양주시 고암동 160-1","True","True","1","37.8307466","127.0687841","네이버 지도","https://map.naver.com/p/search/%EC%86%8C%EB%AC%B8%EB%82%9C%EC%AD%88%EA%BE%B8%EB%AF%B8%EC%83%9D%EC%82%BC%EA%B2%B9%20%EA%B2%BD%EA%B8%B0%EB%8F%84%20%EC%96%91%EC%A3%BC%EC%8B%9C%20%EC%97%84%EC%83%81%EB%8F%99%EA%B8%B8%2050-16","확인 완료","확인 후보","단일 상호·주소 일치 후보","2026-09-06"
"356","술들다","경기도 양주시 덕정4길 11","37.8435889","127.0636388","술들다 경기도 양주시 덕정4길 11","술들다 경기도 양주시 덕정4길 11","전체 주소 검색","1","","","","True","False","0","","","","","재확인 필요","재확인 필요","상호는 일치하지만 주소가 일치하지 않습니다","2026-09-06"
"357","안다미로 샤브샤브","경기도 양주시 엄상동길 22-26","37.830281","127.0672537","안다미로 샤브샤브 경기도 양주시 엄상동길 22-26","안다미로 샤브샤브 경기도 양주시 엄상동길 22-26","전체 주소 검색","1","","","","True","False","0","","","","","재확인 필요","재확인 필요","상호는 일치하지만 주소가 일치하지 않습니다","2026-09-06"
"358","야한소갈비살","경기도 양주시 엄상동길 30-3","37.8312313","127.0678814","야한소갈비살 경기도 양주시 엄상동길 30-3","야한소갈비살 경기도 양주시 엄상동길 30-3","전체 주소 검색","1","","","","False","False","0","","","","","미확인","미확인","상호와 주소가 일치하는 후보가 없습니다","2026-09-06"
"359","여울마당","경기도 양주시 장흥면 유원지로 318","37.7078644","126.9535471","여울마당 경기도 양주시 장흥면 유원지로 318","여울마당 경기도 양주시 장흥면 유원지로 318","전체 주소 검색","1","","","","True","False","0","","","","","재확인 필요","재확인 필요","상호는 일치하지만 주소가 일치하지 않습니다","2026-09-06"
"360","이시돌선생의 약선도가","경기도 양주시 장흥면 권율로 88","37.7227921","126.9477588","이시돌선생의 약선도가 경기도 양주시 장흥면 권율로 88","이시돌선생의 약선도가 경기도 양주시 장흥면 권율로 88","전체 주소 검색","0","","","","False","False","0","","","","","미확인","미확인","지역 검색 결과가 없습니다","2026-09-06"
"361","장어천국","경기도 양주시 어하고개로 1, (1층일부, 2층일부)","37.8089217","127.0975599","장어천국 경기도 양주시 어하고개로 1, (1층일부, 2층일부)","장어천국 경기도 양주시 어하고개로 1","도로명·건물번호 보조 검색","1","","","","True","False","0","","","","","재확인 필요","재확인 필요","상호는 일치하지만 주소가 일치하지 않습니다","2026-09-06"
"362","장흥숯불갈비","경기도 양주시 화합로1361번길 32","37.8436638","127.064042","장흥숯불갈비 경기도 양주시 화합로1361번길 32","장흥숯불갈비 경기도 양주시 화합로1361번길 32","전체 주소 검색","1","<b>장흥숯불갈비</b>","경기도 양주시 화합로1361번길 32","경기도 양주시 덕정동 132-17","True","True","1","37.8436292","127.0640493","네이버 지도","https://map.naver.com/p/search/%EC%9E%A5%ED%9D%A5%EC%88%AF%EB%B6%88%EA%B0%88%EB%B9%84%20%EA%B2%BD%EA%B8%B0%EB%8F%84%20%EC%96%91%EC%A3%BC%EC%8B%9C%20%ED%99%94%ED%95%A9%EB%A1%9C1361%EB%B2%88%EA%B8%B8%2032","확인 완료","확인 후보","단일 상호·주소 일치 후보","2026-09-06"
"363","정주산장","경기도 양주시 장흥면 호국로550번길 102-127","37.7128362","126.9823694","정주산장 경기도 양주시 장흥면 호국로550번길 102-127","정주산장 경기도 양주시 장흥면 호국로550번길 102-127","전체 주소 검색","1","<b>정주산장</b>","경기도 양주시 장흥면 호국로550번길 102-127","경기도 양주시 장흥면 울대리 541-1","True","True","1","37.7128723","126.9823311","네이버 지도","https://map.naver.com/p/search/%EC%A0%95%EC%A3%BC%EC%82%B0%EC%9E%A5%20%EA%B2%BD%EA%B8%B0%EB%8F%84%20%EC%96%91%EC%A3%BC%EC%8B%9C%20%EC%9E%A5%ED%9D%A5%EB%A9%B4%20%ED%98%B8%EA%B5%AD%EB%A1%9C550%EB%B2%88%EA%B8%B8%20102-127","확인 완료","확인 후보","단일 상호·주소 일치 후보","2026-09-06"
"364","쪽삼","경기도 양주시 어하고개로 56, 1층","37.8115125","127.1026878","쪽삼 경기도 양주시 어하고개로 56, 1층","쪽삼 경기도 양주시 어하고개로 56","도로명·건물번호 보조 검색","1","","","","False","False","0","","","","","미확인","미확인","상호와 주소가 일치하는 후보가 없습니다","2026-09-06"
"365","초가마을","경기도 양주시 장흥면 권율로309번길 159","37.7447145","126.9510724","초가마을 경기도 양주시 장흥면 권율로309번길 159","초가마을 경기도 양주시 장흥면 권율로309번길 159","전체 주소 검색","1","<b>초가마을</b>","경기도 양주시 장흥면 권율로309번길 159","경기도 양주시 장흥면 석현리 328","True","True","1","37.7446708","126.9510398","네이버 지도","https://map.naver.com/p/search/%EC%B4%88%EA%B0%80%EB%A7%88%EC%9D%84%20%EA%B2%BD%EA%B8%B0%EB%8F%84%20%EC%96%91%EC%A3%BC%EC%8B%9C%20%EC%9E%A5%ED%9D%A5%EB%A9%B4%20%EA%B6%8C%EC%9C%A8%EB%A1%9C309%EB%B2%88%EA%B8%B8%20159","확인 완료","확인 후보","단일 상호·주소 일치 후보","2026-09-06"
"366","최가네양구펀치볼시래기","경기도 양주시 백석읍 호명로 51","37.7887902","126.9928809","최가네양구펀치볼시래기 경기도 양주시 백석읍 호명로 51","최가네양구펀치볼시래기 경기도 양주시 백석읍 호명로 51","전체 주소 검색","0","","","","False","False","0","","","","","미확인","미확인","지역 검색 결과가 없습니다","2026-09-06"
"367","페트라숯불구이","경기도 양주시 장흥면 일영로 601-100","37.6967764","126.9236196","페트라숯불구이 경기도 양주시 장흥면 일영로 601-100","페트라숯불구이 경기도 양주시 장흥면 일영로 601-100","전체 주소 검색","1","","","","False","False","0","","","","","미확인","미확인","상호와 주소가 일치하는 후보가 없습니다","2026-09-06"
"368","행복한사람들","경기도 양주시 백석읍 권율로 852","37.7749653","126.9611821","행복한사람들 경기도 양주시 백석읍 권율로 852","행복한사람들 경기도 양주시 백석읍 권율로 852","전체 주소 검색","1","<b>행복한사람들</b>","경기도 양주시 백석읍 권율로 852","경기도 양주시 백석읍 기산리 131-2","True","True","1","37.774723","126.961398","네이버 지도","https://map.naver.com/p/search/%ED%96%89%EB%B3%B5%ED%95%9C%EC%82%AC%EB%9E%8C%EB%93%A4%20%EA%B2%BD%EA%B8%B0%EB%8F%84%20%EC%96%91%EC%A3%BC%EC%8B%9C%20%EB%B0%B1%EC%84%9D%EC%9D%8D%20%EA%B6%8C%EC%9C%A8%EB%A1%9C%20852","확인 완료","확인 후보","단일 상호·주소 일치 후보","2026-09-06"
"369","도원가든","경기도 연천군청산면청신로308(청산면초성리)","37.9893866","127.0904709","도원가든 경기도 연천군청산면청신로308(청산면초성리)","도원가든 경기도 연천군청산면청신로308(청산면초성리)","전체 주소 검색","1","","","","True","False","0","","","","","재확인 필요","재확인 필요","상호는 일치하지만 주소가 일치하지 않습니다","2026-09-06"
"370","레이트 체크아웃","경기도 연천군전곡읍은대성로984층 (전곡읍은대리)","38.0243461","127.0624084","레이트 체크아웃 경기도 연천군전곡읍은대성로984층 (전곡읍은대리)","레이트 체크아웃 경기도 연천군전곡읍은대성로984층 (전곡읍은대리)","전체 주소 검색","0","","","","False","False","0","","","","","미확인","미확인","지역 검색 결과가 없습니다","2026-09-06"
"371","올리브","경기도 연천군청산면청신로336(청산면초성리)","37.9877745","127.0926492","올리브 경기도 연천군청산면청신로336(청산면초성리)","올리브 경기도 연천군청산면청신로336(청산면초성리)","전체 주소 검색","1","","","","True","False","0","","","","","재확인 필요","재확인 필요","상호는 일치하지만 주소가 일치하지 않습니다","2026-09-06"
"372","반하정육회 수지본점","경기도 용인시 수지구만현로88120호(상현동)","37.3090064","127.0850231","반하정육회 수지본점 경기도 용인시 수지구만현로88120호(상현동)","반하정육회 수지본점 경기도 용인시 수지구만현로88120호(상현동)","전체 주소 검색","0","","","","False","False","0","","","","","미확인","미확인","지역 검색 결과가 없습니다","2026-09-06"
"373","푸라닭 용인역북점","경기도 용인시 처인구금학로235번길261층 (역북동, 선봉레스텔)","37.2409298","127.1905233","푸라닭 용인역북점 경기도 용인시 처인구금학로235번길261층 (역북동, 선봉레스텔)","푸라닭 용인역북점 경기도 용인시 처인구금학로235번길261층 (역북동","도로명·건물번호 보조 검색","0","","","","False","False","0","","","","","미확인","미확인","지역 검색 결과가 없습니다","2026-09-06"
"374","비비큐 파주운정스타필드점","파주시 경의로1240번길 14-11 (와동동)","37.7273301911","126.7620261581","비비큐 파주운정스타필드점 파주시 경의로1240번길 14-11 (와동동)","비비큐 파주운정스타필드점 파주시 경의로1240번길 14-11 (와동동)","전체 주소 검색","1","","","","False","False","0","","","","","미확인","미확인","상호와 주소가 일치하는 후보가 없습니다","2026-09-06"
"375","삼산회관 파주운정가람마을점","파주시 가람로51번길 16-30 (와동동) 102호","37.7353977114","126.7573471897","삼산회관 파주운정가람마을점 파주시 가람로51번길 16-30 (와동동) 102호","삼산회관 파주운정가람마을점 파주시 가람로51번길 16-30 (와동동) 102호","전체 주소 검색","0","","","","False","False","0","","","","","미확인","미확인","지역 검색 결과가 없습니다","2026-09-06"
"376","육심외할머니가든","파주시 경의로1240번길 14-11 (와동동) 204호","37.7272505","126.7620423","육심외할머니가든 파주시 경의로1240번길 14-11 (와동동) 204호","육심외할머니가든 파주시 경의로1240번길 14-11 (와동동) 204호","전체 주소 검색","0","","","","False","False","0","","","","","미확인","미확인","지역 검색 결과가 없습니다","2026-09-06"
"377","촉촉베이커리 앤 카페","파주시 가람로21번길 47 (와동동) 1층 일부","37.7362168995","126.7519926208","촉촉베이커리 앤 카페 파주시 가람로21번길 47 (와동동) 1층 일부","촉촉베이커리 앤 카페 파주시 가람로21번길 47 (와동동) 1층 일부","전체 주소 검색","0","","","","False","False","0","","","","","미확인","미확인","지역 검색 결과가 없습니다","2026-09-06"
"378","밥꼬 운정점","파주시 산내로104번길 21-3 (목동동) 1층","37.7278725931","126.7372749276","밥꼬 운정점 파주시 산내로104번길 21-3 (목동동) 1층","밥꼬 운정점 파주시 산내로104번길 21-3 (목동동) 1층","전체 주소 검색","0","","","","False","False","0","","","","","미확인","미확인","지역 검색 결과가 없습니다","2026-09-06"
"379","해녀밥상","파주시 청암로17번길 25 (목동동) 204호","37.7290961793","126.7353328775","해녀밥상 파주시 청암로17번길 25 (목동동) 204호","해녀밥상 파주시 청암로17번길 25 (목동동) 204호","전체 주소 검색","0","","","","False","False","0","","","","","미확인","미확인","지역 검색 결과가 없습니다","2026-09-06"
"380","또오리","파주시 경의로 999-1 (야당동)","37.7065289086","126.7571264227","또오리 파주시 경의로 999-1 (야당동)","또오리 파주시 경의로 999-1 (야당동)","전체 주소 검색","1","","","","False","False","0","","","","","미확인","미확인","상호와 주소가 일치하는 후보가 없습니다","2026-09-06"
"381","삼산회관 파주야당점","파주시 경의로 1030 (야당동) 1층 107호","37.7093618545","126.7593325784","삼산회관 파주야당점 파주시 경의로 1030 (야당동) 1층 107호","삼산회관 파주야당점 파주시 경의로 1030 (야당동) 1층 107호","전체 주소 검색","0","","","","False","False","0","","","","","미확인","미확인","지역 검색 결과가 없습니다","2026-09-06"
"382","숙성사돈 운정역점","파주시 경의로1240번길 15 (와동동) 유은타워9차 101, 102호","37.7125733547","126.760165861","숙성사돈 운정역점 파주시 경의로1240번길 15 (와동동) 유은타워9차 101, 102호","숙성사돈 운정역점 파주시 경의로1240번길 15 (와동동) 유은타워9차 101","도로명·건물번호 보조 검색","0","","","","False","False","0","","","","","미확인","미확인","지역 검색 결과가 없습니다","2026-09-06"
"383","양복점 파주야당점","파주시 소리천로8번길 36 (야당동) 106~107호","37.7125733547","126.760165861","양복점 파주야당점 파주시 소리천로8번길 36 (야당동) 106~107호","양복점 파주야당점 파주시 소리천로8번길 36 (야당동) 106~107호","전체 주소 검색","0","","","","False","False","0","","","","","미확인","미확인","지역 검색 결과가 없습니다","2026-09-06"
"384","브런치빈 파주점","파주시 경의로 1090 (야당동) 802,803호","37.7145087869","126.7600602714","브런치빈 파주점 파주시 경의로 1090 (야당동) 802,803호","브런치빈 파주점 파주시 경의로 1090 (야당동) 802","도로명·건물번호 보조 검색","0","","","","False","False","0","","","","","미확인","미확인","지역 검색 결과가 없습니다","2026-09-06"
"385","말랭이국수","파주시 월롱면 통일로 725 1층 일부","37.7739683528","126.7894715893","말랭이국수 파주시 월롱면 통일로 725 1층 일부","말랭이국수 파주시 월롱면 통일로 725 1층 일부","전체 주소 검색","0","","","","False","False","0","","","","","미확인","미확인","지역 검색 결과가 없습니다","2026-09-06"
"386","국수사랑","경기도 의왕시계원대학로34106호(내손동, 신우프라자)","37.3791087","126.9751236","국수사랑 경기도 의왕시계원대학로34106호(내손동, 신우프라자)","국수사랑 경기도 의왕시계원대학로34106호(내손동","도로명·건물번호 보조 검색","0","","","","False","False","0","","","","","미확인","미확인","지역 검색 결과가 없습니다","2026-09-06"
"387","그릭당","경기도 의정부시시민로19번길22- 9(의정부동, 1층)","37.7393072","127.0371584","그릭당 경기도 의정부시시민로19번길22- 9(의정부동, 1층)","그릭당 경기도 의정부시시민로19번길22- 9(의정부동","도로명·건물번호 보조 검색","1","","","","False","False","0","","","","","미확인","미확인","상호와 주소가 일치하는 후보가 없습니다","2026-09-06"
"388","꽃담수","경기도 의정부시망월로18- 11107동102호(호원동, 신일타운하우스)","37.7082407","127.0458436","꽃담수 경기도 의정부시망월로18- 11107동102호(호원동, 신일타운하우스)","꽃담수 경기도 의정부시망월로18- 11107동102호(호원동","도로명·건물번호 보조 검색","0","","","","False","False","0","","","","","미확인","미확인","지역 검색 결과가 없습니다","2026-09-06"
"389","민스","경기도 의정부시안말로8번길481층 (호원동)","37.7130473","127.0427144","민스 경기도 의정부시안말로8번길481층 (호원동)","민스 경기도 의정부시안말로8번길481층 (호원동)","전체 주소 검색","0","","","","False","False","0","","","","","미확인","미확인","지역 검색 결과가 없습니다","2026-09-06"
"390","수진이네","경기도 이천시신둔면경충대로3159번길12- 26(신둔면수광리)","37.3095671","127.4007183","수진이네 경기도 이천시신둔면경충대로3159번길12- 26(신둔면수광리)","수진이네 경기도 이천시신둔면경충대로3159번길12- 26(신둔면수광리)","전체 주소 검색","1","","","","True","False","0","","","","","재확인 필요","재확인 필요","상호는 일치하지만 주소가 일치하지 않습니다","2026-09-06"
"391","예원헤어크레앙스","파주시 적성면 솥뒤로 16","37.9556797801","126.9177690718","예원헤어크레앙스 파주시 적성면 솥뒤로 16","예원헤어크레앙스 파주시 적성면 솥뒤로 16","전체 주소 검색","0","","","","False","False","0","","","","","미확인","미확인","지역 검색 결과가 없습니다","2026-09-06"
"392","승원장","파주시 적성면 칠중5길 8","37.9549601271","126.9210793821","승원장 파주시 적성면 칠중5길 8","승원장 파주시 적성면 칠중5길 8","전체 주소 검색","1","","","","True","False","0","","","","","재확인 필요","재확인 필요","상호는 일치하지만 주소가 일치하지 않습니다","2026-09-06"
"393","감악산한우마을구이식당","파주시 적성면 솥뒤로 38-1","37.9572403082","126.9160076151","감악산한우마을구이식당 파주시 적성면 솥뒤로 38-1","감악산한우마을구이식당 파주시 적성면 솥뒤로 38-1","전체 주소 검색","0","","","","False","False","0","","","","","미확인","미확인","지역 검색 결과가 없습니다","2026-09-06"
"394","그때그집","파주시 적성면 솥뒤로 15","37.9554284158","126.9175071931","그때그집 파주시 적성면 솥뒤로 15","그때그집 파주시 적성면 솥뒤로 15","전체 주소 검색","1","","","","True","False","0","","","","","재확인 필요","재확인 필요","상호는 일치하지만 주소가 일치하지 않습니다","2026-09-06"
"395","능이백숙오리닭칼국수","파주시 적성면 칠중2길 144","37.9564270142","126.9272009682","능이백숙오리닭칼국수 파주시 적성면 칠중2길 144","능이백숙오리닭칼국수 파주시 적성면 칠중2길 144","전체 주소 검색","0","","","","False","False","0","","","","","미확인","미확인","지역 검색 결과가 없습니다","2026-09-06"
"396","두지리강촌매운탕","파주시 적성면 술이홀로2316번길 31","37.9633422498","126.8938211659","두지리강촌매운탕 파주시 적성면 술이홀로2316번길 31","두지리강촌매운탕 파주시 적성면 술이홀로2316번길 31","전체 주소 검색","1","","","","True","False","0","","","","","재확인 필요","재확인 필요","상호는 일치하지만 주소가 일치하지 않습니다","2026-09-06"
"397","두지리별장매운탕","파주시 적성면 술이홀로2316번길 18","37.9625791248","126.8939840816","두지리별장매운탕 파주시 적성면 술이홀로2316번길 18","두지리별장매운탕 파주시 적성면 술이홀로2316번길 18","전체 주소 검색","0","","","","False","False","0","","","","","미확인","미확인","지역 검색 결과가 없습니다","2026-09-06"
"398","명랑핫도그 적성점","파주시 적성면 청송로 1022 1층","37.9542128701","126.9187986172","명랑핫도그 적성점 파주시 적성면 청송로 1022 1층","명랑핫도그 적성점 파주시 적성면 청송로 1022 1층","전체 주소 검색","0","","","","False","False","0","","","","","미확인","미확인","지역 검색 결과가 없습니다","2026-09-06"
"399","산아래","파주시 적성면 감악산로1241번길 56","37.9590772331","126.9241057705","산아래 파주시 적성면 감악산로1241번길 56","산아래 파주시 적성면 감악산로1241번길 56","전체 주소 검색","1","","","","False","False","0","","","","","미확인","미확인","상호와 주소가 일치하는 후보가 없습니다","2026-09-06"
"400","용화반점","파주시 적성면 솥뒤로 28 1층","37.9564498657","126.9169503206","용화반점 파주시 적성면 솥뒤로 28 1층","용화반점 파주시 적성면 솥뒤로 28 1층","전체 주소 검색","0","","","","False","False","0","","","","","미확인","미확인","지역 검색 결과가 없습니다","2026-09-06"
"401","원조두지리매운탕 1호점","파주시 적성면 술이홀로2316번길 45","37.9639335609","126.8938518363","원조두지리매운탕 1호점 파주시 적성면 술이홀로2316번길 45","원조두지리매운탕 1호점 파주시 적성면 술이홀로2316번길 45","전체 주소 검색","1","","","","True","False","0","","","","","재확인 필요","재확인 필요","상호는 일치하지만 주소가 일치하지 않습니다","2026-09-06"
"402","유진참치","파주시 적성면 감악산로 1226","37.9559661955","126.9273629978","유진참치 파주시 적성면 감악산로 1226","유진참치 파주시 적성면 감악산로 1226","전체 주소 검색","1","","","","False","False","0","","","","","미확인","미확인","상호와 주소가 일치하는 후보가 없습니다","2026-09-06"
"403","임진강매운탕","파주시 적성면 술이홀로2316번길 39","37.9637479009","126.8939768251","임진강매운탕 파주시 적성면 술이홀로2316번길 39","임진강매운탕 파주시 적성면 술이홀로2316번길 39","전체 주소 검색","1","","","","True","False","0","","","","","재확인 필요","재확인 필요","상호는 일치하지만 주소가 일치하지 않습니다","2026-09-06"
"404","임진강 인천식당 한우마을","파주시 적성면 솥뒤로37번길 4","37.9568787468","126.9158593079","임진강 인천식당 한우마을 파주시 적성면 솥뒤로37번길 4","임진강 인천식당 한우마을 파주시 적성면 솥뒤로37번길 4","전체 주소 검색","1","","","","False","False","0","","","","","미확인","미확인","상호와 주소가 일치하는 후보가 없습니다","2026-09-06"
"405","장단콩퇴골두부","파주시 적성면 칠중3길 145","37.9499472864","126.9230753665","장단콩퇴골두부 파주시 적성면 칠중3길 145","장단콩퇴골두부 파주시 적성면 칠중3길 145","전체 주소 검색","1","","","","True","False","0","","","","","재확인 필요","재확인 필요","상호는 일치하지만 주소가 일치하지 않습니다","2026-09-06"
"406","장수인삼족발보쌈","파주시 적성면 칠중3길 15 1층","37.9544081711","126.9204811344","장수인삼족발보쌈 파주시 적성면 칠중3길 15 1층","장수인삼족발보쌈 파주시 적성면 칠중3길 15 1층","전체 주소 검색","0","","","","False","False","0","","","","","미확인","미확인","지역 검색 결과가 없습니다","2026-09-06"
"407","짱미엔","파주시 적성면 솥뒤로 14-1","37.9555808657","126.9177810156","짱미엔 파주시 적성면 솥뒤로 14-1","짱미엔 파주시 적성면 솥뒤로 14-1","전체 주소 검색","1","","","","True","False","0","","","","","재확인 필요","재확인 필요","상호는 일치하지만 주소가 일치하지 않습니다","2026-09-06"
"408","탕수육","파주시 적성면 청송로 1061 1층","37.9564278185","126.922398296","탕수육 파주시 적성면 청송로 1061 1층","탕수육 파주시 적성면 청송로 1061 1층","전체 주소 검색","0","","","","False","False","0","","","","","미확인","미확인","지역 검색 결과가 없습니다","2026-09-06"
"409","파주연천축협 정육식당","파주시 적성면 솥뒤로 32-2","37.9568697318","126.9164835509","파주연천축협 정육식당 파주시 적성면 솥뒤로 32-2","파주연천축협 정육식당 파주시 적성면 솥뒤로 32-2","전체 주소 검색","1","","","","False","False","0","","","","","미확인","미확인","상호와 주소가 일치하는 후보가 없습니다","2026-09-06"
"410","현대식당","파주시 적성면 청송로 1039","37.9554871992","126.9201808321","현대식당 파주시 적성면 청송로 1039","현대식당 파주시 적성면 청송로 1039","전체 주소 검색","1","","","","False","False","0","","","","","미확인","미확인","상호와 주소가 일치하는 후보가 없습니다","2026-09-06"
"411","화정족발 적성점","파주시 적성면 청송로 1027","37.9549101751","126.9190315608","화정족발 적성점 파주시 적성면 청송로 1027","화정족발 적성점 파주시 적성면 청송로 1027","전체 주소 검색","0","","","","False","False","0","","","","","미확인","미확인","지역 검색 결과가 없습니다","2026-09-06"
"412","애플트리","파주시 적성면 국사로 293","37.9603832798","126.869924467","애플트리 파주시 적성면 국사로 293","애플트리 파주시 적성면 국사로 293","전체 주소 검색","1","","","","False","False","0","","","","","미확인","미확인","상호와 주소가 일치하는 후보가 없습니다","2026-09-06"
"413","상원포크","파주시 조리읍 봉천로 63","37.7444010545","126.8046093908","상원포크 파주시 조리읍 봉천로 63","상원포크 파주시 조리읍 봉천로 63","전체 주소 검색","1","","","","True","False","0","","","","","재확인 필요","재확인 필요","상호는 일치하지만 주소가 일치하지 않습니다","2026-09-06"
"414","샤브올데이 파주봉일천점","파주시 조리읍 통일로 292 1층","37.7426378392","126.8115121346","샤브올데이 파주봉일천점 파주시 조리읍 통일로 292 1층","샤브올데이 파주봉일천점 파주시 조리읍 통일로 292 1층","전체 주소 검색","0","","","","False","False","0","","","","","미확인","미확인","지역 검색 결과가 없습니다","2026-09-06"
"415","굿타임","파주시 탄현면 새오리로161번길 53-34","37.798459875","126.6837237432","굿타임 파주시 탄현면 새오리로161번길 53-34","굿타임 파주시 탄현면 새오리로161번길 53-34","전체 주소 검색","0","","","","False","False","0","","","","","미확인","미확인","지역 검색 결과가 없습니다","2026-09-06"
"416","벨리타","파주시 탄현면 새오리로161번길 53-28","37.7986881388","126.6838771884","벨리타 파주시 탄현면 새오리로161번길 53-28","벨리타 파주시 탄현면 새오리로161번길 53-28","전체 주소 검색","1","","","","False","False","0","","","","","미확인","미확인","상호와 주소가 일치하는 후보가 없습니다","2026-09-06"
"417","파주풀빌라워라밸호스텔","파주시 탄현면 엘지로 709","37.835848867","126.735353174","파주풀빌라워라밸호스텔 파주시 탄현면 엘지로 709","파주풀빌라워라밸호스텔 파주시 탄현면 엘지로 709","전체 주소 검색","0","","","","False","False","0","","","","","미확인","미확인","지역 검색 결과가 없습니다","2026-09-06"
"418","피카소","파주시 탄현면 성동로 34","37.7774445234","126.6876938827","피카소 파주시 탄현면 성동로 34","피카소 파주시 탄현면 성동로 34","전체 주소 검색","1","","","","False","False","0","","","","","미확인","미확인","상호와 주소가 일치하는 후보가 없습니다","2026-09-06"
"419","헤이리풀빌라워라밸호스텔","파주시 탄현면 샘철길 38-12","37.7894434307","126.6887230484","헤이리풀빌라워라밸호스텔 파주시 탄현면 샘철길 38-12","헤이리풀빌라워라밸호스텔 파주시 탄현면 샘철길 38-12","전체 주소 검색","0","","","","False","False","0","","","","","미확인","미확인","지역 검색 결과가 없습니다","2026-09-06"
"420","호텔위즈","파주시 탄현면 성동로 20-45","37.7764742311","126.6876757168","호텔위즈 파주시 탄현면 성동로 20-45","호텔위즈 파주시 탄현면 성동로 20-45","전체 주소 검색","1","","","","False","False","0","","","","","미확인","미확인","상호와 주소가 일치하는 후보가 없습니다","2026-09-06"
"421","DMZ장단콩두부마을","파주시 탄현면 평화로 902","37.7861443704","126.6896376981","DMZ장단콩두부마을 파주시 탄현면 평화로 902","DMZ장단콩두부마을 파주시 탄현면 평화로 902","전체 주소 검색","1","","","","True","False","0","","","","","재확인 필요","재확인 필요","상호는 일치하지만 주소가 일치하지 않습니다","2026-09-06"
"422","더위즈(The WIZ)","파주시 탄현면 성동로 20-45","37.7764742311","126.6876757168","더위즈(The WIZ) 파주시 탄현면 성동로 20-45","더위즈(The WIZ) 파주시 탄현면 성동로 20-45","전체 주소 검색","1","","","","False","False","0","","","","","미확인","미확인","상호와 주소가 일치하는 후보가 없습니다","2026-09-06"
"423","물고기자리","파주시 탄현면 헤이리마을길 48-48","37.7872412617","126.7002410486","물고기자리 파주시 탄현면 헤이리마을길 48-48","물고기자리 파주시 탄현면 헤이리마을길 48-48","전체 주소 검색","1","","","","True","False","0","","","","","재확인 필요","재확인 필요","상호는 일치하지만 주소가 일치하지 않습니다","2026-09-06"
"424","베로키오","파주시 탄현면 새오리로 74","37.7908802915","126.6856397612","베로키오 파주시 탄현면 새오리로 74","베로키오 파주시 탄현면 새오리로 74","전체 주소 검색","1","","","","False","False","0","","","","","미확인","미확인","상호와 주소가 일치하는 후보가 없습니다","2026-09-06"
"425","복드림한우고기","파주시 탄현면 새오리로 48","37.7892305336","126.6873956576","복드림한우고기 파주시 탄현면 새오리로 48","복드림한우고기 파주시 탄현면 새오리로 48","전체 주소 검색","1","","","","False","False","0","","","","","미확인","미확인","상호와 주소가 일치하는 후보가 없습니다","2026-09-06"
"426","어화둥둥","파주시 탄현면 새오리로 113-46","37.7963554983","126.6850985945","어화둥둥 파주시 탄현면 새오리로 113-46","어화둥둥 파주시 탄현면 새오리로 113-46","전체 주소 검색","1","","","","True","False","0","","","","","재확인 필요","재확인 필요","상호는 일치하지만 주소가 일치하지 않습니다","2026-09-06"
"427","옛날시골밥상","파주시 탄현면 새오리로 10","37.7870551597","126.6901549698","옛날시골밥상 파주시 탄현면 새오리로 10","옛날시골밥상 파주시 탄현면 새오리로 10","전체 주소 검색","0","","","","False","False","0","","","","","미확인","미확인","지역 검색 결과가 없습니다","2026-09-06"
"428","오두산막국수 통일로직영점","파주시 탄현면 성동로 17","37.7792259522","126.6867285633","오두산막국수 통일로직영점 파주시 탄현면 성동로 17","오두산막국수 통일로직영점 파주시 탄현면 성동로 17","전체 주소 검색","1","","","","False","False","0","","","","","미확인","미확인","상호와 주소가 일치하는 후보가 없습니다","2026-09-06"
"429","용궁칼국수","파주시 탄현면 새오리로 59-52","37.7903486074","126.6839451907","용궁칼국수 파주시 탄현면 새오리로 59-52","용궁칼국수 파주시 탄현면 새오리로 59-52","전체 주소 검색","1","","","","False","False","0","","","","","미확인","미확인","상호와 주소가 일치하는 후보가 없습니다","2026-09-06"
"430","전라도갈치찜전문점","파주시 탄현면 매봉길 12","37.7905068782","126.6863285433","전라도갈치찜전문점 파주시 탄현면 매봉길 12","전라도갈치찜전문점 파주시 탄현면 매봉길 12","전체 주소 검색","1","","","","True","False","0","","","","","재확인 필요","재확인 필요","상호는 일치하지만 주소가 일치하지 않습니다","2026-09-06"
"431","전망대 누룽지 백숙","파주시 탄현면 새오리로 215-36","37.8036865005","126.6870623282","전망대 누룽지 백숙 파주시 탄현면 새오리로 215-36","전망대 누룽지 백숙 파주시 탄현면 새오리로 215-36","전체 주소 검색","0","","","","False","False","0","","","","","미확인","미확인","지역 검색 결과가 없습니다","2026-09-06"
"432","짹짹곳간","파주시 탄현면 새오리로339번길 79-48 2층","37.7878410489","126.6955398798","짹짹곳간 파주시 탄현면 새오리로339번길 79-48 2층","짹짹곳간 파주시 탄현면 새오리로339번길 79-48 2층","전체 주소 검색","0","","","","False","False","0","","","","","미확인","미확인","지역 검색 결과가 없습니다","2026-09-06"
"433","청송마루","파주시 탄현면 방촌로 1071","37.8262966706","126.7389362676","청송마루 파주시 탄현면 방촌로 1071","청송마루 파주시 탄현면 방촌로 1071","전체 주소 검색","1","","","","True","False","0","","","","","재확인 필요","재확인 필요","상호는 일치하지만 주소가 일치하지 않습니다","2026-09-06"
"434","초원","파주시 탄현면 엘씨디로241번길 50-2 B102호","37.809887973","126.758202209","초원 파주시 탄현면 엘씨디로241번길 50-2 B102호","초원 파주시 탄현면 엘씨디로241번길 50-2 B102호","전체 주소 검색","0","","","","False","False","0","","","","","미확인","미확인","지역 검색 결과가 없습니다","2026-09-06"
"435","최고야짬뽕","파주시 탄현면 필승로 490","37.7839991279","126.6891369619","최고야짬뽕 파주시 탄현면 필승로 490","최고야짬뽕 파주시 탄현면 필승로 490","전체 주소 검색","1","","","","True","False","0","","","","","재확인 필요","재확인 필요","상호는 일치하지만 주소가 일치하지 않습니다","2026-09-06"
"436","평양만두","파주시 탄현면 새오리로 193","37.800747106","126.6887537371","평양만두 파주시 탄현면 새오리로 193","평양만두 파주시 탄현면 새오리로 193","전체 주소 검색","1","","","","False","False","0","","","","","미확인","미확인","상호와 주소가 일치하는 후보가 없습니다","2026-09-06"
"437","해민도예","파주시 탄현면 새오리로 209-19","37.8009463192","126.6874309931","해민도예 파주시 탄현면 새오리로 209-19","해민도예 파주시 탄현면 새오리로 209-19","전체 주소 검색","1","","","","True","False","0","","","","","재확인 필요","재확인 필요","상호는 일치하지만 주소가 일치하지 않습니다","2026-09-06"
"438","흔적","파주시 탄현면 새오리로 59-20","37.7895160223","126.6852204885","흔적 파주시 탄현면 새오리로 59-20","흔적 파주시 탄현면 새오리로 59-20","전체 주소 검색","1","","","","False","False","0","","","","","미확인","미확인","상호와 주소가 일치하는 후보가 없습니다","2026-09-06"
"439","디엠지라운지(DMZ LOUNGE)","파주시 탄현면 새오리로161번길 90","37.8004048","126.6835875","디엠지라운지(DMZ LOUNGE) 파주시 탄현면 새오리로161번길 90","디엠지라운지(DMZ LOUNGE) 파주시 탄현면 새오리로161번길 90","전체 주소 검색","1","","","","False","False","0","","","","","미확인","미확인","상호와 주소가 일치하는 후보가 없습니다","2026-09-06"
"440","215카페캠핑장","경기도 파주시 탄현면 새오리로 215-91","37.8034099","126.6848158","215카페캠핑장 경기도 파주시 탄현면 새오리로 215-91","215카페캠핑장 경기도 파주시 탄현면 새오리로 215-91","전체 주소 검색","1","","","","True","False","0","","","","","재확인 필요","재확인 필요","상호는 일치하지만 주소가 일치하지 않습니다","2026-09-06"
"441","카페퀴너스","경기도 파주시탄현면새오리로691층 (탄현면성동리, 프로방스힐)","37.7905523","126.6847271","카페퀴너스 경기도 파주시탄현면새오리로691층 (탄현면성동리, 프로방스힐)","카페퀴너스 경기도 파주시탄현면새오리로691층 (탄현면성동리","도로명·건물번호 보조 검색","0","","","","False","False","0","","","","","미확인","미확인","지역 검색 결과가 없습니다","2026-09-06"
"442","6000컷트","파주시 파주읍 술이홀로 470","37.8289732769","126.8389761324","6000컷트 파주시 파주읍 술이홀로 470","6000컷트 파주시 파주읍 술이홀로 470","전체 주소 검색","1","","","","True","False","0","","","","","재확인 필요","재확인 필요","상호는 일치하지만 주소가 일치하지 않습니다","2026-09-06"
"443","로즈헤어샾","파주시 파주읍 파발로 4","37.8323779102","126.8177795315","로즈헤어샾 파주시 파주읍 파발로 4","로즈헤어샾 파주시 파주읍 파발로 4","전체 주소 검색","0","","","","False","False","0","","","","","미확인","미확인","지역 검색 결과가 없습니다","2026-09-06"
"444","남해바다","파주시 파주읍 시장거리길 59-7","37.8319258956","126.8177757587","남해바다 파주시 파주읍 시장거리길 59-7","남해바다 파주시 파주읍 시장거리길 59-7","전체 주소 검색","1","","","","True","False","0","","","","","재확인 필요","재확인 필요","상호는 일치하지만 주소가 일치하지 않습니다","2026-09-06"
"445","뚱이네","파주시 파주읍 교육길 45-32 나동 102호","37.8330557499","126.8342834706","뚱이네 파주시 파주읍 교육길 45-32 나동 102호","뚱이네 파주시 파주읍 교육길 45-32 나동 102호","전체 주소 검색","0","","","","False","False","0","","","","","미확인","미확인","지역 검색 결과가 없습니다","2026-09-06"
"446","바리루스","파주시 파주읍 봉서산로 245 2층 일부호","37.8332953442","126.8034859516","바리루스 파주시 파주읍 봉서산로 245 2층 일부호","바리루스 파주시 파주읍 봉서산로 245 2층 일부호","전체 주소 검색","0","","","","False","False","0","","","","","미확인","미확인","지역 검색 결과가 없습니다","2026-09-06"
"447","봉황가","파주시 파주읍 우계로 35-1","37.8304097125","126.8155395692","봉황가 파주시 파주읍 우계로 35-1","봉황가 파주시 파주읍 우계로 35-1","전체 주소 검색","1","","","","True","False","0","","","","","재확인 필요","재확인 필요","상호는 일치하지만 주소가 일치하지 않습니다","2026-09-06"
"448","소풍N","파주시 파주읍 우계로 24","37.8293987346","126.81489712","소풍N 파주시 파주읍 우계로 24","소풍N 파주시 파주읍 우계로 24","전체 주소 검색","1","","","","True","False","0","","","","","재확인 필요","재확인 필요","상호는 일치하지만 주소가 일치하지 않습니다","2026-09-06"
"449","웅이네 의정부부대찌개","파주시 파주읍 파발로 9","37.8326616617","126.8184479102","웅이네 의정부부대찌개 파주시 파주읍 파발로 9","웅이네 의정부부대찌개 파주시 파주읍 파발로 9","전체 주소 검색","1","","","","True","False","0","","","","","재확인 필요","재확인 필요","상호는 일치하지만 주소가 일치하지 않습니다","2026-09-06"
"450","이조맛집","파주시 파주읍 술이홀로 392","37.8305409747","126.8305257886","이조맛집 파주시 파주읍 술이홀로 392","이조맛집 파주시 파주읍 술이홀로 392","전체 주소 검색","1","","","","False","False","0","","","","","미확인","미확인","상호와 주소가 일치하는 후보가 없습니다","2026-09-06"
"451","짜장마을","파주시 파주읍 술이홀로 463","37.8291703482","126.838407754","짜장마을 파주시 파주읍 술이홀로 463","짜장마을 파주시 파주읍 술이홀로 463","전체 주소 검색","1","","","","True","False","0","","","","","재확인 필요","재확인 필요","상호는 일치하지만 주소가 일치하지 않습니다","2026-09-06"
"452","조아의 하루 주내점","파주시 파주읍 우계로 6 101호","37.8280814","126.8138604","조아의 하루 주내점 파주시 파주읍 우계로 6 101호","조아의 하루 주내점 파주시 파주읍 우계로 6 101호","전체 주소 검색","0","","","","False","False","0","","","","","미확인","미확인","지역 검색 결과가 없습니다","2026-09-06"
"453","아비숑","파주시 파평면 화석정로126번길 122-35","37.8857765502","126.8090042619","아비숑 파주시 파평면 화석정로126번길 122-35","아비숑 파주시 파평면 화석정로126번길 122-35","전체 주소 검색","1","","","","False","False","0","","","","","미확인","미확인","상호와 주소가 일치하는 후보가 없습니다","2026-09-06"
"454","포시즌","파주시 파평면 화석정로126번길 144-20","37.8861765123","126.8093020869","포시즌 파주시 파평면 화석정로126번길 144-20","포시즌 파주시 파평면 화석정로126번길 144-20","전체 주소 검색","1","","","","False","False","0","","","","","미확인","미확인","상호와 주소가 일치하는 후보가 없습니다","2026-09-06"
"455","샘내 손두부","파주시 파평면 청송로 551-7","37.938380172","126.8701862204","샘내 손두부 파주시 파평면 청송로 551-7","샘내 손두부 파주시 파평면 청송로 551-7","전체 주소 검색","1","","","","True","False","0","","","","","재확인 필요","재확인 필요","상호는 일치하지만 주소가 일치하지 않습니다","2026-09-06"
"456","임꺽정 한우마을","파주시 파평면 화석정로 104","37.8821146492","126.8027179241","임꺽정 한우마을 파주시 파평면 화석정로 104","임꺽정 한우마을 파주시 파평면 화석정로 104","전체 주소 검색","0","","","","False","False","0","","","","","미확인","미확인","지역 검색 결과가 없습니다","2026-09-06"
"457","임진강수라상","파주시 파평면 화석정로 101","37.881984697","126.802213344","임진강수라상 파주시 파평면 화석정로 101","임진강수라상 파주시 파평면 화석정로 101","전체 주소 검색","1","","","","True","False","0","","","","","재확인 필요","재확인 필요","상호는 일치하지만 주소가 일치하지 않습니다","2026-09-06"
"458","한우리매운탕","파주시 파평면 장승배기로 173-8","37.8808101224","126.8138654223","한우리매운탕 파주시 파평면 장승배기로 173-8","한우리매운탕 파주시 파평면 장승배기로 173-8","전체 주소 검색","1","","","","True","False","0","","","","","재확인 필요","재확인 필요","상호는 일치하지만 주소가 일치하지 않습니다","2026-09-06"
"459","앵무새카페","파주시 파평면 파평산로363번길 32-9","37.8922217509","126.8410840125","앵무새카페 파주시 파평면 파평산로363번길 32-9","앵무새카페 파주시 파평면 파평산로363번길 32-9","전체 주소 검색","0","","","","False","False","0","","","","","미확인","미확인","지역 검색 결과가 없습니다","2026-09-06"
"460","돈앤카우","경기도 포천시 소흘읍 송우로 53, 111호","37.8287069","127.1431225","돈앤카우 경기도 포천시 소흘읍 송우로 53, 111호","돈앤카우 경기도 포천시 소흘읍 송우로 53","도로명·건물번호 보조 검색","1","","","","True","False","0","","","","","재확인 필요","재확인 필요","상호는 일치하지만 주소가 일치하지 않습니다","2026-09-06"
"461","제부도디앤와이펜션","경기도 화성시 만세구서신면해안길114(서신면제부리)","37.1662844","126.625398","제부도디앤와이펜션 경기도 화성시 만세구서신면해안길114(서신면제부리)","제부도디앤와이펜션 경기도 화성시 만세구서신면해안길114(서신면제부리)","전체 주소 검색","1","","","","True","False","0","","","","","재확인 필요","재확인 필요","상호는 일치하지만 주소가 일치하지 않습니다","2026-09-06"
"462","동타안","경기도 화성시 동탄구동탄반송1길231층 (반송동)","37.2101473","127.0621366","동타안 경기도 화성시 동탄구동탄반송1길231층 (반송동)","동타안 경기도 화성시 동탄구동탄반송1길231층 (반송동)","전체 주소 검색","0","","","","False","False","0","","","","","미확인","미확인","지역 검색 결과가 없습니다","2026-09-06"
"463","고스트헤어(검단신도시점)","인천광역시 검단구발산로41205호(원당동, 정석프라자)","37.5930293","126.712001","고스트헤어(검단신도시점) 인천광역시 검단구발산로41205호(원당동, 정석프라자)","고스트헤어(검단신도시점) 인천광역시 검단구발산로41205호(원당동","도로명·건물번호 보조 검색","0","","","","False","False","0","","","","","미확인","미확인","지역 검색 결과가 없습니다","2026-09-06"
"464","성문한식뷔페","인천광역시 검단구이음4로42(원당동, 2층 210호~214호)","37.59113945","126.7146962","성문한식뷔페 인천광역시 검단구이음4로42(원당동, 2층 210호~214호)","성문한식뷔페 인천광역시 검단구이음4로42(원당동","도로명·건물번호 보조 검색","1","","","","True","False","0","","","","","재확인 필요","재확인 필요","상호는 일치하지만 주소가 일치하지 않습니다","2026-09-06"
"465","모아닭강정","인천광역시 남동구구월로372번길46(만수동, 1층 101호)","37.4527551","126.731634","모아닭강정 인천광역시 남동구구월로372번길46(만수동, 1층 101호)","모아닭강정 인천광역시 남동구구월로372번길46(만수동","도로명·건물번호 보조 검색","1","","","","True","False","0","","","","","재확인 필요","재확인 필요","상호는 일치하지만 주소가 일치하지 않습니다","2026-09-06"
"466","석바위칼국수","인천광역시 미추홀구경원대로852번길9(주안동)","37.458849","126.690168","석바위칼국수 인천광역시 미추홀구경원대로852번길9(주안동)","석바위칼국수 인천광역시 미추홀구경원대로852번길9(주안동)","전체 주소 검색","1","","","","True","False","0","","","","","재확인 필요","재확인 필요","상호는 일치하지만 주소가 일치하지 않습니다","2026-09-06"
"467","수상한 전집","인천광역시 미추홀구인하로254(주안동, 1층)","37.4481153","126.6762408","수상한 전집 인천광역시 미추홀구인하로254(주안동, 1층)","수상한 전집 인천광역시 미추홀구인하로254(주안동","도로명·건물번호 보조 검색","1","","","","True","False","0","","","","","재확인 필요","재확인 필요","상호는 일치하지만 주소가 일치하지 않습니다","2026-09-06"
"468","순석닭강정","인천광역시 미추홀구용정공원로83번길43,105호(용현동)","37.4473962","126.6474949","순석닭강정 인천광역시 미추홀구용정공원로83번길43,105호(용현동)","순석닭강정 인천광역시 미추홀구용정공원로83번길43","도로명·건물번호 보조 검색","1","","","","True","False","0","","","","","재확인 필요","재확인 필요","상호는 일치하지만 주소가 일치하지 않습니다","2026-09-06"
"469","인천GS25(학익대박점)","인천광역시 미추홀구노적산로70(학익동)","37.4402684","126.6569504","인천GS25(학익대박점) 인천광역시 미추홀구노적산로70(학익동)","인천GS25(학익대박점) 인천광역시 미추홀구노적산로70(학익동)","전체 주소 검색","2","","","","False","False","0","","","","","미확인","미확인","상호와 주소가 일치하는 후보가 없습니다","2026-09-06"
"470","족발야시장(인천용현점)","인천광역시 미추홀구매소홀로69(용현동, 1층)","37.449876","126.6337761","족발야시장(인천용현점) 인천광역시 미추홀구매소홀로69(용현동, 1층)","족발야시장(인천용현점) 인천광역시 미추홀구매소홀로69(용현동","도로명·건물번호 보조 검색","1","","","","True","False","0","","","","","재확인 필요","재확인 필요","상호는 일치하지만 주소가 일치하지 않습니다","2026-09-06"
"471","까페신기촌","인천광역시 미추홀구인하로247번길1(주안동, 1층 까페신기촌)","37.448451","126.6754","까페신기촌 인천광역시 미추홀구인하로247번길1(주안동, 1층 까페신기촌)","까페신기촌 인천광역시 미추홀구인하로247번길1(주안동","도로명·건물번호 보조 검색","1","","","","True","False","0","","","","","재확인 필요","재확인 필요","상호는 일치하지만 주소가 일치하지 않습니다","2026-09-06"
"472","카페 1990","인천광역시 미추홀구노적산로60(학익동)","37.4407658","126.6559891","카페 1990 인천광역시 미추홀구노적산로60(학익동)","카페 1990 인천광역시 미추홀구노적산로60(학익동)","전체 주소 검색","1","","","","True","False","0","","","","","재확인 필요","재확인 필요","상호는 일치하지만 주소가 일치하지 않습니다","2026-09-06"
"473","커피놀이터","인천광역시 미추홀구한나루로353- 1(학익동, 2층)","37.4398083","126.661823","커피놀이터 인천광역시 미추홀구한나루로353- 1(학익동, 2층)","커피놀이터 인천광역시 미추홀구한나루로353- 1(학익동","도로명·건물번호 보조 검색","1","","","","True","False","0","","","","","재확인 필요","재확인 필요","상호는 일치하지만 주소가 일치하지 않습니다","2026-09-06"
"474","헤어스케치(옥련동)","인천광역시 연수구능허대로79번길65(옥련동, 현대3차상가 2층)","37.4265069","126.6439831","헤어스케치(옥련동) 인천광역시 연수구능허대로79번길65(옥련동, 현대3차상가 2층)","헤어스케치(옥련동) 인천광역시 연수구능허대로79번길65(옥련동","도로명·건물번호 보조 검색","1","","","","False","False","0","","","","","미확인","미확인","상호와 주소가 일치하는 후보가 없습니다","2026-09-06"
"475","계수나무집(한식)","인천광역시 연수구샘말로44번길13(연수동)","37.4129756","126.6798708","계수나무집(한식) 인천광역시 연수구샘말로44번길13(연수동)","계수나무집(한식) 인천광역시 연수구샘말로44번길13(연수동)","전체 주소 검색","1","","","","False","False","0","","","","","미확인","미확인","상호와 주소가 일치하는 후보가 없습니다","2026-09-06"
"476","달쭈꾸미 월미도 본점","인천광역시 제물포구월미문화로39(북성동1가)","37.474781","126.5977478","달쭈꾸미 월미도 본점 인천광역시 제물포구월미문화로39(북성동1가)","달쭈꾸미 월미도 본점 인천광역시 제물포구월미문화로39(북성동1가)","전체 주소 검색","1","","","","True","False","0","","","","","재확인 필요","재확인 필요","상호는 일치하지만 주소가 일치하지 않습니다","2026-09-06"
"477","더 이로운","인천광역시 제물포구우현로87번길28(인현동, 1층)","37.4752258","126.6292229","더 이로운 인천광역시 제물포구우현로87번길28(인현동, 1층)","더 이로운 인천광역시 제물포구우현로87번길28(인현동","도로명·건물번호 보조 검색","1","","","","True","False","0","","","","","재확인 필요","재확인 필요","상호는 일치하지만 주소가 일치하지 않습니다","2026-09-06"
"478","럭키차이나","인천광역시 제물포구차이나타운로47- 1(북성동3가)","37.475234","126.619081","럭키차이나 인천광역시 제물포구차이나타운로47- 1(북성동3가)","럭키차이나 인천광역시 제물포구차이나타운로47- 1(북성동3가)","전체 주소 검색","0","","","","False","False","0","","","","","미확인","미확인","지역 검색 결과가 없습니다","2026-09-06"
"479","럭키차이나(차이나타운점)","인천광역시 제물포구차이나타운로48(송월동3가)","37.475394","126.619097","럭키차이나(차이나타운점) 인천광역시 제물포구차이나타운로48(송월동3가)","럭키차이나(차이나타운점) 인천광역시 제물포구차이나타운로48(송월동3가)","전체 주소 검색","0","","","","False","False","0","","","","","미확인","미확인","지역 검색 결과가 없습니다","2026-09-06"
"480","미미진","인천광역시 제물포구차이나타운로27(북성동3가)","37.4767548","126.619344","미미진 인천광역시 제물포구차이나타운로27(북성동3가)","미미진 인천광역시 제물포구차이나타운로27(북성동3가)","전체 주소 검색","1","","","","True","False","0","","","","","재확인 필요","재확인 필요","상호는 일치하지만 주소가 일치하지 않습니다","2026-09-06"
"481","화평동372 더봉지식당","인천광역시 제물포구화도진로75(화평동, 1층)","37.4785175","126.6309933","화평동372 더봉지식당 인천광역시 제물포구화도진로75(화평동, 1층)","화평동372 더봉지식당 인천광역시 제물포구화도진로75(화평동","도로명·건물번호 보조 검색","0","","","","False","False","0","","","","","미확인","미확인","지역 검색 결과가 없습니다","2026-09-06"
"482","미투커피","인천광역시 제물포구월미문화로39(북성동1가)","37.474781","126.5977478","미투커피 인천광역시 제물포구월미문화로39(북성동1가)","미투커피 인천광역시 제물포구월미문화로39(북성동1가)","전체 주소 검색","1","","","","True","False","0","","","","","재확인 필요","재확인 필요","상호는 일치하지만 주소가 일치하지 않습니다","2026-09-06"
"483","설빙)인천월미도점","인천광역시 제물포구월미문화로71(북성동1가)","37.4720183","126.5963491","설빙)인천월미도점 인천광역시 제물포구월미문화로71(북성동1가)","설빙)인천월미도점 인천광역시 제물포구월미문화로71(북성동1가)","전체 주소 검색","1","","","","True","False","0","","","","","재확인 필요","재확인 필요","상호는 일치하지만 주소가 일치하지 않습니다","2026-09-06"
"484","엔제리너스(인천)점","인천광역시 제물포구월미문화로71(북성동1가)","37.4720183","126.5963491","엔제리너스(인천)점 인천광역시 제물포구월미문화로71(북성동1가)","엔제리너스(인천)점 인천광역시 제물포구월미문화로71(북성동1가)","전체 주소 검색","0","","","","False","False","0","","","","","미확인","미확인","지역 검색 결과가 없습니다","2026-09-06"
"485","월미도레미","인천광역시 제물포구월미문화로35,2층 (북성동1가)","37.4752221","126.5980097","월미도레미 인천광역시 제물포구월미문화로35,2층 (북성동1가)","월미도레미 인천광역시 제물포구월미문화로35","도로명·건물번호 보조 검색","1","","","","True","False","0","","","","","재확인 필요","재확인 필요","상호는 일치하지만 주소가 일치하지 않습니다","2026-09-06"
