"업종명","업소명","시도","시군구","소재지도로명주소","소재지지번주소","위도","경도","좌표출처","좌표출처URL","좌표검증상태","할인정보","적용대상","이용조건","인증방법","업소전화번호","출처유형","출처URL","최근확인일","혜택상태","수집자","비고"
"미용·뷰티","레드폴바버샵 강남신사점","서울특별시","강남구","서울특별시 강남구 논현로151길 41, 2층 201호","서울특별시 강남구 신사동 561","37.5195936","127.0248338","Geocoding API","https://map.naver.com/p/search/%EB%A0%88%EB%93%9C%ED%8F%B4%EB%B0%94%EB%B2%84%EC%83%B5%20%EA%B0%95%EB%82%A8%EC%8B%A0%EC%82%AC%EC%A0%90%20%EC%84%9C%EC%9A%B8%ED%8A%B9%EB%B3%84%EC%8B%9C%20%EA%B0%95%EB%82%A8%EA%B5%AC%20%EB%85%BC%ED%98%84%EB%A1%9C151%EA%B8%B8%2041","확인 완료","군인·경찰·소방관 할인 커트 39,000원→29,000원","군인·경찰·소방관","금·토요일 및 공휴일 할인 제외 안내가 있어 방문 전 재확인","군인증 또는 관련 신분 확인자료","070-8211-3668","이용 후기","https://blog.naver.com/brave1011/223781023634|https://blog.naver.com/eastssunrise/223641759588","2026-08-15","확인 필요","ilwoo-maker","가격·대상과 제외 요일을 공개 후기에서 확인; 현재 주소·전화 교차확인"
"미용·뷰티","레드폴바버샵 강남역삼점","서울특별시","강남구","서울특별시 강남구 도곡로3길 13, 르메이에르 2층 203-2호","서울특별시 강남구 역삼동 837-19","37.4910688","127.0326686","Geocoding API","https://map.naver.com/p/search/%EB%A0%88%EB%93%9C%ED%8F%B4%EB%B0%94%EB%B2%84%EC%83%B5%20%EA%B0%95%EB%82%A8%EC%97%AD%EC%82%BC%EC%A0%90%20%EC%84%9C%EC%9A%B8%ED%8A%B9%EB%B3%84%EC%8B%9C%20%EA%B0%95%EB%82%A8%EA%B5%AC%20%EB%8F%84%EA%B3%A1%EB%A1%9C3%EA%B8%B8%2013%20%EB%A5%B4-%EB%A9%94%EC%9D%B4%EC%97%90%EB%A5%B4%20%ED%83%80%EC%9A%B4","확인 완료","군인·경찰·소방관 할인 커트 39,000원→29,000원","군인·경찰·소방관","혜택 변경 가능성이 있어 방문·예약 직전 업소 확인","군인증 또는 관련 신분 확인자료","070-8672-9217","이용 후기","https://blog.naver.com/steadylog-/224304806064|https://blog.naver.com/wbwbxoxo/223892696793","2026-08-15","확인 필요","ilwoo-maker","현재 주소·전화와 할인 메뉴를 교차확인; 적용 요일은 결제 전 문의"
"음식","우동명가기리야마본진","서울특별시","강남구","서울특별시 강남구강남대로84길23(역삼동, (한라클래식 지하1층))","","37.4971584","127.0304025","","","재확인 필요","서비스 이용료의 20% 할인","복무중인사람(현역병)","없음 | 혜택기간: 2024-11-12~","복무확인서","02-567-0068","공공데이터","https://www.mma.go.kr/about/udgg/list.do?mc=mma0003357","2026-08-15","이용 가능","ilwoo-maker","우대기간: 무기한"
"카페","투오프커피","서울특별시","강남구","서울특별시 강남구역삼로9길20(역삼동, (1층))","","37.495297","127.0339254","","","재확인 필요","서비스 이용료의 20% 할인(모든 음료가 가능하나 병 음료는 제외)","동원훈련 이수자, 모범예비군, 복무중인사람","없음 | 혜택기간: 2024-04-17~2027-04-17","동원훈련이수증, 모범예비군증, 복무확인서","070-7704-6600","공공데이터","https://www.mma.go.kr/about/udgg/list.do?mc=mma0003357","2026-08-15","이용 가능","ilwoo-maker","1년 (기간내 변경,해제 신청 없을 시 자동 재연장)"
"미용·뷰티","힐빌리바버샵","서울특별시","강동구","서울특별시 강동구 양재대로96길 26, 광남캐스빌 근생 101호","","37.5291947","127.1385431","Geocoding API","https://map.naver.com/p/search/%ED%9E%90%EB%B9%8C%EB%A6%AC%EB%B0%94%EB%B2%84%EC%83%B5%20%EC%84%9C%EC%9A%B8%ED%8A%B9%EB%B3%84%EC%8B%9C%20%EA%B0%95%EB%8F%99%EA%B5%AC%20%EC%96%91%EC%9E%AC%EB%8C%80%EB%A1%9C96%EA%B8%B8%2026%20%EB%91%94%EC%B4%8C%EB%8F%99%20%EA%B4%91%EB%82%A8%EC%BA%90%EC%8A%A4%EB%B9%8C","확인 완료","군인·경찰·소방관 할인 제공(할인액 미공개; 일반 커트 공개가격 38,000원)","군인·경찰·소방관","혜택 변경 가능성이 있어 방문·예약 직전 업소 확인","군인증 또는 관련 신분 확인자료","0507-1380-0176","이용 후기","https://blog.naver.com/edh0368/224292893974","2026-08-15","확인 필요","ilwoo-maker","현재 주소·전화·메뉴와 군·경·소방 할인 안내를 교차확인; 할인액은 방문 전 문의"
"음식","가운소곱창","서울특별시","강동구","서울특별시 강동구상암로42(천호동, 131호)","","37.5495882","127.1279034","","","재확인 필요","서비스 이용료의 10% 할인","복무중인사람(현역병,사회복무요원,전문산업기능요원)","없음 | 혜택기간: 2024-05-10~2027-05-10","복무확인서","0507-1372-6863","공공데이터","https://www.mma.go.kr/about/udgg/list.do?mc=mma0003357","2026-08-15","이용 가능","ilwoo-maker","3년 (기간내 변경,해제 신청 없을 시 자동 재연장)"
"미용·뷰티","송미용실","서울특별시","강북구","서울특별시 강북구인수봉로78길13(수유동)","","37.644609","127.0116053","","","재확인 필요","서비스 이용료 면제","동원훈련 이수자, 모범예비군, 복무중인사람, 병역명문가","없음 | 혜택기간: 2025-04-14~2027-04-14","동원훈련이수,모범예비군,명문가증,복무확인서","02-905-2225","공공데이터","https://www.mma.go.kr/about/udgg/list.do?mc=mma0003357","2026-08-15","이용 가능","ilwoo-maker","2년 (기간내 변경,해제 신청 없을 시 자동 재연장)"
"미용·뷰티","착한이발","서울특별시","강북구","서울특별시 강북구도봉로371(수유동, (지하1층))","","37.6404577","127.0278529","","","재확인 필요","서비스 이용료의 10% 할인","동원훈련 이수자, 모범예비군, 복무중인사람, 병역명문가","없음 | 혜택기간: 2025-04-11~","동원훈련이수,모범예비군,명문가증,복무확인서","010-4769-2350","공공데이터","https://www.mma.go.kr/about/udgg/list.do?mc=mma0003357","2026-08-15","이용 가능","ilwoo-maker","우대기간: 무기한"
"음식","만미정 식당","서울특별시","강북구","서울특별시 강북구솔매로43길96(미아동)","","37.6299344","127.0228654","","","재확인 필요","서비스 이용료의 10% 할인 *강북구 착한가격(모범)가게기 때문에 뭐든지 잘 드실수 있습니다.","동원훈련 이수자, 모범예비군, 복무중인사람","없음 | 혜택기간: 2025-04-16~2027-04-16","동원훈련이수증,모범예비군증,복무확인서","02-983-8884","공공데이터","https://www.mma.go.kr/about/udgg/list.do?mc=mma0003357","2026-08-15","이용 가능","ilwoo-maker","2년 (기간내 변경,해제 신청 없을 시 자동 재연장)"
"음식","강서풍천민물장어","서울특별시","강서구","서울특별시 강서구양천로18길9(방화동)","","37.5729726","126.812989","","","재확인 필요","서비스 이용료의 10% 할인","동원훈련 이수자, 모범예비군, 복무중인사람, 병역명문가","없음 | 혜택기간: 2025-09-25~","동원훈련이수,모범예비군,명문가증,복무확인서","02-2661-1033","공공데이터","https://www.mma.go.kr/about/udgg/list.do?mc=mma0003357","2026-08-15","이용 가능","ilwoo-maker","우대기간: 무기한"
"음식","공항두루치기","서울특별시","강서구","서울특별시 강서구양천로28(방화동)","","37.5722167","126.8065625","","","재확인 필요","서비스 이용료의 10% 할인","동원훈련 이수자, 모범예비군, 복무중인사람, 병역명문가","없음 | 혜택기간: 2025-09-25~","동원훈련이수,모범예비군,명문가증,복무확인서","02-2666-2272","공공데이터","https://www.mma.go.kr/about/udgg/list.do?mc=mma0003357","2026-08-15","이용 가능","ilwoo-maker","우대기간: 무기한"
"음식","김가네 개화산역점","서울특별시","강서구","서울특별시 강서구양천로28(방화동, (벽산에어트리움 C-8호)))","","37.5722167","126.8063625","","","재확인 필요","서비스 이용료의 5% 할인","동원훈련 이수자, 모범예비군, 복무중인사람, 병역명문가","없음 | 혜택기간: 2025-09-25~","동원훈련이수,모범예비군,명문가증,복무확인서","02-2664-2335","공공데이터","https://www.mma.go.kr/about/udgg/list.do?mc=mma0003357","2026-08-15","이용 가능","ilwoo-maker","우대기간: 무기한"
"음식","일품사천불짬뽕","서울특별시","강서구","서울특별시 강서구양천로28(방화동, (벽산에어트리움))","","37.5722167","126.8067625","","","재확인 필요","서비스 이용료의 10% 할인","동원훈련 이수자, 모범예비군, 복무중인사람, 병역명문가","없음 | 혜택기간: 2025-09-08~","동원훈련이수,모범예비군,명문가증,복무확인서","02-2662-6639","공공데이터","https://www.mma.go.kr/about/udgg/list.do?mc=mma0003357","2026-08-15","이용 가능","ilwoo-maker","우대기간: 무기한"
"음식","전주콩나물 해장국&지지미 방화점","서울특별시","강서구","서울특별시 강서구양천로6길28(방화동)","","37.5705336","126.8068242","","","재확인 필요","서비스 이용료의 10% 할인","동원훈련 이수자, 모범예비군, 복무중인사람, 병역명문가","없음 | 혜택기간: 2025-09-23~","동원훈련이수,모범예비군,명문가증,복무확인서","02-2665-8222","공공데이터","https://www.mma.go.kr/about/udgg/list.do?mc=mma0003357","2026-08-15","이용 가능","ilwoo-maker","우대기간: 무기한"
"음식","칼스토랑 방화점","서울특별시","강서구","서울특별시 강서구양천로28(방화동, (b106)))","","37.5722167","126.8064625","","","재확인 필요","서비스 이용료의 10% 할인","동원훈련 이수자, 모범예비군, 복무중인사람, 병역명문가","없음 | 혜택기간: 2025-09-25~","동원훈련이수,모범예비군,명문가증,복무확인서","070-8657-3869","공공데이터","https://www.mma.go.kr/about/udgg/list.do?mc=mma0003357","2026-08-15","이용 가능","ilwoo-maker","우대기간: 무기한"
"음식","포아이니 개화산역점","서울특별시","강서구","서울특별시 강서구양천로28(방화동, (본관동 104호))","","37.5722167","126.8066625","","","재확인 필요","서비스 이용료의 10% 할인","동원훈련 이수자, 모범예비군, 복무중인사람, 병역명문가","없음 | 혜택기간: 2025-09-23~","동원훈련이수, 모범예비군, 명문가증, 복무확인서","02-2665-5599","공공데이터","https://www.mma.go.kr/about/udgg/list.do?mc=mma0003357","2026-08-15","이용 가능","ilwoo-maker","우대기간: 무기한"
"카페","그로우빈스","서울특별시","강서구","서울특별시 강서구양천로18길16(방화동, (1층 101호))","","37.5727689","126.812605","","","재확인 필요","서비스 이용료의 10% 할인 **훈련을 마친 병사는 아메리카노 1잔 증정 (1인 1잔 한정)","동원훈련 이수자, 모범예비군, 복무중인사람, 병역명문가","없음 | 혜택기간: 2024-08-07~","동원훈련이수,모범예비군,명문가증,복무확인서","02-2661-0922","공공데이터","https://www.mma.go.kr/about/udgg/list.do?mc=mma0003357","2026-08-15","이용 가능","ilwoo-maker","우대기간: 무기한"
"카페","밀알카페","서울특별시","강서구","서울특별시 강서구강서로33길16(화곡동, (1층))","","37.5420041","126.8388133","","","재확인 필요","모든 메뉴 한 잔 당 무조건 500원 할인","동원훈련 이수자, 모범예비군, 복무중인사람, 병역명문가","없음 | 혜택기간: 2024-08-16~","동원훈련이수,모범예비군,명문가증,복무확인서","0507-1389-2518","공공데이터","https://www.mma.go.kr/about/udgg/list.do?mc=mma0003357","2026-08-15","이용 가능","ilwoo-maker","우대기간: 무기한"
"미용·뷰티","굿바이브바버샵","서울특별시","광진구","서울특별시 광진구 용마산로21길 27, 1층","","37.5634676","127.0859387","Geocoding API","https://map.naver.com/p/search/%EA%B5%BF%EB%B0%94%EC%9D%B4%EB%B8%8C%EB%B0%94%EB%B2%84%EC%83%B5%20%EC%84%9C%EC%9A%B8%ED%8A%B9%EB%B3%84%EC%8B%9C%20%EA%B4%91%EC%A7%84%EA%B5%AC%20%EC%9A%A9%EB%A7%88%EC%82%B0%EB%A1%9C21%EA%B8%B8%2027","확인 완료","군인·경찰·소방관 할인 제공(할인액 미공개)","군인·경찰·소방관","혜택 변경 가능성이 있어 방문·예약 직전 업소 확인","군인증 또는 관련 신분 확인자료","0507-1474-1258","이용 후기","https://blog.naver.com/wedae1man/223740984350","2026-08-15","확인 필요","ilwoo-maker","2025년 할인 안내와 2026년 현재 네이버플레이스 주소·전화·영업정보를 교차확인"
"미용·뷰티","굿보이즈 바버샵","서울특별시","광진구","서울특별시 광진구 강변역로4길 56, 1층 7호 (구의동, 광진해모로리버뷰)","서울특별시 광진구 구의동 547-7","37.5333472","127.0921658","Geocoding API","https://map.naver.com/p/search/%EA%B5%BF%EB%B3%B4%EC%9D%B4%EC%A6%88%20%EB%B0%94%EB%B2%84%EC%83%B5%20%EC%84%9C%EC%9A%B8%ED%8A%B9%EB%B3%84%EC%8B%9C%20%EA%B4%91%EC%A7%84%EA%B5%AC%20%EA%B0%95%EB%B3%80%EC%97%AD%EB%A1%9C4%EA%B8%B8%2056%20%EA%B4%91%EC%A7%84%ED%95%B4%EB%AA%A8%EB%A1%9C%EB%A6%AC%EB%B2%84%EB%B7%B0","확인 완료","군인·경찰·소방관 상시 5,000원 할인","군인·경찰·소방관","혜택 변경 가능성이 있어 방문·예약 직전 업소 확인","군인증 또는 관련 신분 확인자료","0507-1315-9522","업체 공식 SNS|이용 후기","https://blog.naver.com/pkang00/223797115956|https://blog.naver.com/ymjh313/223771586135","2026-08-15","확인 필요","ilwoo-maker","업소 자체 글과 별도 이용 후기에서 동일한 5,000원 상시 할인 확인"
"미용·뷰티","쵸리","서울특별시","광진구","서울특별시 광진구 뚝섬로51길 57, 1층","","37.5347912","127.0813715","Geocoding API","https://map.naver.com/p/search/%EC%B5%B8%EB%A6%AC%20%EC%84%9C%EC%9A%B8%ED%8A%B9%EB%B3%84%EC%8B%9C%20%EA%B4%91%EC%A7%84%EA%B5%AC%20%EB%9A%9D%EC%84%AC%EB%A1%9C51%EA%B8%B8%2057","확인 완료","군인·경찰·소방관 상시 5,000원 할인(업소 게시 가격 28,000원)","군인·경찰·소방관","혜택 변경 가능성이 있어 방문·예약 직전 업소 확인","군인증 또는 관련 신분 확인자료","0507-1498-8202","업체 공식 SNS","https://blog.naver.com/takeman84/224210331746","2026-08-15","확인 필요","ilwoo-maker","업소 공식 글의 할인 문구와 현재 네이버플레이스 주소·전화·영업정보를 교차확인"
"음식","무한정수제돈까스","서울특별시","광진구","서울특별시 광진구군자로102(군자동, (1층))","","37.5521971","127.0715539","","","재확인 필요","서비스 이용료의 30% 할인","복무중인사람","없음 | 혜택기간: 2025-04-08~2027-04-08","복무확인서","02-469-3122","공공데이터","https://www.mma.go.kr/about/udgg/list.do?mc=mma0003357","2026-08-15","이용 가능","ilwoo-maker","2년 (기간내 변경,해제 신청 없을 시 자동 재연장)"
"음식","탄토탄토","서울특별시","광진구","서울특별시 광진구아차산로33길49(화양동, (2층))","","37.5425095","127.0707414","","","재확인 필요","평일 점심에 한하여 서비스 이용료의 20% 할인","복무중인사람","없음 | 혜택기간: 2025-02-27~","복무확인서","02-2039-2915","공공데이터","https://www.mma.go.kr/about/udgg/list.do?mc=mma0003357","2026-08-15","이용 가능","ilwoo-maker","우대기간: 무기한"
"카페","보드게임카페 레드버튼 건대점","서울특별시","광진구","서울특별시 광진구동일로22길81(화양동)","","37.5415251","127.068812","","","재확인 필요","서비스 이용료의 50% 할인 (평일만 사용가능)","복무중인사람","없음 | 혜택기간: 2025-05-28~","복무확인서","0507-1466-3804","공공데이터","https://www.mma.go.kr/about/udgg/list.do?mc=mma0003357","2026-08-15","이용 가능","ilwoo-maker","우대기간: 무기한"
"카페","9로평상","서울특별시","구로구","서울특별시 구로구 서해안로 2134 (항동)","","37.4821597","126.8260772","Geocoding API","https://map.naver.com/p/search/9%EB%A1%9C%ED%8F%89%EC%83%81%20%EC%84%9C%EC%9A%B8%ED%8A%B9%EB%B3%84%EC%8B%9C%20%EA%B5%AC%EB%A1%9C%EA%B5%AC%20%EC%84%9C%ED%95%B4%EC%95%88%EB%A1%9C%202134","확인 완료","군인 특별가: 음료 5,000원(후기에서 군공무원증 제시 후 복숭아에이드 10,000원→5,000원 적용)","군인","혜택 변경 가능성이 있어 방문·예약 직전 업소 확인","군공무원증 등 군인 신분 확인자료","0507-1402-2382","이용 후기","https://blog.naver.com/27_12_25_wedding/224346593639","2026-08-15","확인 필요","ilwoo-maker","메뉴별 적용 여부는 업소 재확인 권장"
"음식","국수집","서울특별시","동대문구","서울특별시 동대문구한천로14길63(장안동, (1층))","","37.566711","127.06627","","","재확인 필요","서비스 이용료의 10% 할인","동원훈련 이수자, 모범예비군","없음 | 혜택기간: 2025-04-10~2027-04-10","동원훈련이수증,모범예비군증","02-2212-9410","공공데이터","https://www.mma.go.kr/about/udgg/list.do?mc=mma0003357","2026-08-15","이용 가능","ilwoo-maker","1년 (기간내 변경,해제 신청 없을 시 자동 재연장)"
"음식","돈벼락김치삼겹살 장안동본점","서울특별시","동대문구","서울특별시 동대문구장한로26길24(장안동, (1층))","","37.5714899","127.0729639","","","재확인 필요","서비스 이용료의 10% 할인","복무중인사람, 병역명문가","없음 | 혜택기간: 2024-08-07~","복무확인서,병역명문가증","0507-1374-9597","공공데이터","https://www.mma.go.kr/about/udgg/list.do?mc=mma0003357","2026-08-15","이용 가능","ilwoo-maker","우대기간: 무기한"
"카페","서울쉬퐁","서울특별시","동대문구","서울특별시 동대문구한천로63길17(이문동, (1층))","","37.6039396","127.0665311","","","재확인 필요","서비스 이용료의 10% 할인","동원훈련 이수자, 모범예비군, 복무중인사람, 병역명문가","없음 | 혜택기간: 2025-04-11~2027-04-11","동원훈련이수,모범예비군,명문가증,복무확인서","0507-1414-2539","공공데이터","https://www.mma.go.kr/about/udgg/list.do?mc=mma0003357","2026-08-15","이용 가능","ilwoo-maker","1년 (기간내 변경,해제 신청 없을 시 자동 재연장)"
"음식","자연석 돌구이 생삼겹살 한우","서울특별시","동작구","서울특별시 동작구여의대방로202(대방동, 1층)","","37.5047875","126.9225467","","","재확인 필요","서비스이용료(식대) 5% 할인","당해연도 동원훈련 이수자, 모범 예비군","없음 | 혜택기간: 2023-11-20~2026-11-20","동원훈련 이수증, 모범 예비군증","0507-1382-8744","공공데이터","https://www.mma.go.kr/about/udgg/list.do?mc=mma0003357","2026-08-15","이용 가능","ilwoo-maker","1년 (기간내 변경,해제 신청 없을 시 자동 재연장)"
"음식","한제소곱창전골 신대방삼거리역점","서울특별시","동작구","서울특별시 동작구여의대방로22길121- 0(신대방동, 상가동 1층 1444호, 1445호)","","37.498564","126.926095","","","재확인 필요","서비스이용료의 5%할인(주류제외)","동원훈련이수자,모범예비군,복무중인현역병,사회복무요원,전문산업기능요원,병역명문가","없음 | 혜택기간: 2024-02-13~","동원훈련이수증, 모범예비군증, 복무확인서 등","0507-1359-9161","공공데이터","https://www.mma.go.kr/about/udgg/list.do?mc=mma0003357","2026-08-15","이용 가능","ilwoo-maker",""
"카페","에이치플레이스","서울특별시","동작구","서울특별시 동작구여의대방로36길10(대방동, (1층))","","37.5043025","126.9231009","","","재확인 필요","서비스 이용료(음료) 20% 할인","당해연도 동원훈련 이수자, 모범예비군, 복무중인 사람(현역병, 사회복무요원, 전문​∙산업기능요원)","없음 | 혜택기간: 2023-11-10~2026-11-10","동원훈련 이수증, 모범 예비군증, 복무 확인서","0507-1307-6193","공공데이터","https://www.mma.go.kr/about/udgg/list.do?mc=mma0003357","2026-08-15","이용 가능","ilwoo-maker","3년 할인기간 후 재협의 필요"
"카페","카피바라 커피랩","서울특별시","동작구","서울특별시 동작구대방동23길36(대방동, (1층))","","37.5041462","126.9233874","","","재확인 필요","서비스 이용료의 20% 할인","동원훈련 이수자, 모범예비군, 복무중인사람, 병역명문가","없음 | 혜택기간: 2024-09-09~","동원훈련이수,모범예비군,명문가증,복무확인서","0503-5260-9516","공공데이터","https://www.mma.go.kr/about/udgg/list.do?mc=mma0003357","2026-08-15","이용 가능","ilwoo-maker","우대기간: 무기한"
"미용·뷰티","허슬러즈바버샵 홍대","서울특별시","마포구","서울특별시 마포구 와우산로 51-6, 지하 1층","","37.5492912","126.9226741","Geocoding API","https://map.naver.com/p/search/%ED%97%88%EC%8A%AC%EB%9F%AC%EC%A6%88%EB%B0%94%EB%B2%84%EC%83%B5%20%ED%99%8D%EB%8C%80%20%EC%84%9C%EC%9A%B8%ED%8A%B9%EB%B3%84%EC%8B%9C%20%EB%A7%88%ED%8F%AC%EA%B5%AC%20%EC%99%80%EC%9A%B0%EC%82%B0%EB%A1%9C%2051-6","확인 완료","군인 특별가격 제공(할인액 미공개)","군인","혜택 변경 가능성이 있어 방문·예약 직전 업소 확인","군인 신분 확인자료","0507-1322-3286","이용 후기","https://blog.naver.com/dpfls3230-/224336414756","2026-08-15","확인 필요","ilwoo-maker","현재 주소·전화와 군인 특별가격 안내 확인; 정확한 가격은 방문 전 문의"
"카페","연과점 하루","서울특별시","마포구","서울특별시 마포구동교로16길12(서교동, (1층))","","37.5542805","126.9153613","","","재확인 필요","서비스 이용료의 5% 할인","동원훈련 이수자, 모범예비군, 복무중인사람, 병역명문가","없음 | 혜택기간: 2024-12-21~","동원훈련이수,모범예비군,명문가증,복무확인서","0507-1402-7706","공공데이터","https://www.mma.go.kr/about/udgg/list.do?mc=mma0003357","2026-08-15","이용 가능","ilwoo-maker","우대기간: 무기한"
"미용·뷰티","크레올 바버샵","서울특별시","서대문구","서울특별시 서대문구 연희로15길 35 (연희동)","","37.568987","126.9300868","Geocoding API","https://map.naver.com/p/search/%ED%81%AC%EB%A0%88%EC%98%AC%20%EB%B0%94%EB%B2%84%EC%83%B5%20%EC%84%9C%EC%9A%B8%ED%8A%B9%EB%B3%84%EC%8B%9C%20%EC%84%9C%EB%8C%80%EB%AC%B8%EA%B5%AC%20%EC%97%B0%ED%9D%AC%EB%A1%9C15%EA%B8%B8%2035","확인 완료","군인·경찰·소방관 할인 제공(할인액 미공개)","군인·경찰·소방관","혜택 변경 가능성이 있어 방문·예약 직전 업소 확인","군인증 또는 관련 신분 확인자료","070-8657-0265","업체 공식 SNS","https://www.daangn.com/kr/business-post/%EA%B5%B0-%EA%B2%BD-%EC%86%8C%EB%B0%A9-%ED%95%A0%EC%9D%B8%ED%95%98%EA%B3%A0-%EC%9E%88%EC%8A%B5%EB%8B%88%EB%8B%A4-ze2fgwxxivji/","2026-08-15","확인 필요","ilwoo-maker","업소 비즈프로필의 최신 군·경·소방 할인 게시물과 주소·전화·활동 상태 확인"
"미용·뷰티","예가미용실","서울특별시","서초구","서울특별시 서초구남부순환로356길55(양재동, (1층))","","37.4825416","127.0385798","","","재확인 필요","서비스 이용료의 20% 할인 **단골고객(3년이상이용)은 입대 및 전역시 각 1회(총2회) 면제","복무중인사람","없음 | 혜택기간: 2024-09-04~","복무확인서","0507-1372-4844","공공데이터","https://www.mma.go.kr/about/udgg/list.do?mc=mma0003357","2026-08-15","이용 가능","ilwoo-maker","우대기간: 무기한"
"음식","옐로치킨07&바로돈까스","서울특별시","성북구","서울특별시 성북구아리랑로19길48(정릉동, (1츧))","","37.6025432","127.0107407","","","재확인 필요","서비스 이용료의 20% 할인","복무중인사람","없음 | 혜택기간: 2025-04-08~","복무확인서","02-913-2360","공공데이터","https://www.mma.go.kr/about/udgg/list.do?mc=mma0003357","2026-08-15","이용 가능","ilwoo-maker","우대기간: 무기한"
"미용·뷰티","더벙커 맨즈헤어 바버샵 목동본점","서울특별시","양천구","서울특별시 양천구 오목로 337-10, 2층 205호","","37.525195","126.8753456","Geocoding API","https://map.naver.com/p/search/%EB%8D%94%EB%B2%99%EC%BB%A4%20%EB%A7%A8%EC%A6%88%ED%97%A4%EC%96%B4%20%EB%B0%94%EB%B2%84%EC%83%B5%20%EB%AA%A9%EB%8F%99%EB%B3%B8%EC%A0%90%20%EC%84%9C%EC%9A%B8%ED%8A%B9%EB%B3%84%EC%8B%9C%20%EC%96%91%EC%B2%9C%EA%B5%AC%20%EC%98%A4%EB%AA%A9%EB%A1%9C%20337-10%20%EC%86%8C%EB%A7%9D%EB%B9%8C%EB%94%A9","확인 완료","군인·경찰·소방관 할인 커트 36,000원→29,000원","군인·경찰·소방관","혜택 변경 가능성이 있어 방문·예약 직전 업소 확인","군인증 또는 관련 신분 확인자료","0507-1381-0661","이용 후기","https://blog.naver.com/b_0201/224038059722","2026-08-15","확인 필요","ilwoo-maker","주소·전화·일반가와 할인 메뉴를 함께 확인; 적용 조건은 방문 전 문의"
"음식","GTS버거 문래점","서울특별시","영등포구","서울특별시 영등포구문래로151(문래동3가)","","37.5188006","126.8987894","","","재확인 필요","서비스 이용료의 10% 할인 *최소주문금액 : 12,000원 **다른 할인과 중복 적용 불가","동원훈련 이수자, 모범예비군, 복무중인사람, 병역명문가","없음 | 혜택기간: 2024-12-12~","동원훈련이수,모범예비군,명문가증,복무확인서","070-7776-4216","공공데이터","https://www.mma.go.kr/about/udgg/list.do?mc=mma0003357","2026-08-15","이용 가능","ilwoo-maker","우대기간: 무기한"
"음식","다함압구정김밥","서울특별시","영등포구","서울특별시 영등포구여의대방로197(신길동)","","37.5046367","126.9218606","","","재확인 필요","서비스 이용료의 10% 할인","당해연도 동원훈련 이수자, 모범 예비군, 복무중인 사람(현역병, 사회복무요원, 전문​∙산업기능요원)","없음 | 혜택기간: 2023-11-10~2026-11-10","동원훈련 이수증, 모범 예비군증, 복무 확인서","02-831-7185","공공데이터","https://www.mma.go.kr/about/udgg/list.do?mc=mma0003357","2026-08-15","이용 가능","ilwoo-maker","1년 (기간내 변경,해제 신청 없을 시 자동 재연장)"
"음식","문경밥상","서울특별시","영등포구","서울특별시 영등포구여의대방로47라길31(신길동)","","37.5065074","126.921855","","","재확인 필요","서비스(식대)10% 할인","당해연도 동원훈련 이수자, 모범 예비군","없음 | 혜택기간: 2023-11-13~2026-11-13","동원훈련 이수증 및 모범 예비군증","02-842-9436","공공데이터","https://www.mma.go.kr/about/udgg/list.do?mc=mma0003357","2026-08-15","이용 가능","ilwoo-maker","1년 (기간내 변경,해제 신청 없을 시 자동 재연장)"
"음식","미각식당","서울특별시","영등포구","서울특별시 영등포구가마산로89길3(신길동, 1층)","","37.5047875","126.9214233","","","재확인 필요","서비스 이용료의 10% 할인","당해연도 동원훈련 이수자, 모범 예비군","없음 | 혜택기간: 2023-11-10~2026-11-10","동원훈련 이수증, 모범 예비군증","02-822-5822","공공데이터","https://www.mma.go.kr/about/udgg/list.do?mc=mma0003357","2026-08-15","이용 가능","ilwoo-maker","1년 (기간내 변경,해제 신청 없을 시 자동 재연장)"
"카페","마우나커피","서울특별시","영등포구","서울특별시 영등포구여의대방로43길11- 5(신길동, (1층))","","37.505796","126.9214464","","","재확인 필요","서비스 이용료의 10% 할인","동원훈련 이수자, 모범예비군, 복무중인사람, 병역명문가","없음 | 혜택기간: 2024-08-19~","동원훈련이수,모범예비군,명문가증,복무확인서","02-2135-8839","공공데이터","https://www.mma.go.kr/about/udgg/list.do?mc=mma0003357","2026-08-15","이용 가능","ilwoo-maker","우대기간 : 무기한"
"카페","브레드05","서울특별시","영등포구","서울특별시 영등포구여의대방로43나길4(신길동)","","37.5066273","126.9216316","","","재확인 필요","제품 5만원 이상 구입시 사은품 제공","당해연도 동원훈련 이수자, 모범 예비군","제한없음 | 혜택기간: 2023-09-27~","동원훈련 이수증, 모범 예비군증","02-783-0043","공공데이터","https://www.mma.go.kr/about/udgg/list.do?mc=mma0003357","2026-08-15","이용 가능","ilwoo-maker","우대기간: 무기한"
"카페","요거프레소 대방점","서울특별시","영등포구","서울특별시 영등포구가마산로587(신길동)","","37.5044676","126.921579","","","재확인 필요","서비스 이용료의 5% 할인","당해연도 동원훈련 이수자, 모범예비군, 복무중인사람(현역병, 사회복무요원, 전문​∙산업기능요원)","없음 | 혜택기간: 2023-10-10~","동원훈련 이수증, 모범 예비군증, 복무 확인서","02-832-8137","공공데이터","https://www.mma.go.kr/about/udgg/list.do?mc=mma0003357","2026-08-15","이용 가능","ilwoo-maker","우대기간: 무기한"
"카페","카페보니또 영등포1호점","서울특별시","영등포구","서울특별시 영등포구여의대방로203(신길동)","","37.5053854","126.9220173","","","재확인 필요","서비스 이용료 20% 할인","당해연도 동원훈련 이수자, 모범예비군","제한없음 | 혜택기간: 2023-09-26~2026-09-26","동원훈련 이수증, 모범 예비군증","02-833-3773","공공데이터","https://www.mma.go.kr/about/udgg/list.do?mc=mma0003357","2026-08-15","이용 가능","ilwoo-maker","3년 할인기간 후 재협의 필요"
"카페","해군호텔 블랙앤브라운","서울특별시","영등포구","서울특별시 영등포구가마산로538(신길동, 해군호텔 1층)","","37.5029131","126.9154817","","","재확인 필요","서비스 이용료의 5% 할인","당해연도 동원훈련 이수자, 모범예비군","없음 | 혜택기간: 2023-11-01~2026-11-01","동원훈련 이수증, 모범 예비군증","02-831-4700","공공데이터","https://www.mma.go.kr/about/udgg/list.do?mc=mma0003357","2026-08-15","이용 가능","ilwoo-maker","2년 (기간내 변경,해제 신청 없을 시 자동 재연장)"
"숙박","나인트리 프리미어 로카우스 호텔 서울 용산","서울특별시","용산구","서울특별시 용산구 한강대로23길 25","","37.5276406","126.9643494","Geocoding API","https://map.naver.com/p/search/%EB%82%98%EC%9D%B8%ED%8A%B8%EB%A6%AC%20%ED%94%84%EB%A6%AC%EB%AF%B8%EC%96%B4%20%EB%A1%9C%EC%B9%B4%EC%9A%B0%EC%8A%A4%20%ED%98%B8%ED%85%94%20%EC%84%9C%EC%9A%B8%20%EC%9A%A9%EC%82%B0%20%EC%84%9C%EC%9A%B8%ED%8A%B9%EB%B3%84%EC%8B%9C%20%EC%9A%A9%EC%82%B0%EA%B5%AC%20%ED%95%9C%EA%B0%95%EB%8C%80%EB%A1%9C23%EA%B8%B8%2025","확인 완료","군인 할인 제공(할인율·예약 경로·대상 범위는 날짜별로 달라질 수 있어 호텔 문의)","군인","혜택 변경 가능성이 있어 방문·예약 직전 업소 확인","군인 신분 확인자료(예약 전 문의)","","이용 후기","https://www.tripadvisor.co.kr/Hotel_Review-g294197-d25296583-Reviews-Nine_Tree_Premier_ROKAUS_Hotel_Seoul_Yongsan-Seoul.html","2026-08-15","확인 필요","ilwoo-maker","공식 홈페이지에서 할인율은 공개 확인되지 않아 요금·조건 공란 처리"
"음식","아노브 이태원","서울특별시","용산구","서울특별시 용산구이태원로20가길7- 5(이태원동, (1층))","","37.5337213","126.9924236","","","재확인 필요","서비스 이용료의 10% 할인","복무중인사람, 병역명문가","없음 | 혜택기간: 2025-06-05~","복무확인서, 병역명문가증","02-6052-6606","공공데이터","https://www.mma.go.kr/about/udgg/list.do?mc=mma0003357","2026-08-15","이용 가능","ilwoo-maker","우대기간: 무기한"
"음식","피그가든","서울특별시","용산구","서울특별시 용산구한강대로270(남영동)","","37.5423973","126.9730344","","","재확인 필요","서비스 이용료의 10% 할인","동원훈련 이수자, 모범예비군, 복무중인사람, 병역명문가","없음 | 혜택기간: 2025-02-26~","동원훈련이수,모범예비군,명문가증,복무확인서","02-6941-1244","공공데이터","https://www.mma.go.kr/about/udgg/list.do?mc=mma0003357","2026-08-15","이용 가능","ilwoo-maker","우대기간: 무기한"
"미용·뷰티","가위소리","서울특별시","은평구","서울특별시 은평구진관3로21(진관동, (엘크루상가 126호))","","37.6394555","126.9191948","","","재확인 필요","서비스 이용료의 20% 할인","동원훈련 이수자, 모범예비군, 복무중인사람, 병역명문가","없음 | 혜택기간: 2024-08-16~2026-08-16","동원훈련이수,모범예비군,명문가증,복무확인서","02-352-9811","공공데이터","https://www.mma.go.kr/about/udgg/list.do?mc=mma0003357","2026-08-15","확인 필요","ilwoo-maker","1년 (기간내 변경,해제 신청 없을 시 자동 재연장)"
"미용·뷰티","디얼스 이마트은평점","서울특별시","은평구","서울특별시 은평구은평로111(응암동, (이마트 8층 디얼스 미용실))","","37.6008422","126.9205287","","","재확인 필요","서비스 이용료의 30% 할인 *부분시술포함 할인적용, 2명이상 동시 시술시 10% 추가할인","복무중인사람","없음 | 혜택기간: 2024-09-11~2026-09-11","복무확인서","0507-1397-1096","공공데이터","https://www.mma.go.kr/about/udgg/list.do?mc=mma0003357","2026-08-15","이용 가능","ilwoo-maker","1년 (기간내 변경,해제 신청 없을 시 자동 재연장)"
"미용·뷰티","수헤어","서울특별시","은평구","서울특별시 은평구가좌로12길15(신사동, (은평신사 두산위브 2차 상가))","","37.5988251","126.907551","","","재확인 필요","서비스 이용료의 20% 할인","동원훈련 이수자, 모범예비군, 복무중인사람, 병역명문가","없음 | 혜택기간: 2024-09-09~","동원훈련이수,모범예비군,명문가증,복무확인서","02-357-8254","공공데이터","https://www.mma.go.kr/about/udgg/list.do?mc=mma0003357","2026-08-15","이용 가능","ilwoo-maker","우대기간: 무기한"
"미용·뷰티","어반제이슨헤어 연신내점","서울특별시","은평구","서울특별시 은평구통일로885(갈현동)","","37.6220073","126.9195416","","","재확인 필요","서비스 이용료의 20% 할인","동원훈련 이수자, 모범예비군, 복무중인사람, 병역명문가","없음 | 혜택기간: 2024-08-24~2026-08-24","동원훈련이수,모범예비군,명문가증,복무확인서","02-308-3472","공공데이터","https://www.mma.go.kr/about/udgg/list.do?mc=mma0003357","2026-08-15","확인 필요","ilwoo-maker","1년 할인기간 후 재협의 필요"
"미용·뷰티","엘룬헤어","서울특별시","은평구","서울특별시 은평구연서로29길7(갈현동, (2층))","","37.6186804","126.9194113","","","재확인 필요","서비스 이용료의 10% 할인","복무중인사람","없음 | 혜택기간: 2024-08-11~","복무확인서","02-388-7279","공공데이터","https://www.mma.go.kr/about/udgg/list.do?mc=mma0003357","2026-08-15","이용 가능","ilwoo-maker","우대기간 : 무기한"
"음식","솔찬 장칼국수 구파발본점","서울특별시","은평구","서울특별시 은평구북한산로2(진관동, (금호어울림10단지 1028동 1층상가 102호))","","37.6422426","126.9162208","","","재확인 필요","서비스 이용료의 10% 할인","동원훈련 이수자, 모범예비군, 복무중인사람, 병역명문가","없음 | 혜택기간: 2024-09-19~","동원훈련이수,모범예비군,명문가증,복무확인서","0507-1433-1403","공공데이터","https://www.mma.go.kr/about/udgg/list.do?mc=mma0003357","2026-08-15","이용 가능","ilwoo-maker","우대기간: 무기한"
"음식","인생돈카츠 불광본점","서울특별시","은평구","서울특별시 은평구통일로65길12- 10(대조동, (1층))","","37.6097509","126.9295974","","","재확인 필요","서비스 이용료의 10% 할인","복무중인사람","없음 | 혜택기간: 2024-08-23~","복무확인서","0507-1352-3920","공공데이터","https://www.mma.go.kr/about/udgg/list.do?mc=mma0003357","2026-08-15","이용 가능","ilwoo-maker","우대기간: 무기한"
"음식","명동케이갈비","서울특별시","중구","서울특별시 중구명동3길52, 3층 (명동1가)","","37.56395925","126.9833538","","","재확인 필요","대상자 본인에게만 식사금액 10%할인 (주류는 할인 제외, 다른 할인 및 쿠폰과 중복 적용 불가능)","복무중인 사람","없음 | 혜택기간: 2026-07-18~2999-12-31","현역병으로 복무하고 있다는 사실을 증빙할 자료","02-3789-1108","공공데이터","https://www.mma.go.kr/about/udgg/list.do?mc=mma0003357","2026-08-15","이용 가능","ilwoo-maker",""
"음식","횃불식당","경기도","가평군","경기도 가평군가평읍용추로171번길16(가평읍승안리, 횃불식당)","","37.842706","127.4879474","","","재확인 필요","서비스 이용료의 5% 할인","예비군(당해연도 병무청 주관 동원훈련 이수자 및 병무청 모범 예비군 선발자),복무중인 사람,병역명문가","제한없음 | 혜택기간: 2024-08-14~2026-12-31","당해년도 동원훈련이수증, 복무확인서, 병역명문가","031-582-8933","공공데이터","https://www.mma.go.kr/about/udgg/list.do?mc=mma0003357","2026-08-15","이용 가능","ilwoo-maker",""
"카페","플로레카페","경기도","가평군","경기도 가평군청평면에덴벚꽃길39- 1(청평면상천리)","","37.7404063","127.4241436","","","재확인 필요","서비스 이용료의 10% 할인","예비군(당해연도 병무청 주관 동원훈련 이수자 및 병무청 모범 예비군 선발자),복무중인 사람,병역명문가","제한없음 | 혜택기간: 2023-11-23~","당해년도 동원훈련이수증, 복무확인서, 병역명문가","0507-1350-6864","공공데이터","https://www.mma.go.kr/about/udgg/list.do?mc=mma0003357","2026-08-15","이용 가능","ilwoo-maker",""
"음식","송화","경기도","고양시","경기도 고양시 덕양구수역이길25(성사동)","","37.6638412","126.8503272","","","재확인 필요","서비스 이용료의 5% 할인 세부 증빙자료 : 당해연도 동원훈련이수증,모범예비군증,복무확인서,병역명문가증","예비군(당해연도 병무청 주관 동원훈련 이수자 및 병무청 모범 예비군 선발자),복무중인 사람,병역명문가","없음 | 혜택기간: 2025-09-19~","당해연도 동원훈련이수증,모범예비군증,복무확인서","0507-1466-8906","공공데이터","https://www.mma.go.kr/about/udgg/list.do?mc=mma0003357","2026-08-15","이용 가능","ilwoo-maker",""
"카페","달려라행복이 달행이네 과일&음료","경기도","고양시","경기도 고양시 덕양구토당로104번길22- 191층 (토당동)","","37.751116","127.0381594","","","재확인 필요","서비스 이용료의 5% 할인","예비군(당해연도 병무청 주관 동원훈련 이수자 및 병무청 모범 예비군 선발자),복무중인 사람,병역명문가","제한없음 | 혜택기간: 2024-08-14~2026-12-31","당해년도 동원훈련이수증, 복무확인서, 병역명문가","031-994-0418","공공데이터","https://www.mma.go.kr/about/udgg/list.do?mc=mma0003357","2026-08-15","이용 가능","ilwoo-maker",""
"미용·뷰티","순헤어","경기도","과천시","경기도 과천시별양로28B동1069호(원문동, 슈르상가)","","37.420876","126.992337","","","재확인 필요","서비스 이용료의 5% 할인","동원훈련이수자,모범예비군,복무중인현역병,사회복무요원,전문산업기능요원,병역명문가","없음 | 혜택기간: 2024-08-05~","동원훈련이수증,모범예비군증,복무확인서 등","010-9292-1825","공공데이터","https://www.mma.go.kr/about/udgg/list.do?mc=mma0003357","2026-08-15","이용 가능","ilwoo-maker",""
"미용·뷰티","오신우헤어","경기도","과천시","경기도 과천시별양상가2로353동204호(별양동)","","37.424857","126.992504","","","재확인 필요","서비스 이용료의 5% 할인","동원훈련이수자,모범예비군,복무중인현역병,사회복무요원,전문산업기능요원,병역명문가","없음 | 혜택기간: 2024-06-14~","동원훈련이수증,모범예비군증,복무확인서 등","02-504-5177","공공데이터","https://www.mma.go.kr/about/udgg/list.do?mc=mma0003357","2026-08-15","이용 가능","ilwoo-maker",""
"미용·뷰티","자스 아일랜드","경기도","과천시","경기도 과천시별양로28B동1089호1층 (원문동, 건물후면 GS편의점 옆)","","37.4211738","126.9912596","","","재확인 필요","서비스 이용료의 10% 할인","동원훈련이수자,모범예비군,복무중인현역병,사회복무요원,전문산업기능요원,병역명문가","없음 | 혜택기간: 2024-09-19~","동원훈련이수증,모범예비군증,복무확인서,명문가증","02-504-7924","공공데이터","https://www.mma.go.kr/about/udgg/list.do?mc=mma0003357","2026-08-15","이용 가능","ilwoo-maker",""
"음식","만나떡볶이","경기도","과천시","경기도 과천시별양상가2로35118호1층 (별양동)","","37.4254868","126.9918932","","","재확인 필요","서비스 이용료의 10% 할인","동원훈련이수자,모범예비군,복무중인현역병,사회복무요원,전문산업기능요원,병역명문가","없음 | 혜택기간: 2024-08-12~","동원훈련이수증,모범예비군증,복무확인서 등","02-3679-0118","공공데이터","https://www.mma.go.kr/about/udgg/list.do?mc=mma0003357","2026-08-15","이용 가능","ilwoo-maker",""
"음식","메종카소","경기도","과천시","경기도 과천시관문로92A동216호(중앙동)","","37.429605","126.991013","","","재확인 필요","서비스 이용료의 10% 할인","동원훈련이수자,모범예비군,복무중인현역병,사회복무요원,전문산업기능요원,병역명문가","없음 | 혜택기간: 2024-06-05~","동원훈련이수증,모범예비군증,복무확인서 등","0507-1364-4227","공공데이터","https://www.mma.go.kr/about/udgg/list.do?mc=mma0003357","2026-08-15","이용 가능","ilwoo-maker",""
"음식","바른국수 둥이네","경기도","과천시","경기도 과천시별양상가로714호지하1층 (별양동, 벽산빌딩)","","37.428068","126.992932","","","재확인 필요","서비스 이용료의 5% 할인","동원훈련이수자,모범예비군,복무중인현역병,사회복무요원,전문산업기능요원,병역명문가","없음 | 혜택기간: 2024-06-12~","동원훈련이수증,모범예비군증,복무확인서 등","02-3679-1253","공공데이터","https://www.mma.go.kr/about/udgg/list.do?mc=mma0003357","2026-08-15","이용 가능","ilwoo-maker",""
"카페","스톨커피","경기도","과천시","경기도 과천시뒷골2로1(과천동)","","37.45292","127.001957","","","재확인 필요","서비스 이용료의 10% 할인","동원훈련이수자,모범예비군,복무중인현역병,사회복무요원,전문산업기능요원,병역명문가","없음 | 혜택기간: 2024-06-11~","동원훈련이수증,모범예비군증,복무확인서 등","010-2803-2638","공공데이터","https://www.mma.go.kr/about/udgg/list.do?mc=mma0003357","2026-08-15","이용 가능","ilwoo-maker",""
"카페","카페공간","경기도","과천시","경기도 과천시과천대로7길20150호B층 (갈현동, 스마트케이)","","37.4141254","126.979178","","","재확인 필요","서비스 이용료의 5% 할인","동원훈련이수자,모범예비군,복무중인현역병,사회복무요원,전문산업기능요원,병역명문가","없음 | 혜택기간: 2024-09-19~","동원훈련이수증,모범예비군증,복무확인서 등","0507-0284-4457","공공데이터","https://www.mma.go.kr/about/udgg/list.do?mc=mma0003357","2026-08-15","이용 가능","ilwoo-maker",""
"음식","구이대장쪽갈비 광명역점","경기도","광명시","경기도 광명시오리로169(일직동, 1층 구이대장쪽갈비 광명역점)","","37.4183533","126.8793941","","","재확인 필요","서비스 이용료의 10% 할인","복무중인자,모범예비군,동원훈련이수자,명문가","없음 | 혜택기간: 2025-04-02~","명문가증,복무확인서,훈련이수증,모범예비군증","0507-1465-7926","공공데이터","https://www.mma.go.kr/about/udgg/list.do?mc=mma0003357","2026-08-15","이용 가능","ilwoo-maker",""
"음식","만복국수(철산점)","경기도","광명시","경기도 광명시철산로30번길9(철산동, 프라자빌딩 2층)","","37.47560683","126.8701644","","","재확인 필요","3,000원 할인","예비군(당해년도,모범), 복무중인 사람, 병역명문가","없음 | 혜택기간: 2024-07-31~9999-09-01","동원훈련이수증,모범예비군증,복무확인서,명문가증","02-2689-9998","공공데이터","https://www.mma.go.kr/about/udgg/list.do?mc=mma0003357","2026-08-15","이용 가능","ilwoo-maker",""
"숙박","게이트호텔","경기도","파주시","파주시 광탄면 보광로 505","경기도 파주시 광탄면 영장리 42-4","37.753640167","126.910762251","","","재확인 필요","10%할인","파주시 관내 주둔 군 장병 및 사회복무요원","업소별 세부 조건 및 중복할인 여부는 방문 전 확인","군인 또는 사회복무요원 신분 확인자료(방문 전 업소 확인 권장)","031-947-2888","지자체 공식 자료","https://www.paju.go.kr/user/soldier/BD_discountStoreList.do?q_ctgCd=1002","2026-08-15","이용 가능","ilwoo-maker","파주시 실시간 현황에 등재; 2026-01-14 공공데이터 필드로 보강; 원 공공데이터 기준일 2026-01-14"
"음식","두둑한한판","경기도","파주시","파주시 광탄면 보광로 646","경기도 파주시 광탄면 영장리 357-10","37.7641974792","126.9039621459","","","재확인 필요","10%할인","파주시 관내 주둔 군 장병 및 사회복무요원","업소별 세부 조건 및 중복할인 여부는 방문 전 확인","군인 또는 사회복무요원 신분 확인자료(방문 전 업소 확인 권장)","031-949-7646","지자체 공식 자료","https://www.paju.go.kr/user/soldier/BD_discountStoreList.do?q_ctgCd=1001","2026-08-15","이용 가능","ilwoo-maker","파주시 실시간 현황에 등재; 2026-01-14 공공데이터 필드로 보강; 원 공공데이터 기준일 2026-01-14"
"음식","레드브릿지","경기도","파주시","파주시 광탄면 기산로 329","경기도 파주시 광탄면 기산리 449-1","37.7739193904","126.9282001396","","","재확인 필요","10%할인","파주시 관내 주둔 군 장병 및 사회복무요원","업소별 세부 조건 및 중복할인 여부는 방문 전 확인","군인 또는 사회복무요원 신분 확인자료(방문 전 업소 확인 권장)","070-8880-5555","지자체 공식 자료","https://www.paju.go.kr/user/soldier/BD_discountStoreList.do?q_ctgCd=1001","2026-08-15","이용 가능","ilwoo-maker","파주시 실시간 현황에 등재; 2026-01-14 공공데이터 필드로 보강; 원 공공데이터 기준일 2026-01-14"
"음식","숙성사돈 파주광탄점","경기도","파주시","파주시 광탄면 큰여울길 8-1","경기도 파주시 광탄면 신산리 188-97","37.7787288253","126.8492861243","","","재확인 필요","10%이상 서비스제공","파주시 관내 주둔 군 장병 및 사회복무요원","업소별 세부 조건 및 중복할인 여부는 방문 전 확인","군인 또는 사회복무요원 신분 확인자료(방문 전 업소 확인 권장)","070-7817-7818","지자체 공식 자료","https://www.paju.go.kr/user/soldier/BD_discountStoreList.do?q_ctgCd=1001","2026-08-15","이용 가능","ilwoo-maker","파주시 실시간 현황에 등재; 2026-01-14 공공데이터 필드로 보강; 원 공공데이터 기준일 2026-01-14"
"음식","신나는 등갈비 엔 닭발","경기도","파주시","파주시 광탄면 혜음로 1117-1 1층","경기도 파주시 광탄면 신산리 224-12","37.7812384645","126.8477507108","","","재확인 필요","5%할인","파주시 관내 주둔 군 장병 및 사회복무요원","업소별 세부 조건 및 중복할인 여부는 방문 전 확인","군인 또는 사회복무요원 신분 확인자료(방문 전 업소 확인 권장)","031-943-3545","지자체 공식 자료","https://www.paju.go.kr/user/soldier/BD_discountStoreList.do?q_ctgCd=1001","2026-08-15","이용 가능","ilwoo-maker","파주시 실시간 현황에 등재; 2026-01-14 공공데이터 필드로 보강; 원 공공데이터 기준일 2026-01-14"
"음식","엘리스오븐","경기도","파주시","파주시 광탄면 기산로 195 1,2층","경기도 파주시 광탄면 기산리 515-1","37.7753506896","126.9195940762","","","재확인 필요","5%할인","파주시 관내 주둔 군 장병 및 사회복무요원","업소별 세부 조건 및 중복할인 여부는 방문 전 확인","군인 또는 사회복무요원 신분 확인자료(방문 전 업소 확인 권장)","031-942-1432","지자체 공식 자료","https://www.paju.go.kr/user/soldier/BD_discountStoreList.do?q_ctgCd=1001","2026-08-15","이용 가능","ilwoo-maker","파주시 실시간 현황에 등재; 2026-01-14 공공데이터 필드로 보강; 원 공공데이터 기준일 2026-01-14"
"음식","장단콩두부전문점","경기도","파주시","파주시 광탄면 큰여울길 35 1층 일부","경기도 파주시 광탄면 신산리 184-14","37.7798021795","126.848262315","","","재확인 필요","10%할인","파주시 관내 주둔 군 장병 및 사회복무요원","업소별 세부 조건 및 중복할인 여부는 방문 전 확인","군인 또는 사회복무요원 신분 확인자료(방문 전 업소 확인 권장)","031-941-1989","지자체 공식 자료","https://www.paju.go.kr/user/soldier/BD_discountStoreList.do?q_ctgCd=1001","2026-08-15","이용 가능","ilwoo-maker","파주시 실시간 현황에 등재; 2026-01-14 공공데이터 필드로 보강; 원 공공데이터 기준일 2026-01-14"
"음식","풍미진해장국 광탄직영점","경기도","파주시","파주시 광탄면 부흥로 30 B동 1층 전체","경기도 파주시 광탄면 방축리 386-43","37.8078608372","126.852451443","","","재확인 필요","음료수 제공","파주시 관내 주둔 군 장병 및 사회복무요원","업소별 세부 조건 및 중복할인 여부는 방문 전 확인","군인 또는 사회복무요원 신분 확인자료(방문 전 업소 확인 권장)","031-945-1211","지자체 공식 자료","https://www.paju.go.kr/user/soldier/BD_discountStoreList.do?q_ctgCd=1001","2026-08-15","이용 가능","ilwoo-maker","파주시 실시간 현황에 등재; 2026-01-14 공공데이터 필드로 보강; 원 공공데이터 기준일 2026-01-14"
"카페","조아의 하루","경기도","파주시","파주시 광탄면 혜음로 1191 1~2층","","37.7874687","126.8445859","Geocoding API","https://map.naver.com/p/search/%EC%A1%B0%EC%95%84%EC%9D%98%20%ED%95%98%EB%A3%A8%20%EA%B2%BD%EA%B8%B0%EB%8F%84%20%ED%8C%8C%EC%A3%BC%EC%8B%9C%20%EA%B4%91%ED%83%84%EB%A9%B4%20%ED%98%9C%EC%9D%8C%EB%A1%9C%201191","확인 완료","10% 이상 할인 또는 그에 상응하는 서비스(업소별 상세는 사전 확인)","파주시 관내 주둔 군 장병 및 사회복무요원","업소별 세부 조건 및 중복할인 여부는 방문 전 확인","군인 또는 사회복무요원 신분 확인자료(방문 전 업소 확인 권장)","031-944-1191","지자체 공식 자료","https://www.paju.go.kr/user/soldier/BD_discountStoreList.do?q_ctgCd=1001","2026-08-15","이용 가능","ilwoo-maker","파주시 실시간 공식 현황 신규/변경 행; 상세 할인은 공통 사업기준; 원 공공데이터 기준일 2026-08-15"
"카페","카페바스","경기도","파주시","파주시 광탄면 왕수물길 4 광천목욕탕 1층 일부","경기도 파주시 광탄면 신산리 376-13","37.7808339957","126.8469649879","","","재확인 필요","20%할인","파주시 관내 주둔 군 장병 및 사회복무요원","업소별 세부 조건 및 중복할인 여부는 방문 전 확인","군인 또는 사회복무요원 신분 확인자료(방문 전 업소 확인 권장)","0507-1329-3073","지자체 공식 자료","https://www.paju.go.kr/user/soldier/BD_discountStoreList.do?q_ctgCd=1001","2026-08-15","이용 가능","ilwoo-maker","파주시 실시간 현황에 등재; 2026-01-14 공공데이터 필드로 보강; 원 공공데이터 기준일 2026-01-14"
"음식","민바리매운탕","경기도","파주시","파주시 쌀뚜기길 44-42 (문발동)","경기도 파주시 문발동 223-5","37.7230209609","126.6963873921","","","재확인 필요","5%할인","파주시 관내 주둔 군 장병 및 사회복무요원","업소별 세부 조건 및 중복할인 여부는 방문 전 확인","군인 또는 사회복무요원 신분 확인자료(방문 전 업소 확인 권장)","031-949-8266","지자체 공식 자료","https://www.paju.go.kr/user/soldier/BD_discountStoreList.do?q_ctgCd=1001","2026-08-15","이용 가능","ilwoo-maker","파주시 실시간 현황에 등재; 2026-01-14 공공데이터 필드로 보강; 원 공공데이터 기준일 2026-01-14"
"음식","여명양평해장국","경기도","파주시","파주시 지목로 65 (신촌동)","경기도 파주시 신촌동 70-16","37.726571373","126.6990443559","","","재확인 필요","10%할인","파주시 관내 주둔 군 장병 및 사회복무요원","업소별 세부 조건 및 중복할인 여부는 방문 전 확인","군인 또는 사회복무요원 신분 확인자료(방문 전 업소 확인 권장)","031-946-8001","지자체 공식 자료","https://www.paju.go.kr/user/soldier/BD_discountStoreList.do?q_ctgCd=1001","2026-08-15","이용 가능","ilwoo-maker","파주시 실시간 현황에 등재; 2026-01-14 공공데이터 필드로 보강; 원 공공데이터 기준일 2026-01-14"
"음식","해울한정식","경기도","파주시","파주시 지목로 65 (신촌동)","경기도 파주시 신촌동 70-16","37.726571373","126.6990443559","","","재확인 필요","10%할인","파주시 관내 주둔 군 장병 및 사회복무요원","업소별 세부 조건 및 중복할인 여부는 방문 전 확인","군인 또는 사회복무요원 신분 확인자료(방문 전 업소 확인 권장)","031-949-9939","지자체 공식 자료","https://www.paju.go.kr/user/soldier/BD_discountStoreList.do?q_ctgCd=1001","2026-08-15","이용 가능","ilwoo-maker","파주시 실시간 현황에 등재; 2026-01-14 공공데이터 필드로 보강; 원 공공데이터 기준일 2026-01-14"
"카페","아레볼","경기도","파주시","파주시 소라지로 309-12 (송촌동)","경기도 파주시 송촌동 647-1","37.7495378368","126.6886448517","","","재확인 필요","10%할인","파주시 관내 주둔 군 장병 및 사회복무요원","업소별 세부 조건 및 중복할인 여부는 방문 전 확인","군인 또는 사회복무요원 신분 확인자료(방문 전 업소 확인 권장)","031-949-5678","지자체 공식 자료","https://www.paju.go.kr/user/soldier/BD_discountStoreList.do?q_ctgCd=1001","2026-08-15","이용 가능","ilwoo-maker","파주시 실시간 현황에 등재; 2026-01-14 공공데이터 필드로 보강; 원 공공데이터 기준일 2026-01-14"
"미용·뷰티","준하헤어","경기도","군포시","경기도 군포시대야1로8102호(대야미동)","","37.327061","126.918442","","","재확인 필요","서비스 이용료의 20% 할인","동원훈련이수자,모범예비군,복무중인현역병,사회복무요원,전문산업기능요원,병역명문가","없음 | 혜택기간: 2024-07-11~","동원훈련이수증,모범예비군증,복무확인서 등","0507-1365-7880","공공데이터","https://www.mma.go.kr/about/udgg/list.do?mc=mma0003357","2026-08-15","이용 가능","ilwoo-maker",""
"음식","궁안골","경기도","군포시","경기도 군포시수리산로191- 0(산본동, 해아름빌리지)","","37.365086","126.9209674","","","재확인 필요","별도 우대(음료수 제공 서비스)","동원훈련이수자,모범예비군,복무중인현역병,사회복무요원,전문산업기능요원,병역명문가","없음 | 혜택기간: 2024-09-19~","동원훈련이수증,모범예비군증,복무확인서 등","031-398-4667","공공데이터","https://www.mma.go.kr/about/udgg/list.do?mc=mma0003357","2026-08-15","이용 가능","ilwoo-maker",""
"음식","남궁가 족발","경기도","군포시","경기도 군포시대야1로22- 2(대야미동)","","37.327487","126.917483","","","재확인 필요","서비스 이용료의 5% 할인","동원훈련이수자,모범예비군,복무중인현역병,사회복무요원,전문산업기능요원,병역명문가","없음 | 혜택기간: 2024-06-05~","동원훈련이수증,모범예비군증,복무확인서 등","031-422-2227","공공데이터","https://www.mma.go.kr/about/udgg/list.do?mc=mma0003357","2026-08-15","이용 가능","ilwoo-maker",""
"음식","선한 게장","경기도","군포시","경기도 군포시산본로431번안길3- 7(산본동)","","37.3672775","126.9262502","","","재확인 필요","서비스 이용료의 5%할인","동원훈련이수자,모범예비군,복무중인현역병,사회복무요원,전문산업기능요원,병역명문가","없음 | 혜택기간: 2024-09-19~","동원훈련이수증,모범예비군증,복무확인서 등","010-8988-8676","공공데이터","https://www.mma.go.kr/about/udgg/list.do?mc=mma0003357","2026-08-15","이용 가능","ilwoo-maker",""
"음식","천하수산","경기도","군포시","경기도 군포시대야1로15- 3(대야미동)","","37.326859","126.917748","","","재확인 필요","오만원 이상 결제시 멍게, 해삼 서비스 육만원 이상 결제시 멍게, 해삼 서비스 칠만원 이상 결제시 멍게, 해삼, 낙지 서비스","동원훈련이수자,모범예비군,복무중인현역병,사회복무요원,전문산업기능요원,병역명문가","없음 | 혜택기간: 2024-06-05~","동원훈련이수증,모범예비군증,복무확인서 등","031-438-0304","공공데이터","https://www.mma.go.kr/about/udgg/list.do?mc=mma0003357","2026-08-15","이용 가능","ilwoo-maker",""
"카페","구름상상(산본점)","경기도","군포시","경기도 군포시산본천로199- 5(산본동)","","37.370768","126.939422","","","재확인 필요","서비스 이용료의 5% 할인","동원훈련이수자,모범예비군,복무중인현역병,사회복무요원,전문산업기능요원,병역명문가","없음 | 혜택기간: 2024-06-05~","동원훈련이수증,모범예비군증,복무확인서 등","010-5395-8477","공공데이터","https://www.mma.go.kr/about/udgg/list.do?mc=mma0003357","2026-08-15","이용 가능","ilwoo-maker",""
"카페","문이네 카페","경기도","군포시","경기도 군포시수리산로203번안길40103,104호(산본동)","","37.3674275","126.926006","","","재확인 필요","서비스 이용료의 5% 할인","동원훈련이수자,모범예비군,복무중인현역병,사회복무요원,전문산업기능요원,병역명문가","없음 | 혜택기간: 2024-09-19~","동원훈련이수증,모범예비군증,복무확인서 등","0507-1423-2780","공공데이터","https://www.mma.go.kr/about/udgg/list.do?mc=mma0003357","2026-08-15","이용 가능","ilwoo-maker",""
"카페","야미커피","경기도","군포시","경기도 군포시대야1로6번길22- 2103호(대야미동)","","37.327487","126.917483","","","재확인 필요","서비스 이용료의 10% 할인","동원훈련이수자,모범예비군,복무중인현역병,사회복무요원,전문산업기능요원,병역명문가","없음 | 혜택기간: 2024-06-05~","동원훈련이수증,모범예비군증,복무확인서 등","010-9348-3927","공공데이터","https://www.mma.go.kr/about/udgg/list.do?mc=mma0003357","2026-08-15","이용 가능","ilwoo-maker",""
"카페","카카오가든","경기도","군포시","경기도 군포시대야1로192층 (대야미동)","","37.327147","126.917394","","","재확인 필요","서비스 이용료의 10% 할인","동원훈련이수자,모범예비군,복무중인현역병,사회복무요원,전문산업기능요원,병역명문가","없음 | 혜택기간: 2024-06-11~","동원훈련이수증,모범예비군증,복무확인서 등","0507-1398-9434","공공데이터","https://www.mma.go.kr/about/udgg/list.do?mc=mma0003357","2026-08-15","이용 가능","ilwoo-maker",""
"미용·뷰티","금헤어","경기도","파주시","파주시 금정4길 16 (금촌동)","경기도 파주시 금촌동 786-11","37.7566044283","126.7772154948","","","재확인 필요","10%할인","파주시 관내 주둔 군 장병 및 사회복무요원","업소별 세부 조건 및 중복할인 여부는 방문 전 확인","군인 또는 사회복무요원 신분 확인자료(방문 전 업소 확인 권장)","031-944-5695","지자체 공식 자료","https://www.paju.go.kr/user/soldier/BD_discountStoreList.do?q_ctgCd=1004","2026-08-15","이용 가능","ilwoo-maker","파주시 실시간 현황에 등재; 2026-01-14 공공데이터 필드로 보강; 원 공공데이터 기준일 2026-01-14"
"미용·뷰티","이브 헤어샵","경기도","파주시","파주시 금정14길 35 (아동동)","경기도 파주시 아동동 334-4","37.7606061753","126.7765131641","","","재확인 필요","20%할인","파주시 관내 주둔 군 장병 및 사회복무요원","업소별 세부 조건 및 중복할인 여부는 방문 전 확인","군인 또는 사회복무요원 신분 확인자료(방문 전 업소 확인 권장)","031-941-1235","지자체 공식 자료","https://www.paju.go.kr/user/soldier/BD_discountStoreList.do?q_ctgCd=1004","2026-08-15","이용 가능","ilwoo-maker","파주시 실시간 현황에 등재; 2026-01-14 공공데이터 필드로 보강; 원 공공데이터 기준일 2026-01-14"
"미용·뷰티","이정호 모델헤어","경기도","파주시","파주시 중앙로 318-1 (금촌동)","경기도 파주시 금촌동 44-21","37.7640668727","126.7748583907","","","재확인 필요","10%이상 할인(컷트 17000원→15000원)","파주시 관내 주둔 군 장병 및 사회복무요원","업소별 세부 조건 및 중복할인 여부는 방문 전 확인","군인 또는 사회복무요원 신분 확인자료(방문 전 업소 확인 권장)","031-948-9439","지자체 공식 자료","https://www.paju.go.kr/user/soldier/BD_discountStoreList.do?q_ctgCd=1004","2026-08-15","이용 가능","ilwoo-maker","파주시 실시간 현황에 등재; 2026-01-14 공공데이터 필드로 보강; 원 공공데이터 기준일 2026-01-14"
"미용·뷰티","헤어그린","경기도","파주시","파주시 새꽃로 208 (아동동)","경기도 파주시 아동동 356-2","37.7656719111","126.7756464988","","","재확인 필요","10%할인","파주시 관내 주둔 군 장병 및 사회복무요원","업소별 세부 조건 및 중복할인 여부는 방문 전 확인","군인 또는 사회복무요원 신분 확인자료(방문 전 업소 확인 권장)","031-943-6825","지자체 공식 자료","https://www.paju.go.kr/user/soldier/BD_discountStoreList.do?q_ctgCd=1004","2026-08-15","이용 가능","ilwoo-maker","파주시 실시간 현황에 등재; 2026-01-14 공공데이터 필드로 보강; 원 공공데이터 기준일 2026-01-14"
"숙박","성심모텔","경기도","파주시","파주시 아동로 4-3 (금촌동)","경기도 파주시 금촌동 51-37","37.7637740874","126.7754869904","","","재확인 필요","10%할인","파주시 관내 주둔 군 장병 및 사회복무요원","업소별 세부 조건 및 중복할인 여부는 방문 전 확인","군인 또는 사회복무요원 신분 확인자료(방문 전 업소 확인 권장)","031-949-8644","지자체 공식 자료","https://www.paju.go.kr/user/soldier/BD_discountStoreList.do?q_ctgCd=1002","2026-08-15","이용 가능","ilwoo-maker","파주시 실시간 현황에 등재; 2026-01-14 공공데이터 필드로 보강; 원 공공데이터 기준일 2026-01-14"
"숙박","테마모텔","경기도","파주시","파주시 중앙로 272 (금촌동)","경기도 파주시 금촌동 768-14","37.7603522554","126.777593734","","","재확인 필요","10%할인","파주시 관내 주둔 군 장병 및 사회복무요원","업소별 세부 조건 및 중복할인 여부는 방문 전 확인","군인 또는 사회복무요원 신분 확인자료(방문 전 업소 확인 권장)","031-944-5986","지자체 공식 자료","https://www.paju.go.kr/user/soldier/BD_discountStoreList.do?q_ctgCd=1002","2026-08-15","이용 가능","ilwoo-maker","파주시 실시간 현황에 등재; 2026-01-14 공공데이터 필드로 보강; 원 공공데이터 기준일 2026-01-14"
"음식","덕성원","경기도","파주시","파주시 명동길 43 (금촌동)","경기도 파주시 금촌동 323-10","37.7631137387","126.7728840778","","","재확인 필요","음료수 제공 또는 5%할인","파주시 관내 주둔 군 장병 및 사회복무요원","업소별 세부 조건 및 중복할인 여부는 방문 전 확인","군인 또는 사회복무요원 신분 확인자료(방문 전 업소 확인 권장)","031-941-2226","지자체 공식 자료","https://www.paju.go.kr/user/soldier/BD_discountStoreList.do?q_ctgCd=1001","2026-08-15","이용 가능","ilwoo-maker","파주시 실시간 현황에 등재; 2026-01-14 공공데이터 필드로 보강; 원 공공데이터 기준일 2026-01-14"
"음식","미몽 파주금촌점","경기도","파주시","파주시 동산8길 39 (금촌동)","경기도 파주시 금촌동 945-33","37.7579932672","126.7723132633","","","재확인 필요","10%할인","파주시 관내 주둔 군 장병 및 사회복무요원","업소별 세부 조건 및 중복할인 여부는 방문 전 확인","군인 또는 사회복무요원 신분 확인자료(방문 전 업소 확인 권장)","031-937-8212","지자체 공식 자료","https://www.paju.go.kr/user/soldier/BD_discountStoreList.do?q_ctgCd=1001","2026-08-15","이용 가능","ilwoo-maker","파주시 실시간 현황에 등재; 2026-01-14 공공데이터 필드로 보강; 원 공공데이터 기준일 2026-01-14"
"음식","바삭옛날통닭","경기도","파주시","파주시 새꽃로 25 (금촌동) 103호","","37.752189","126.7683851","Geocoding API","https://map.naver.com/p/search/%EB%B0%94%EC%82%AD%EC%98%9B%EB%82%A0%ED%86%B5%EB%8B%AD%20%EA%B2%BD%EA%B8%B0%EB%8F%84%20%ED%8C%8C%EC%A3%BC%EC%8B%9C%20%EC%83%88%EA%BD%83%EB%A1%9C%2025%20%EB%A1%9C%EC%96%84%ED%94%84%EB%9D%BC%EC%9E%90","확인 완료","10% 이상 할인 또는 그에 상응하는 서비스(업소별 상세는 사전 확인)","파주시 관내 주둔 군 장병 및 사회복무요원","업소별 세부 조건 및 중복할인 여부는 방문 전 확인","군인 또는 사회복무요원 신분 확인자료(방문 전 업소 확인 권장)","031-942-9949","지자체 공식 자료","https://www.paju.go.kr/user/soldier/BD_discountStoreList.do?q_ctgCd=1001","2026-08-15","이용 가능","ilwoo-maker","파주시 실시간 공식 현황 신규/변경 행; 상세 할인은 공통 사업기준; 원 공공데이터 기준일 2026-08-15"
"음식","소담촌","경기도","파주시","파주시 후곡로 19 (금촌동) 3층 전부","경기도 파주시 금촌동 953-5","37.755745083","126.7739012362","","","재확인 필요","음료수 제공","파주시 관내 주둔 군 장병 및 사회복무요원","업소별 세부 조건 및 중복할인 여부는 방문 전 확인","군인 또는 사회복무요원 신분 확인자료(방문 전 업소 확인 권장)","031-944-8698","지자체 공식 자료","https://www.paju.go.kr/user/soldier/BD_discountStoreList.do?q_ctgCd=1001","2026-08-15","이용 가능","ilwoo-maker","파주시 실시간 현황에 등재; 2026-01-14 공공데이터 필드로 보강; 원 공공데이터 기준일 2026-01-14"
"음식","여명 양평해장국","경기도","파주시","파주시 번영로 36 (금촌동)","경기도 파주시 금촌동 942-11","37.7578969172","126.7693290127","","","재확인 필요","10%할인","파주시 관내 주둔 군 장병 및 사회복무요원","업소별 세부 조건 및 중복할인 여부는 방문 전 확인","군인 또는 사회복무요원 신분 확인자료(방문 전 업소 확인 권장)","031-946-8001","지자체 공식 자료","https://www.paju.go.kr/user/soldier/BD_discountStoreList.do?q_ctgCd=1001","2026-08-15","이용 가능","ilwoo-maker","파주시 실시간 현황에 등재; 2026-01-14 공공데이터 필드로 보강; 원 공공데이터 기준일 2026-01-14"
"음식","왔다삼겹살","경기도","파주시","파주시 원앙길 26 (금촌동)","경기도 파주시 금촌동 41-1","37.7650139221","126.7758279169","","","재확인 필요","음료수 제공","파주시 관내 주둔 군 장병 및 사회복무요원","업소별 세부 조건 및 중복할인 여부는 방문 전 확인","군인 또는 사회복무요원 신분 확인자료(방문 전 업소 확인 권장)","031-944-9254","지자체 공식 자료","https://www.paju.go.kr/user/soldier/BD_discountStoreList.do?q_ctgCd=1001","2026-08-15","이용 가능","ilwoo-maker","파주시 실시간 현황에 등재; 2026-01-14 공공데이터 필드로 보강; 원 공공데이터 기준일 2026-01-14"
"음식","이승옥 냉 돈돼지","경기도","파주시","파주시 평화로 8 (금촌동)","경기도 파주시 금촌동 946-20","37.7587148024","126.7732232209","","","재확인 필요","10%할인","파주시 관내 주둔 군 장병 및 사회복무요원","업소별 세부 조건 및 중복할인 여부는 방문 전 확인","군인 또는 사회복무요원 신분 확인자료(방문 전 업소 확인 권장)","","지자체 공식 자료","https://www.paju.go.kr/user/soldier/BD_discountStoreList.do?q_ctgCd=1001","2026-08-15","이용 가능","ilwoo-maker","파주시 실시간 현황에 등재; 2026-01-14 공공데이터 필드로 보강; 원 공공데이터 기준일 2026-01-14"
"음식","중국성","경기도","파주시","파주시 아동로 13 (금촌동)","경기도 파주시 금촌동 42-1","37.7647723105","126.7762213262","","","재확인 필요","1000원 할인","파주시 관내 주둔 군 장병 및 사회복무요원","업소별 세부 조건 및 중복할인 여부는 방문 전 확인","군인 또는 사회복무요원 신분 확인자료(방문 전 업소 확인 권장)","031-946-7983","지자체 공식 자료","https://www.paju.go.kr/user/soldier/BD_discountStoreList.do?q_ctgCd=1001","2026-08-15","이용 가능","ilwoo-maker","파주시 실시간 현황에 등재; 2026-01-14 공공데이터 필드로 보강; 원 공공데이터 기준일 2026-01-14"
"카페","커피에반하다(금촌역점)","경기도","파주시","파주시 새꽃로 200 (금촌동) 1층","경기도 파주시 금촌동 329-223","37.7653013325","126.7747898445","","","재확인 필요","마카롱 제공","파주시 관내 주둔 군 장병 및 사회복무요원","업소별 세부 조건 및 중복할인 여부는 방문 전 확인","군인 또는 사회복무요원 신분 확인자료(방문 전 업소 확인 권장)","031-945-4145","지자체 공식 자료","https://www.paju.go.kr/user/soldier/BD_discountStoreList.do?q_ctgCd=1001","2026-08-15","이용 가능","ilwoo-maker","파주시 실시간 현황에 등재; 2026-01-14 공공데이터 필드로 보강; 원 공공데이터 기준일 2026-01-14"
"음식","미술관속 족발집","경기도","파주시","파주시 한마음1길 43 (금촌동) 2층","경기도 파주시 금촌동 960-7","37.7573146752","126.7706943956","","","재확인 필요","10%할인","파주시 관내 주둔 군 장병 및 사회복무요원","업소별 세부 조건 및 중복할인 여부는 방문 전 확인","군인 또는 사회복무요원 신분 확인자료(방문 전 업소 확인 권장)","031-949-2345","지자체 공식 자료","https://www.paju.go.kr/user/soldier/BD_discountStoreList.do?q_ctgCd=1001","2026-08-15","이용 가능","ilwoo-maker","파주시 실시간 현황에 등재; 2026-01-14 공공데이터 필드로 보강; 원 공공데이터 기준일 2026-01-14"
"음식","소스와 꼬꼬","경기도","파주시","파주시 한마음1길 40 (금촌동)","경기도 파주시 금촌동 959-11","37.7572990842","126.771062913","","","재확인 필요","5%할인","파주시 관내 주둔 군 장병 및 사회복무요원","업소별 세부 조건 및 중복할인 여부는 방문 전 확인","군인 또는 사회복무요원 신분 확인자료(방문 전 업소 확인 권장)","031-948-5527","지자체 공식 자료","https://www.paju.go.kr/user/soldier/BD_discountStoreList.do?q_ctgCd=1001","2026-08-15","이용 가능","ilwoo-maker","파주시 실시간 현황에 등재; 2026-01-14 공공데이터 필드로 보강; 원 공공데이터 기준일 2026-01-14"
"음식","할머니가래떡볶이(금촌점)","경기도","파주시","파주시 한마음1길 9 (금촌동) 광성프라자 105호","경기도 파주시 금촌동 246-23","37.7557078877","126.7705984734","","","재확인 필요","음료수 제공","파주시 관내 주둔 군 장병 및 사회복무요원","업소별 세부 조건 및 중복할인 여부는 방문 전 확인","군인 또는 사회복무요원 신분 확인자료(방문 전 업소 확인 권장)","031-944-9920","지자체 공식 자료","https://www.paju.go.kr/user/soldier/BD_discountStoreList.do?q_ctgCd=1001","2026-08-15","이용 가능","ilwoo-maker","파주시 실시간 현황에 등재; 2026-01-14 공공데이터 필드로 보강; 원 공공데이터 기준일 2026-01-14"
"음식","일품양평해장국 파주검산점","경기도","파주시","파주시 평화로 330 (검산동)","경기도 파주시 검산동 135-11","37.7727583399","126.7458659391","","","재확인 필요","10%할인","파주시 관내 주둔 군 장병 및 사회복무요원","업소별 세부 조건 및 중복할인 여부는 방문 전 확인","군인 또는 사회복무요원 신분 확인자료(방문 전 업소 확인 권장)","031-944-4866","지자체 공식 자료","https://www.paju.go.kr/user/soldier/BD_discountStoreList.do?q_ctgCd=1001","2026-08-15","이용 가능","ilwoo-maker","파주시 실시간 현황에 등재; 2026-01-14 공공데이터 필드로 보강; 원 공공데이터 기준일 2026-01-14"
"음식","파주새말육심","경기도","파주시","파주시 정담길 41 (아동동) 1층","","37.7699665","126.7768771","Geocoding API","https://map.naver.com/p/search/%ED%8C%8C%EC%A3%BC%EC%83%88%EB%A7%90%EC%9C%A1%EC%8B%AC%20%EA%B2%BD%EA%B8%B0%EB%8F%84%20%ED%8C%8C%EC%A3%BC%EC%8B%9C%20%EC%A0%95%EB%8B%B4%EA%B8%B8%2041%20%EC%98%81%EC%B0%BD%EB%B9%8C%EB%94%A9","확인 완료","10% 이상 할인 또는 그에 상응하는 서비스(업소별 상세는 사전 확인)","파주시 관내 주둔 군 장병 및 사회복무요원","업소별 세부 조건 및 중복할인 여부는 방문 전 확인","군인 또는 사회복무요원 신분 확인자료(방문 전 업소 확인 권장)","031-946-8895","지자체 공식 자료","https://www.paju.go.kr/user/soldier/BD_discountStoreList.do?q_ctgCd=1001","2026-08-15","이용 가능","ilwoo-maker","파주시 실시간 공식 현황 신규/변경 행; 상세 할인은 공통 사업기준; 원 공공데이터 기준일 2026-08-15"
"미용·뷰티","수민헤어","경기도","김포시","경기도 김포시통진읍조강로98(통진읍서암리, 1층)","","37.6929395","126.5959984","","","재확인 필요","서비스 이용료의 약30%할인 기타우대사항: 남자컷15,000원->10,000원, 일반남자컷보다 5,000원할인","예비군(당해년도,모범), 복무중인 사람, 병역명문가","없음 | 혜택기간: 2024-09-26~","동원훈련이수증,모범예비군증,복무확인서,명문가증","031-983-2510","공공데이터","https://www.mma.go.kr/about/udgg/list.do?mc=mma0003357","2026-08-15","이용 가능","ilwoo-maker",""
"미용·뷰티","개성연출","경기도","동두천시","경기도 동두천시 정장로31-12, 1층(생연동)","","37.9047658","127.054556","Geocoding API","https://map.naver.com/p/search/%EA%B0%9C%EC%84%B1%EC%97%B0%EC%B6%9C%20%EA%B2%BD%EA%B8%B0%EB%8F%84%20%EB%8F%99%EB%91%90%EC%B2%9C%EC%8B%9C%20%EC%A0%95%EC%9E%A5%EB%A1%9C%2031-12","확인 완료","커트 2,000원","군 장병","업소별 할인율·적용 품목·중복 할인 여부는 방문 전 문의","군인 신분 확인자료(방문 전 문의)","031-863-4570","지자체 공식 자료","https://www.ddc.go.kr/ddc/contents.do?key=1570","2026-08-15","이용 가능","ilwoo-maker","사용자 제공 확장 파일 중 동두천시 공식 출처 행을 정규화"
"미용·뷰티","고미나 헤어모드","경기도","동두천시","경기도 동두천시 동광로75-1(생연동)","","37.9089353","127.0566985","Geocoding API","https://map.naver.com/p/search/%EA%B3%A0%EB%AF%B8%EB%82%98%20%ED%97%A4%EC%96%B4%EB%AA%A8%EB%93%9C%20%EA%B2%BD%EA%B8%B0%EB%8F%84%20%EB%8F%99%EB%91%90%EC%B2%9C%EC%8B%9C%20%EB%8F%99%EA%B4%91%EB%A1%9C%2075-1","확인 완료","커트 2,000원","군 장병","업소별 할인율·적용 품목·중복 할인 여부는 방문 전 문의","군인 신분 확인자료(방문 전 문의)","031-862-4203","지자체 공식 자료","https://www.ddc.go.kr/ddc/contents.do?key=1570","2026-08-15","이용 가능","ilwoo-maker","사용자 제공 확장 파일 중 동두천시 공식 출처 행을 정규화"
"미용·뷰티","김희정헤어샵","경기도","동두천시","경기도 동두천시 지행로65, 2층(지행동)","","37.8926766","127.0544782","Geocoding API","https://map.naver.com/p/search/%EA%B9%80%ED%9D%AC%EC%A0%95%ED%97%A4%EC%96%B4%EC%83%B5%20%EA%B2%BD%EA%B8%B0%EB%8F%84%20%EB%8F%99%EB%91%90%EC%B2%9C%EC%8B%9C%20%EC%A7%80%ED%96%89%EB%A1%9C%2065%20%EB%8F%99%ED%98%84%EB%B9%8C%EB%94%A9","확인 완료","커트 10%","군 장병","업소별 할인율·적용 품목·중복 할인 여부는 방문 전 문의","군인 신분 확인자료(방문 전 문의)","0507-1427-5681","지자체 공식 자료","https://www.ddc.go.kr/ddc/contents.do?key=1570","2026-08-15","이용 가능","ilwoo-maker","사용자 제공 확장 파일 중 동두천시 공식 출처 행을 정규화"
"미용·뷰티","까미헤어","경기도","동두천시","경기도 동두천시 평화로2261번길 52(지행동)","","37.8915973","127.0565646","Geocoding API","https://map.naver.com/p/search/%EA%B9%8C%EB%AF%B8%ED%97%A4%EC%96%B4%20%EA%B2%BD%EA%B8%B0%EB%8F%84%20%EB%8F%99%EB%91%90%EC%B2%9C%EC%8B%9C%20%ED%8F%89%ED%99%94%EB%A1%9C2261%EB%B2%88%EA%B8%B8%2052","확인 완료","커트 5,000원","군 장병","업소별 할인율·적용 품목·중복 할인 여부는 방문 전 문의","군인 신분 확인자료(방문 전 문의)","031-859-4600","지자체 공식 자료","https://www.ddc.go.kr/ddc/contents.do?key=1570","2026-08-15","이용 가능","ilwoo-maker","사용자 제공 확장 파일 중 동두천시 공식 출처 행을 정규화"
"미용·뷰티","노블헤어","경기도","동두천시","경기도 동두천시 거북마루로45, 상가동 202호(생연동)","","37.8974429","127.0509186","Geocoding API","https://map.naver.com/p/search/%EB%85%B8%EB%B8%94%ED%97%A4%EC%96%B4%20%EA%B2%BD%EA%B8%B0%EB%8F%84%20%EB%8F%99%EB%91%90%EC%B2%9C%EC%8B%9C%20%EA%B1%B0%EB%B6%81%EB%A7%88%EB%A3%A8%EB%A1%9C%2045%20%EB%8F%99%EB%91%90%EC%B2%9C%20%EB%8C%80%EB%B0%A9%20%EB%85%B8%EB%B8%94%EB%9E%9C%EB%93%9C%20%EC%95%84%ED%8C%8C%ED%8A%B8","확인 완료","커트 20%","군 장병","업소별 할인율·적용 품목·중복 할인 여부는 방문 전 문의","군인 신분 확인자료(방문 전 문의)","031-862-4321","지자체 공식 자료","https://www.ddc.go.kr/ddc/contents.do?key=1570","2026-08-15","이용 가능","ilwoo-maker","사용자 제공 확장 파일 중 동두천시 공식 출처 행을 정규화"
"미용·뷰티","리안헤어 동두천지행역점","경기도","동두천시","경기도 동두천시 지행로56, 205호(지행동)","","37.8920833","127.0533841","Geocoding API","https://map.naver.com/p/search/%EB%A6%AC%EC%95%88%ED%97%A4%EC%96%B4%20%EB%8F%99%EB%91%90%EC%B2%9C%EC%A7%80%ED%96%89%EC%97%AD%EC%A0%90%20%EA%B2%BD%EA%B8%B0%EB%8F%84%20%EB%8F%99%EB%91%90%EC%B2%9C%EC%8B%9C%20%EC%A7%80%ED%96%89%EB%A1%9C%2056%20%EC%8A%A4%ED%83%80%EC%9B%94%EB%93%9C%EB%B9%8C%EB%94%A9","확인 완료","커트 5,000원","군 장병","업소별 할인율·적용 품목·중복 할인 여부는 방문 전 문의","군인 신분 확인자료(방문 전 문의)","0507-1404-8667","지자체 공식 자료","https://www.ddc.go.kr/ddc/contents.do?key=1570","2026-08-15","이용 가능","ilwoo-maker","사용자 제공 확장 파일 중 동두천시 공식 출처 행을 정규화"
"미용·뷰티","마샹스헤어살롱","경기도","동두천시","경기도 동두천시 중앙로134-20, 202호(지행동)","","37.8930182","127.0538205","Geocoding API","https://map.naver.com/p/search/%EB%A7%88%EC%83%B9%EC%8A%A4%ED%97%A4%EC%96%B4%EC%82%B4%EB%A1%B1%20%EA%B2%BD%EA%B8%B0%EB%8F%84%20%EB%8F%99%EB%91%90%EC%B2%9C%EC%8B%9C%20%EC%A4%91%EC%95%99%EB%A1%9C%20134-20","확인 완료","커트 3,000원","군 장병","업소별 할인율·적용 품목·중복 할인 여부는 방문 전 문의","군인 신분 확인자료(방문 전 문의)","0507-1390-5021","지자체 공식 자료","https://www.ddc.go.kr/ddc/contents.do?key=1570","2026-08-15","이용 가능","ilwoo-maker","사용자 제공 확장 파일 중 동두천시 공식 출처 행을 정규화"
"미용·뷰티","박미라 헤어스토리","경기도","동두천시","경기도 동두천시 평화로2452-1(생연동)","","37.9066868","127.0583546","Geocoding API","https://map.naver.com/p/search/%EB%B0%95%EB%AF%B8%EB%9D%BC%20%ED%97%A4%EC%96%B4%EC%8A%A4%ED%86%A0%EB%A6%AC%20%EA%B2%BD%EA%B8%B0%EB%8F%84%20%EB%8F%99%EB%91%90%EC%B2%9C%EC%8B%9C%20%ED%8F%89%ED%99%94%EB%A1%9C%202452-1","확인 완료","커트 2,000원","군 장병","업소별 할인율·적용 품목·중복 할인 여부는 방문 전 문의","군인 신분 확인자료(방문 전 문의)","031-867-5116","지자체 공식 자료","https://www.ddc.go.kr/ddc/contents.do?key=1570","2026-08-15","이용 가능","ilwoo-maker","사용자 제공 확장 파일 중 동두천시 공식 출처 행을 정규화"
"미용·뷰티","보배헤어샵","경기도","동두천시","경기도 동두천시 중앙로286번길 21-3(생연동)","","37.9072394","127.0554639","Geocoding API","https://map.naver.com/p/search/%EB%B3%B4%EB%B0%B0%ED%97%A4%EC%96%B4%EC%83%B5%20%EA%B2%BD%EA%B8%B0%EB%8F%84%20%EB%8F%99%EB%91%90%EC%B2%9C%EC%8B%9C%20%EC%A4%91%EC%95%99%EB%A1%9C286%EB%B2%88%EA%B8%B8%2021-3%20%EB%B3%B4%EB%B0%B0%EC%A4%91%EC%95%99%EB%B9%8C%EB%9D%BC","확인 완료","커트 1,000원","군 장병","업소별 할인율·적용 품목·중복 할인 여부는 방문 전 문의","군인 신분 확인자료(방문 전 문의)","031-861-9858","지자체 공식 자료","https://www.ddc.go.kr/ddc/contents.do?key=1570","2026-08-15","이용 가능","ilwoo-maker","사용자 제공 확장 파일 중 동두천시 공식 출처 행을 정규화"
"미용·뷰티","삐삐머리방","경기도","동두천시","경기도 동두천시 평화로2530번길 35(보산동)","","37.9137556","127.0597922","Geocoding API","https://map.naver.com/p/search/%EC%82%90%EC%82%90%EB%A8%B8%EB%A6%AC%EB%B0%A9%20%EA%B2%BD%EA%B8%B0%EB%8F%84%20%EB%8F%99%EB%91%90%EC%B2%9C%EC%8B%9C%20%ED%8F%89%ED%99%94%EB%A1%9C2530%EB%B2%88%EA%B8%B8%2035","확인 완료","커트 2,000원","군 장병","업소별 할인율·적용 품목·중복 할인 여부는 방문 전 문의","군인 신분 확인자료(방문 전 문의)","031-865-6039","지자체 공식 자료","https://www.ddc.go.kr/ddc/contents.do?key=1570","2026-08-15","이용 가능","ilwoo-maker","사용자 제공 확장 파일 중 동두천시 공식 출처 행을 정규화"
"미용·뷰티","샤론의꽃 미용아카데미","경기도","동두천시","경기도 동두천시 중앙로7번길 15(송내동)","","37.8822769","127.0534822","Geocoding API","https://map.naver.com/p/search/%EC%83%A4%EB%A1%A0%EC%9D%98%EA%BD%83%20%EB%AF%B8%EC%9A%A9%EC%95%84%EC%B9%B4%EB%8D%B0%EB%AF%B8%20%EA%B2%BD%EA%B8%B0%EB%8F%84%20%EB%8F%99%EB%91%90%EC%B2%9C%EC%8B%9C%20%EC%A4%91%EC%95%99%EB%A1%9C7%EB%B2%88%EA%B8%B8%2015%20%ED%8C%AC%ED%83%80%EC%9B%94%EB%93%9C","확인 완료","커트 20%","군 장병","업소별 할인율·적용 품목·중복 할인 여부는 방문 전 문의","군인 신분 확인자료(방문 전 문의)","031-821-4438","지자체 공식 자료","https://www.ddc.go.kr/ddc/contents.do?key=1570","2026-08-15","이용 가능","ilwoo-maker","사용자 제공 확장 파일 중 동두천시 공식 출처 행을 정규화"
"미용·뷰티","세아떼바버샵","경기도","동두천시","경기도 동두천시 이담로89, 상가동 106호(지행동)","","37.8893173","127.0587061","Geocoding API","https://map.naver.com/p/search/%EC%84%B8%EC%95%84%EB%96%BC%EB%B0%94%EB%B2%84%EC%83%B5%20%EA%B2%BD%EA%B8%B0%EB%8F%84%20%EB%8F%99%EB%91%90%EC%B2%9C%EC%8B%9C%20%EC%9D%B4%EB%8B%B4%EB%A1%9C%2089%20%EC%A7%80%ED%96%89%EC%97%AD%20%EB%8F%99%EC%9B%90%EB%B2%A0%EB%84%A4%EC%8A%A4%ED%8A%B8%20%EC%95%84%ED%8C%8C%ED%8A%B8","확인 완료","카드 5%, 현금 10%","군 장병","업소별 할인율·적용 품목·중복 할인 여부는 방문 전 문의","군인 신분 확인자료(방문 전 문의)","","지자체 공식 자료","https://www.ddc.go.kr/ddc/contents.do?key=1570","2026-08-15","이용 가능","ilwoo-maker","사용자 제공 확장 파일 중 동두천시 공식 출처 행을 정규화"
"미용·뷰티","신성순 헤어아트","경기도","동두천시","경기도 동두천시 중앙로278, 2층(생연동)","","37.9062244","127.0543695","Geocoding API","https://map.naver.com/p/search/%EC%8B%A0%EC%84%B1%EC%88%9C%20%ED%97%A4%EC%96%B4%EC%95%84%ED%8A%B8%20%EA%B2%BD%EA%B8%B0%EB%8F%84%20%EB%8F%99%EB%91%90%EC%B2%9C%EC%8B%9C%20%EC%A4%91%EC%95%99%EB%A1%9C%20278","확인 완료","커트 3,000원","군 장병","업소별 할인율·적용 품목·중복 할인 여부는 방문 전 문의","군인 신분 확인자료(방문 전 문의)","031-862-7652","지자체 공식 자료","https://www.ddc.go.kr/ddc/contents.do?key=1570","2026-08-15","이용 가능","ilwoo-maker","사용자 제공 확장 파일 중 동두천시 공식 출처 행을 정규화"
"미용·뷰티","신지미헤어라인","경기도","동두천시","경기도 동두천시 광암로33번길 13-10(광암동)","","37.8960534","127.0851728","Geocoding API","https://map.naver.com/p/search/%EC%8B%A0%EC%A7%80%EB%AF%B8%ED%97%A4%EC%96%B4%EB%9D%BC%EC%9D%B8%20%EA%B2%BD%EA%B8%B0%EB%8F%84%20%EB%8F%99%EB%91%90%EC%B2%9C%EC%8B%9C%20%EA%B4%91%EC%95%94%EB%A1%9C33%EB%B2%88%EA%B8%B8%2013-10","확인 완료","커트 1,000원","군 장병","업소별 할인율·적용 품목·중복 할인 여부는 방문 전 문의","군인 신분 확인자료(방문 전 문의)","031-867-2951","지자체 공식 자료","https://www.ddc.go.kr/ddc/contents.do?key=1570","2026-08-15","이용 가능","ilwoo-maker","사용자 제공 확장 파일 중 동두천시 공식 출처 행을 정규화"
"미용·뷰티","안다미로","경기도","동두천시","경기도 동두천시 지행로107번길 13(지행동)","","37.8930315","127.0592205","Geocoding API","https://map.naver.com/p/search/%EC%95%88%EB%8B%A4%EB%AF%B8%EB%A1%9C%20%EA%B2%BD%EA%B8%B0%EB%8F%84%20%EB%8F%99%EB%91%90%EC%B2%9C%EC%8B%9C%20%EC%A7%80%ED%96%89%EB%A1%9C107%EB%B2%88%EA%B8%B8%2013","확인 완료","커트 4,000원","군 장병","업소별 할인율·적용 품목·중복 할인 여부는 방문 전 문의","군인 신분 확인자료(방문 전 문의)","0507-1309-7605","지자체 공식 자료","https://www.ddc.go.kr/ddc/contents.do?key=1570","2026-08-15","이용 가능","ilwoo-maker","사용자 제공 확장 파일 중 동두천시 공식 출처 행을 정규화"
"미용·뷰티","에이치H헤어","경기도","동두천시","경기도 동두천시 중앙로134-26, 1층 105호(지행동)","","37.8931681","127.0538155","Geocoding API","https://map.naver.com/p/search/%EC%97%90%EC%9D%B4%EC%B9%98H%ED%97%A4%EC%96%B4%20%EA%B2%BD%EA%B8%B0%EB%8F%84%20%EB%8F%99%EB%91%90%EC%B2%9C%EC%8B%9C%20%EC%A4%91%EC%95%99%EB%A1%9C%20134-26","확인 완료","10%","군 장병","업소별 할인율·적용 품목·중복 할인 여부는 방문 전 문의","군인 신분 확인자료(방문 전 문의)","031-858-8934","지자체 공식 자료","https://www.ddc.go.kr/ddc/contents.do?key=1570","2026-08-15","이용 가능","ilwoo-maker","사용자 제공 확장 파일 중 동두천시 공식 출처 행을 정규화"
"미용·뷰티","이선희헤어샵","경기도","동두천시","경기도 동두천시 삼육사로896, 1층(생연동)","","37.90003","127.0495185","Geocoding API","https://map.naver.com/p/search/%EC%9D%B4%EC%84%A0%ED%9D%AC%ED%97%A4%EC%96%B4%EC%83%B5%20%EA%B2%BD%EA%B8%B0%EB%8F%84%20%EB%8F%99%EB%91%90%EC%B2%9C%EC%8B%9C%20%EC%82%BC%EC%9C%A1%EC%82%AC%EB%A1%9C%20896","확인 완료","커트 20%","군 장병","업소별 할인율·적용 품목·중복 할인 여부는 방문 전 문의","군인 신분 확인자료(방문 전 문의)","031-862-8359","지자체 공식 자료","https://www.ddc.go.kr/ddc/contents.do?key=1570","2026-08-15","이용 가능","ilwoo-maker","사용자 제공 확장 파일 중 동두천시 공식 출처 행을 정규화"
"미용·뷰티","이지현미용실","경기도","동두천시","경기도 동두천시 중앙로295번길 26(생연동)","","37.9082384","127.0530444","Geocoding API","https://map.naver.com/p/search/%EC%9D%B4%EC%A7%80%ED%98%84%EB%AF%B8%EC%9A%A9%EC%8B%A4%20%EA%B2%BD%EA%B8%B0%EB%8F%84%20%EB%8F%99%EB%91%90%EC%B2%9C%EC%8B%9C%20%EC%A4%91%EC%95%99%EB%A1%9C295%EB%B2%88%EA%B8%B8%2026","확인 완료","커트 2,000원","군 장병","업소별 할인율·적용 품목·중복 할인 여부는 방문 전 문의","군인 신분 확인자료(방문 전 문의)","0507-1417-3089","지자체 공식 자료","https://www.ddc.go.kr/ddc/contents.do?key=1570","2026-08-15","이용 가능","ilwoo-maker","사용자 제공 확장 파일 중 동두천시 공식 출처 행을 정규화"
"미용·뷰티","인헤어","경기도","동두천시","경기도 동두천시 삼육사로902, 2동 104호(생연동)","","37.8995915","127.050081","Geocoding API","https://map.naver.com/p/search/%EC%9D%B8%ED%97%A4%EC%96%B4%20%EA%B2%BD%EA%B8%B0%EB%8F%84%20%EB%8F%99%EB%91%90%EC%B2%9C%EC%8B%9C%20%EC%82%BC%EC%9C%A1%EC%82%AC%EB%A1%9C%20902","확인 완료","커트 2,000원","군 장병","업소별 할인율·적용 품목·중복 할인 여부는 방문 전 문의","군인 신분 확인자료(방문 전 문의)","031-858-9785","지자체 공식 자료","https://www.ddc.go.kr/ddc/contents.do?key=1570","2026-08-15","이용 가능","ilwoo-maker","사용자 제공 확장 파일 중 동두천시 공식 출처 행을 정규화"
"미용·뷰티","잔디이발관","경기도","동두천시","경기도 동두천시 중앙로369(보산동)","","37.9132522","127.0580444","Geocoding API","https://map.naver.com/p/search/%EC%9E%94%EB%94%94%EC%9D%B4%EB%B0%9C%EA%B4%80%20%EA%B2%BD%EA%B8%B0%EB%8F%84%20%EB%8F%99%EB%91%90%EC%B2%9C%EC%8B%9C%20%EC%A4%91%EC%95%99%EB%A1%9C%20369","확인 완료","커트 3,000원","군 장병","업소별 할인율·적용 품목·중복 할인 여부는 방문 전 문의","군인 신분 확인자료(방문 전 문의)","","지자체 공식 자료","https://www.ddc.go.kr/ddc/contents.do?key=1570","2026-08-15","이용 가능","ilwoo-maker","사용자 제공 확장 파일 중 동두천시 공식 출처 행을 정규화"
"미용·뷰티","쟝스헤어","경기도","동두천시","경기도 동두천시 평화로2915(상봉암동)","","37.9470084","127.0613666","Geocoding API","https://map.naver.com/p/search/%EC%9F%9D%EC%8A%A4%ED%97%A4%EC%96%B4%20%EA%B2%BD%EA%B8%B0%EB%8F%84%20%EB%8F%99%EB%91%90%EC%B2%9C%EC%8B%9C%20%ED%8F%89%ED%99%94%EB%A1%9C%202915","확인 완료","커트 1,000원","군 장병","업소별 할인율·적용 품목·중복 할인 여부는 방문 전 문의","군인 신분 확인자료(방문 전 문의)","031-865-7857","지자체 공식 자료","https://www.ddc.go.kr/ddc/contents.do?key=1570","2026-08-15","이용 가능","ilwoo-maker","사용자 제공 확장 파일 중 동두천시 공식 출처 행을 정규화"
"미용·뷰티","정헤어샾","경기도","동두천시","경기도 동두천시 동광로83-1(생연동)","","37.9090884","127.0576367","Geocoding API","https://map.naver.com/p/search/%EC%A0%95%ED%97%A4%EC%96%B4%EC%83%BE%20%EA%B2%BD%EA%B8%B0%EB%8F%84%20%EB%8F%99%EB%91%90%EC%B2%9C%EC%8B%9C%20%EB%8F%99%EA%B4%91%EB%A1%9C%2083-1","확인 완료","커트 1,000원","군 장병","업소별 할인율·적용 품목·중복 할인 여부는 방문 전 문의","군인 신분 확인자료(방문 전 문의)","","지자체 공식 자료","https://www.ddc.go.kr/ddc/contents.do?key=1570","2026-08-15","이용 가능","ilwoo-maker","사용자 제공 확장 파일 중 동두천시 공식 출처 행을 정규화"
"미용·뷰티","제이제이 남성컷트전문","경기도","동두천시","경기도 동두천시 평화로2530번길 30(보산동)","","37.9135589","127.0594159","Geocoding API","https://map.naver.com/p/search/%EC%A0%9C%EC%9D%B4%EC%A0%9C%EC%9D%B4%20%EB%82%A8%EC%84%B1%EC%BB%B7%ED%8A%B8%EC%A0%84%EB%AC%B8%20%EA%B2%BD%EA%B8%B0%EB%8F%84%20%EB%8F%99%EB%91%90%EC%B2%9C%EC%8B%9C%20%ED%8F%89%ED%99%94%EB%A1%9C2530%EB%B2%88%EA%B8%B8%2030","확인 완료","커트 2,000원","군 장병","업소별 할인율·적용 품목·중복 할인 여부는 방문 전 문의","군인 신분 확인자료(방문 전 문의)","","지자체 공식 자료","https://www.ddc.go.kr/ddc/contents.do?key=1570","2026-08-15","이용 가능","ilwoo-maker","사용자 제공 확장 파일 중 동두천시 공식 출처 행을 정규화"
"미용·뷰티","젠틀맨","경기도","동두천시","경기도 동두천시 중앙로362번길 8(생연동)","","37.9126467","127.0569518","Geocoding API","https://map.naver.com/p/search/%EC%A0%A0%ED%8B%80%EB%A7%A8%20%EA%B2%BD%EA%B8%B0%EB%8F%84%20%EB%8F%99%EB%91%90%EC%B2%9C%EC%8B%9C%20%EC%A4%91%EC%95%99%EB%A1%9C362%EB%B2%88%EA%B8%B8%208","확인 완료","커트 2,000원","군 장병","업소별 할인율·적용 품목·중복 할인 여부는 방문 전 문의","군인 신분 확인자료(방문 전 문의)","","지자체 공식 자료","https://www.ddc.go.kr/ddc/contents.do?key=1570","2026-08-15","이용 가능","ilwoo-maker","사용자 제공 확장 파일 중 동두천시 공식 출처 행을 정규화"
"미용·뷰티","차희에스 머리사랑","경기도","동두천시","경기도 동두천시 행선로98(생연동)","","37.8968706","127.0626416","Geocoding API","https://map.naver.com/p/search/%EC%B0%A8%ED%9D%AC%EC%97%90%EC%8A%A4%20%EB%A8%B8%EB%A6%AC%EC%82%AC%EB%9E%91%20%EA%B2%BD%EA%B8%B0%EB%8F%84%20%EB%8F%99%EB%91%90%EC%B2%9C%EC%8B%9C%20%ED%96%89%EC%84%A0%EB%A1%9C%2098","확인 완료","커트 10,000원","군 장병","업소별 할인율·적용 품목·중복 할인 여부는 방문 전 문의","군인 신분 확인자료(방문 전 문의)","031-863-6131","지자체 공식 자료","https://www.ddc.go.kr/ddc/contents.do?key=1570","2026-08-15","이용 가능","ilwoo-maker","사용자 제공 확장 파일 중 동두천시 공식 출처 행을 정규화"
"미용·뷰티","최재실 원헤어","경기도","동두천시","경기도 동두천시 평화로2397번길 17, 2층(생연동)","","37.9016106","127.0568218","Geocoding API","https://map.naver.com/p/search/%EC%B5%9C%EC%9E%AC%EC%8B%A4%20%EC%9B%90%ED%97%A4%EC%96%B4%20%EA%B2%BD%EA%B8%B0%EB%8F%84%20%EB%8F%99%EB%91%90%EC%B2%9C%EC%8B%9C%20%ED%8F%89%ED%99%94%EB%A1%9C2397%EB%B2%88%EA%B8%B8%2017","확인 완료","커트 5,000원","군 장병","업소별 할인율·적용 품목·중복 할인 여부는 방문 전 문의","군인 신분 확인자료(방문 전 문의)","0507-1346-7739","지자체 공식 자료","https://www.ddc.go.kr/ddc/contents.do?key=1570","2026-08-15","이용 가능","ilwoo-maker","사용자 제공 확장 파일 중 동두천시 공식 출처 행을 정규화"
"미용·뷰티","추은옥머리쟁이","경기도","동두천시","경기도 동두천시 행선로102(생연동)","","37.8971498","127.0627489","Geocoding API","https://map.naver.com/p/search/%EC%B6%94%EC%9D%80%EC%98%A5%EB%A8%B8%EB%A6%AC%EC%9F%81%EC%9D%B4%20%EA%B2%BD%EA%B8%B0%EB%8F%84%20%EB%8F%99%EB%91%90%EC%B2%9C%EC%8B%9C%20%ED%96%89%EC%84%A0%EB%A1%9C%20102%20%EC%97%90%EC%9D%B4%EC%8A%A4%EC%83%81%EA%B0%80","확인 완료","20%","군 장병","업소별 할인율·적용 품목·중복 할인 여부는 방문 전 문의","군인 신분 확인자료(방문 전 문의)","031-862-5955","지자체 공식 자료","https://www.ddc.go.kr/ddc/contents.do?key=1570","2026-08-15","이용 가능","ilwoo-maker","사용자 제공 확장 파일 중 동두천시 공식 출처 행을 정규화"
"미용·뷰티","쿨헤어샵","경기도","동두천시","경기도 동두천시 중앙로311(생연동)","","37.9093907","127.054839","Geocoding API","https://map.naver.com/p/search/%EC%BF%A8%ED%97%A4%EC%96%B4%EC%83%B5%20%EA%B2%BD%EA%B8%B0%EB%8F%84%20%EB%8F%99%EB%91%90%EC%B2%9C%EC%8B%9C%20%EC%A4%91%EC%95%99%EB%A1%9C%20311","확인 완료","커트 2,000원","군 장병","업소별 할인율·적용 품목·중복 할인 여부는 방문 전 문의","군인 신분 확인자료(방문 전 문의)","","지자체 공식 자료","https://www.ddc.go.kr/ddc/contents.do?key=1570","2026-08-15","이용 가능","ilwoo-maker","사용자 제공 확장 파일 중 동두천시 공식 출처 행을 정규화"
"미용·뷰티","하니머리나라","경기도","동두천시","경기도 동두천시 삼육사로1002번길 97(지행동)","","37.8950128","127.0597027","Geocoding API","https://map.naver.com/p/search/%ED%95%98%EB%8B%88%EB%A8%B8%EB%A6%AC%EB%82%98%EB%9D%BC%20%EA%B2%BD%EA%B8%B0%EB%8F%84%20%EB%8F%99%EB%91%90%EC%B2%9C%EC%8B%9C%20%EC%82%BC%EC%9C%A1%EC%82%AC%EB%A1%9C1002%EB%B2%88%EA%B8%B8%2097%20%EC%A7%80%ED%96%89%EC%A3%BC%EA%B3%B5%EC%95%84%ED%8C%8C%ED%8A%B81%EB%8B%A8%EC%A7%80","확인 완료","커트 1,000원","군 장병","업소별 할인율·적용 품목·중복 할인 여부는 방문 전 문의","군인 신분 확인자료(방문 전 문의)","031-867-6674","지자체 공식 자료","https://www.ddc.go.kr/ddc/contents.do?key=1570","2026-08-15","이용 가능","ilwoo-maker","사용자 제공 확장 파일 중 동두천시 공식 출처 행을 정규화"
"미용·뷰티","헤어고","경기도","동두천시","경기도 동두천시 중앙로230-1, 1층(생연동)","","37.9020242","127.0532969","Geocoding API","https://map.naver.com/p/search/%ED%97%A4%EC%96%B4%EA%B3%A0%20%EA%B2%BD%EA%B8%B0%EB%8F%84%20%EB%8F%99%EB%91%90%EC%B2%9C%EC%8B%9C%20%EC%A4%91%EC%95%99%EB%A1%9C%20230-1","확인 완료","커트 20%","군 장병","업소별 할인율·적용 품목·중복 할인 여부는 방문 전 문의","군인 신분 확인자료(방문 전 문의)","","지자체 공식 자료","https://www.ddc.go.kr/ddc/contents.do?key=1570","2026-08-15","이용 가능","ilwoo-maker","사용자 제공 확장 파일 중 동두천시 공식 출처 행을 정규화"
"미용·뷰티","헤어바이 미정","경기도","동두천시","경기도 동두천시 중앙로265번길 8(생연동)","","37.9053073","127.0534308","Geocoding API","https://map.naver.com/p/search/%ED%97%A4%EC%96%B4%EB%B0%94%EC%9D%B4%20%EB%AF%B8%EC%A0%95%20%EA%B2%BD%EA%B8%B0%EB%8F%84%20%EB%8F%99%EB%91%90%EC%B2%9C%EC%8B%9C%20%EC%A4%91%EC%95%99%EB%A1%9C265%EB%B2%88%EA%B8%B8%208","확인 완료","커트 2,000원","군 장병","업소별 할인율·적용 품목·중복 할인 여부는 방문 전 문의","군인 신분 확인자료(방문 전 문의)","031-858-5936","지자체 공식 자료","https://www.ddc.go.kr/ddc/contents.do?key=1570","2026-08-15","이용 가능","ilwoo-maker","사용자 제공 확장 파일 중 동두천시 공식 출처 행을 정규화"
"미용·뷰티","헤어뱅크","경기도","동두천시","경기도 동두천시 중앙로297, 1층 104호(생연동)","","37.9081137","127.0543425","Geocoding API","https://map.naver.com/p/search/%ED%97%A4%EC%96%B4%EB%B1%85%ED%81%AC%20%EA%B2%BD%EA%B8%B0%EB%8F%84%20%EB%8F%99%EB%91%90%EC%B2%9C%EC%8B%9C%20%EC%A4%91%EC%95%99%EB%A1%9C%20297","확인 완료","커트 2,000원","군 장병","업소별 할인율·적용 품목·중복 할인 여부는 방문 전 문의","군인 신분 확인자료(방문 전 문의)","","지자체 공식 자료","https://www.ddc.go.kr/ddc/contents.do?key=1570","2026-08-15","이용 가능","ilwoo-maker","사용자 제공 확장 파일 중 동두천시 공식 출처 행을 정규화"
"미용·뷰티","헤어카페","경기도","동두천시","경기도 동두천시 행선로110번길 9, 상가동 102호(생연동)","","37.8979317","127.0636874","Geocoding API","https://map.naver.com/p/search/%ED%97%A4%EC%96%B4%EC%B9%B4%ED%8E%98%20%EA%B2%BD%EA%B8%B0%EB%8F%84%20%EB%8F%99%EB%91%90%EC%B2%9C%EC%8B%9C%20%ED%96%89%EC%84%A0%EB%A1%9C110%EB%B2%88%EA%B8%B8%209%20%ED%9C%B4%EB%A8%BC%EC%8B%9C%EC%95%84","확인 완료","커트 10%","군 장병","업소별 할인율·적용 품목·중복 할인 여부는 방문 전 문의","군인 신분 확인자료(방문 전 문의)","031-868-1535","지자체 공식 자료","https://www.ddc.go.kr/ddc/contents.do?key=1570","2026-08-15","이용 가능","ilwoo-maker","사용자 제공 확장 파일 중 동두천시 공식 출처 행을 정규화"
"숙박","그린파크모텔","경기도","동두천시","경기도 동두천시 어수로91-10(생연동)","","37.902995","127.0530101","Geocoding API","https://map.naver.com/p/search/%EA%B7%B8%EB%A6%B0%ED%8C%8C%ED%81%AC%EB%AA%A8%ED%85%94%20%EA%B2%BD%EA%B8%B0%EB%8F%84%20%EB%8F%99%EB%91%90%EC%B2%9C%EC%8B%9C%20%EC%96%B4%EC%88%98%EB%A1%9C%2091-10","확인 완료","10%","군 장병","업소별 할인율·적용 품목·중복 할인 여부는 방문 전 문의","군인 신분 확인자료(방문 전 문의)","031-862-1497","지자체 공식 자료","https://www.ddc.go.kr/ddc/contents.do?key=1570","2026-08-15","이용 가능","ilwoo-maker","사용자 제공 확장 파일 중 동두천시 공식 출처 행을 정규화"
"숙박","제이(J)모텔","경기도","동두천시","경기도 동두천시 동두천로247-13(생연동)","","37.9036831","127.0550199","Geocoding API","https://map.naver.com/p/search/%EC%A0%9C%EC%9D%B4%28J%29%EB%AA%A8%ED%85%94%20%EA%B2%BD%EA%B8%B0%EB%8F%84%20%EB%8F%99%EB%91%90%EC%B2%9C%EC%8B%9C%20%EB%8F%99%EB%91%90%EC%B2%9C%EB%A1%9C%20247-13","확인 완료","10%","군 장병","업소별 할인율·적용 품목·중복 할인 여부는 방문 전 문의","군인 신분 확인자료(방문 전 문의)","031-864-4235","지자체 공식 자료","https://www.ddc.go.kr/ddc/contents.do?key=1570","2026-08-15","이용 가능","ilwoo-maker","사용자 제공 확장 파일 중 동두천시 공식 출처 행을 정규화"
"음식","강스시","경기도","동두천시","경기도 동두천시 어수로83번길 38, 1층(생연동)","","37.9043773","127.0526486","Geocoding API","https://map.naver.com/p/search/%EA%B0%95%EC%8A%A4%EC%8B%9C%20%EA%B2%BD%EA%B8%B0%EB%8F%84%20%EB%8F%99%EB%91%90%EC%B2%9C%EC%8B%9C%20%EC%96%B4%EC%88%98%EB%A1%9C83%EB%B2%88%EA%B8%B8%2038","확인 완료","메뉴당 1,000원","군 장병","업소별 할인율·적용 품목·중복 할인 여부는 방문 전 문의","군인 신분 확인자료(방문 전 문의)","031-865-8266","지자체 공식 자료","https://www.ddc.go.kr/ddc/contents.do?key=1570","2026-08-15","이용 가능","ilwoo-maker","사용자 제공 확장 파일 중 동두천시 공식 출처 행을 정규화"
"음식","거북이삼겹살","경기도","동두천시","경기도 동두천시 생연로175, 1층(생연동)","","37.9081428","127.0526481","Geocoding API","https://map.naver.com/p/search/%EA%B1%B0%EB%B6%81%EC%9D%B4%EC%82%BC%EA%B2%B9%EC%82%B4%20%EA%B2%BD%EA%B8%B0%EB%8F%84%20%EB%8F%99%EB%91%90%EC%B2%9C%EC%8B%9C%20%EC%83%9D%EC%97%B0%EB%A1%9C%20175","확인 완료","5%","군 장병","업소별 할인율·적용 품목·중복 할인 여부는 방문 전 문의","군인 신분 확인자료(방문 전 문의)","031-864-3229","지자체 공식 자료","https://www.ddc.go.kr/ddc/contents.do?key=1570","2026-08-15","이용 가능","ilwoo-maker","사용자 제공 확장 파일 중 동두천시 공식 출처 행을 정규화"
"음식","고기싸롱","경기도","동두천시","경기도 동두천시 평화로2313번길 7-26(지행동)","","37.8931252","127.0564689","Geocoding API","https://map.naver.com/p/search/%EA%B3%A0%EA%B8%B0%EC%8B%B8%EB%A1%B1%20%EA%B2%BD%EA%B8%B0%EB%8F%84%20%EB%8F%99%EB%91%90%EC%B2%9C%EC%8B%9C%20%ED%8F%89%ED%99%94%EB%A1%9C2313%EB%B2%88%EA%B8%B8%207-26","확인 완료","5%","군 장병","업소별 할인율·적용 품목·중복 할인 여부는 방문 전 문의","군인 신분 확인자료(방문 전 문의)","031-867-9233","지자체 공식 자료","https://www.ddc.go.kr/ddc/contents.do?key=1570","2026-08-15","이용 가능","ilwoo-maker","사용자 제공 확장 파일 중 동두천시 공식 출처 행을 정규화"
"음식","고봉민김밥 지행역점","경기도","동두천시","경기도 동두천시 중앙로126, 107호(지행동)","","37.892772","127.052538","Geocoding API","https://map.naver.com/p/search/%EA%B3%A0%EB%B4%89%EB%AF%BC%EA%B9%80%EB%B0%A5%20%EC%A7%80%ED%96%89%EC%97%AD%EC%A0%90%20%EA%B2%BD%EA%B8%B0%EB%8F%84%20%EB%8F%99%EB%91%90%EC%B2%9C%EC%8B%9C%20%EC%A4%91%EC%95%99%EB%A1%9C%20126%20%EC%83%9D%EC%97%B0%ED%94%84%EB%9D%BC%EC%9E%90","확인 완료","10%","군 장병","업소별 할인율·적용 품목·중복 할인 여부는 방문 전 문의","군인 신분 확인자료(방문 전 문의)","031-863-2340","지자체 공식 자료","https://www.ddc.go.kr/ddc/contents.do?key=1570","2026-08-15","이용 가능","ilwoo-maker","사용자 제공 확장 파일 중 동두천시 공식 출처 행을 정규화"
"음식","그집순대국","경기도","동두천시","경기도 동두천시 장고갯로157, 제1동(생연동)","","37.908939","127.0652922","Geocoding API","https://map.naver.com/p/search/%EA%B7%B8%EC%A7%91%EC%88%9C%EB%8C%80%EA%B5%AD%20%EA%B2%BD%EA%B8%B0%EB%8F%84%20%EB%8F%99%EB%91%90%EC%B2%9C%EC%8B%9C%20%EC%9E%A5%EA%B3%A0%EA%B0%AF%EB%A1%9C%20157%20%271%EB%8F%99%2C2%EB%8F%99%27","확인 완료","5%","군 장병","업소별 할인율·적용 품목·중복 할인 여부는 방문 전 문의","군인 신분 확인자료(방문 전 문의)","031-863-2254","지자체 공식 자료","https://www.ddc.go.kr/ddc/contents.do?key=1570","2026-08-15","이용 가능","ilwoo-maker","사용자 제공 확장 파일 중 동두천시 공식 출처 행을 정규화"
"음식","깐부치킨 동두천지행역점","경기도","동두천시","경기도 동두천시 중앙로134-20, 1층(지행동)","","37.8930182","127.0538205","Geocoding API","https://map.naver.com/p/search/%EA%B9%90%EB%B6%80%EC%B9%98%ED%82%A8%20%EB%8F%99%EB%91%90%EC%B2%9C%EC%A7%80%ED%96%89%EC%97%AD%EC%A0%90%20%EA%B2%BD%EA%B8%B0%EB%8F%84%20%EB%8F%99%EB%91%90%EC%B2%9C%EC%8B%9C%20%EC%A4%91%EC%95%99%EB%A1%9C%20134-20","확인 완료","5% (포장·방문)","군 장병","업소별 할인율·적용 품목·중복 할인 여부는 방문 전 문의","군인 신분 확인자료(방문 전 문의)","031-858-9300","지자체 공식 자료","https://www.ddc.go.kr/ddc/contents.do?key=1570","2026-08-15","이용 가능","ilwoo-maker","사용자 제공 확장 파일 중 동두천시 공식 출처 행을 정규화"
"음식","넓은공간","경기도","동두천시","경기도 동두천시 평화로2910번길 82(상봉암동)","","37.9456285","127.0657472","Geocoding API","https://map.naver.com/p/search/%EB%84%93%EC%9D%80%EA%B3%B5%EA%B0%84%20%EA%B2%BD%EA%B8%B0%EB%8F%84%20%EB%8F%99%EB%91%90%EC%B2%9C%EC%8B%9C%20%ED%8F%89%ED%99%94%EB%A1%9C2910%EB%B2%88%EA%B8%B8%2082","확인 완료","5%","군 장병","업소별 할인율·적용 품목·중복 할인 여부는 방문 전 문의","군인 신분 확인자료(방문 전 문의)","031-865-6787","지자체 공식 자료","https://www.ddc.go.kr/ddc/contents.do?key=1570","2026-08-15","이용 가능","ilwoo-maker","사용자 제공 확장 파일 중 동두천시 공식 출처 행을 정규화"
"음식","다복식당","경기도","동두천시","경기도 동두천시 생연로177(생연동)","","37.9082713","127.0527418","Geocoding API","https://map.naver.com/p/search/%EB%8B%A4%EB%B3%B5%EC%8B%9D%EB%8B%B9%20%EA%B2%BD%EA%B8%B0%EB%8F%84%20%EB%8F%99%EB%91%90%EC%B2%9C%EC%8B%9C%20%EC%83%9D%EC%97%B0%EB%A1%9C%20177","확인 완료","5%","군 장병","업소별 할인율·적용 품목·중복 할인 여부는 방문 전 문의","군인 신분 확인자료(방문 전 문의)","031-866-1463","지자체 공식 자료","https://www.ddc.go.kr/ddc/contents.do?key=1570","2026-08-15","이용 가능","ilwoo-maker","사용자 제공 확장 파일 중 동두천시 공식 출처 행을 정규화"
"음식","다원","경기도","동두천시","경기도 동두천시 어수로102번길 6(생연동)","","37.9020567","127.0536323","Geocoding API","https://map.naver.com/p/search/%EB%8B%A4%EC%9B%90%20%EA%B2%BD%EA%B8%B0%EB%8F%84%20%EB%8F%99%EB%91%90%EC%B2%9C%EC%8B%9C%20%EC%96%B4%EC%88%98%EB%A1%9C102%EB%B2%88%EA%B8%B8%206","확인 완료","10%","군 장병","업소별 할인율·적용 품목·중복 할인 여부는 방문 전 문의","군인 신분 확인자료(방문 전 문의)","031-862-0841","지자체 공식 자료","https://www.ddc.go.kr/ddc/contents.do?key=1570","2026-08-15","이용 가능","ilwoo-maker","사용자 제공 확장 파일 중 동두천시 공식 출처 행을 정규화"
"음식","대왕미가","경기도","동두천시","경기도 동두천시 삼육사로1009(생연동)","","37.8995258","127.062083","Geocoding API","https://map.naver.com/p/search/%EB%8C%80%EC%99%95%EB%AF%B8%EA%B0%80%20%EA%B2%BD%EA%B8%B0%EB%8F%84%20%EB%8F%99%EB%91%90%EC%B2%9C%EC%8B%9C%20%EC%82%BC%EC%9C%A1%EC%82%AC%EB%A1%9C%201009","확인 완료","5%","군 장병","업소별 할인율·적용 품목·중복 할인 여부는 방문 전 문의","군인 신분 확인자료(방문 전 문의)","031-865-5346","지자체 공식 자료","https://www.ddc.go.kr/ddc/contents.do?key=1570","2026-08-15","이용 가능","ilwoo-maker","사용자 제공 확장 파일 중 동두천시 공식 출처 행을 정규화"
"음식","대호숯불갈비","경기도","동두천시","경기도 동두천시 중앙로265번길 19(생연동)","","37.9052307","127.0526925","Geocoding API","https://map.naver.com/p/search/%EB%8C%80%ED%98%B8%EC%88%AF%EB%B6%88%EA%B0%88%EB%B9%84%20%EA%B2%BD%EA%B8%B0%EB%8F%84%20%EB%8F%99%EB%91%90%EC%B2%9C%EC%8B%9C%20%EC%A4%91%EC%95%99%EB%A1%9C265%EB%B2%88%EA%B8%B8%2019","확인 완료","10%","군 장병","업소별 할인율·적용 품목·중복 할인 여부는 방문 전 문의","군인 신분 확인자료(방문 전 문의)","031-868-0092","지자체 공식 자료","https://www.ddc.go.kr/ddc/contents.do?key=1570","2026-08-15","이용 가능","ilwoo-maker","사용자 제공 확장 파일 중 동두천시 공식 출처 행을 정규화"
"음식","동태한그릇","경기도","동두천시","경기도 동두천시 생연로155(생연동)","","37.9063421","127.0519865","Geocoding API","https://map.naver.com/p/search/%EB%8F%99%ED%83%9C%ED%95%9C%EA%B7%B8%EB%A6%87%20%EA%B2%BD%EA%B8%B0%EB%8F%84%20%EB%8F%99%EB%91%90%EC%B2%9C%EC%8B%9C%20%EC%83%9D%EC%97%B0%EB%A1%9C%20155","확인 완료","10%","군 장병","업소별 할인율·적용 품목·중복 할인 여부는 방문 전 문의","군인 신분 확인자료(방문 전 문의)","031-862-0066","지자체 공식 자료","https://www.ddc.go.kr/ddc/contents.do?key=1570","2026-08-15","이용 가능","ilwoo-maker","사용자 제공 확장 파일 중 동두천시 공식 출처 행을 정규화"
"음식","소요산명품한우식당","경기도","동두천시","경기도 동두천시 평화로2910번길 1(상봉암동)","","37.946529","127.0618737","Geocoding API","https://map.naver.com/p/search/%EC%86%8C%EC%9A%94%EC%82%B0%EB%AA%85%ED%92%88%ED%95%9C%EC%9A%B0%EC%8B%9D%EB%8B%B9%20%EA%B2%BD%EA%B8%B0%EB%8F%84%20%EB%8F%99%EB%91%90%EC%B2%9C%EC%8B%9C%20%ED%8F%89%ED%99%94%EB%A1%9C2910%EB%B2%88%EA%B8%B8%201","확인 완료","5% 및 음료 서비스","군 장병","업소별 할인율·적용 품목·중복 할인 여부는 방문 전 문의","군인 신분 확인자료(방문 전 문의)","031-866-8820","지자체 공식 자료","https://www.ddc.go.kr/ddc/contents.do?key=1570","2026-08-15","이용 가능","ilwoo-maker","사용자 제공 확장 파일 중 동두천시 공식 출처 행을 정규화"
"음식","슈퍼크리스피 동두천지행점","경기도","동두천시","경기도 동두천시 중앙로132, 105호(지행동)","","37.8932032","127.0525799","Geocoding API","https://map.naver.com/p/search/%EC%8A%88%ED%8D%BC%ED%81%AC%EB%A6%AC%EC%8A%A4%ED%94%BC%20%EB%8F%99%EB%91%90%EC%B2%9C%EC%A7%80%ED%96%89%EC%A0%90%20%EA%B2%BD%EA%B8%B0%EB%8F%84%20%EB%8F%99%EB%91%90%EC%B2%9C%EC%8B%9C%20%EC%A4%91%EC%95%99%EB%A1%9C%20132%20%EC%9D%B4%EB%8B%B4%ED%94%84%EB%9D%BC%EC%9E%90%EB%B9%8C%EB%94%A9","확인 완료","10%","군 장병","업소별 할인율·적용 품목·중복 할인 여부는 방문 전 문의","군인 신분 확인자료(방문 전 문의)","031-862-5509","지자체 공식 자료","https://www.ddc.go.kr/ddc/contents.do?key=1570","2026-08-15","이용 가능","ilwoo-maker","사용자 제공 확장 파일 중 동두천시 공식 출처 행을 정규화"
"음식","쌍둥이족발","경기도","동두천시","경기도 동두천시 생연로122, 1층(생연동)","","37.9032591","127.0512744","Geocoding API","https://map.naver.com/p/search/%EC%8C%8D%EB%91%A5%EC%9D%B4%EC%A1%B1%EB%B0%9C%20%EA%B2%BD%EA%B8%B0%EB%8F%84%20%EB%8F%99%EB%91%90%EC%B2%9C%EC%8B%9C%20%EC%83%9D%EC%97%B0%EB%A1%9C%20122","확인 완료","10% (포장·방문)","군 장병","업소별 할인율·적용 품목·중복 할인 여부는 방문 전 문의","군인 신분 확인자료(방문 전 문의)","031-863-4593","지자체 공식 자료","https://www.ddc.go.kr/ddc/contents.do?key=1570","2026-08-15","이용 가능","ilwoo-maker","사용자 제공 확장 파일 중 동두천시 공식 출처 행을 정규화"
"음식","압구정 화로구이","경기도","동두천시","경기도 동두천시 지행로52, 108~110호(지행동)","","37.8920811","127.0530217","Geocoding API","https://map.naver.com/p/search/%EC%95%95%EA%B5%AC%EC%A0%95%20%ED%99%94%EB%A1%9C%EA%B5%AC%EC%9D%B4%20%EA%B2%BD%EA%B8%B0%EB%8F%84%20%EB%8F%99%EB%91%90%EC%B2%9C%EC%8B%9C%20%EC%A7%80%ED%96%89%EB%A1%9C%2052%20%EC%86%A1%EB%82%B4%ED%94%84%EB%9D%BC%EC%9E%90","확인 완료","5%","군 장병","업소별 할인율·적용 품목·중복 할인 여부는 방문 전 문의","군인 신분 확인자료(방문 전 문의)","0507-1482-9993","지자체 공식 자료","https://www.ddc.go.kr/ddc/contents.do?key=1570","2026-08-15","이용 가능","ilwoo-maker","사용자 제공 확장 파일 중 동두천시 공식 출처 행을 정규화"
"음식","어멍생고기","경기도","동두천시","경기도 동두천시 동두천로119, 1층(지행동)","","37.8920677","127.0546205","Geocoding API","https://map.naver.com/p/search/%EC%96%B4%EB%A9%8D%EC%83%9D%EA%B3%A0%EA%B8%B0%20%EA%B2%BD%EA%B8%B0%EB%8F%84%20%EB%8F%99%EB%91%90%EC%B2%9C%EC%8B%9C%20%EB%8F%99%EB%91%90%EC%B2%9C%EB%A1%9C%20119%20%EC%A7%80%ED%96%89%EC%97%AD%ED%94%84%EB%9D%BC%EC%9E%90","확인 완료","음료·된장찌개 서비스","군 장병","업소별 할인율·적용 품목·중복 할인 여부는 방문 전 문의","군인 신분 확인자료(방문 전 문의)","0507-1430-1253","지자체 공식 자료","https://www.ddc.go.kr/ddc/contents.do?key=1570","2026-08-15","이용 가능","ilwoo-maker","사용자 제공 확장 파일 중 동두천시 공식 출처 행을 정규화"
"음식","요리하는경더기","경기도","동두천시","경기도 동두천시 중앙로134-20, 3층(지행동)","","37.8930182","127.0538205","Geocoding API","https://map.naver.com/p/search/%EC%9A%94%EB%A6%AC%ED%95%98%EB%8A%94%EA%B2%BD%EB%8D%94%EA%B8%B0%20%EA%B2%BD%EA%B8%B0%EB%8F%84%20%EB%8F%99%EB%91%90%EC%B2%9C%EC%8B%9C%20%EC%A4%91%EC%95%99%EB%A1%9C%20134-20","확인 완료","10%","군 장병","업소별 할인율·적용 품목·중복 할인 여부는 방문 전 문의","군인 신분 확인자료(방문 전 문의)","0507-1335-5030","지자체 공식 자료","https://www.ddc.go.kr/ddc/contents.do?key=1570","2026-08-15","이용 가능","ilwoo-maker","사용자 제공 확장 파일 중 동두천시 공식 출처 행을 정규화"
"음식","우막산순대국","경기도","동두천시","경기도 동두천시 평화로2261번길 22(지행동)","","37.8902959","127.0565284","Geocoding API","https://map.naver.com/p/search/%EC%9A%B0%EB%A7%89%EC%82%B0%EC%88%9C%EB%8C%80%EA%B5%AD%20%EA%B2%BD%EA%B8%B0%EB%8F%84%20%EB%8F%99%EB%91%90%EC%B2%9C%EC%8B%9C%20%ED%8F%89%ED%99%94%EB%A1%9C2261%EB%B2%88%EA%B8%B8%2022%20%EA%B8%88%ED%98%B8%ED%83%80%EC%9D%B4%EC%96%B4%ED%94%84%EB%A1%9C","확인 완료","10%","군 장병","업소별 할인율·적용 품목·중복 할인 여부는 방문 전 문의","군인 신분 확인자료(방문 전 문의)","031-928-5835","지자체 공식 자료","https://www.ddc.go.kr/ddc/contents.do?key=1570","2026-08-15","이용 가능","ilwoo-maker","사용자 제공 확장 파일 중 동두천시 공식 출처 행을 정규화"
"음식","유경장작구이","경기도","동두천시","경기도 동두천시 평화로2910번길 10(상봉암동)","","37.9459138","127.0617488","Geocoding API","https://map.naver.com/p/search/%EC%9C%A0%EA%B2%BD%EC%9E%A5%EC%9E%91%EA%B5%AC%EC%9D%B4%20%EA%B2%BD%EA%B8%B0%EB%8F%84%20%EB%8F%99%EB%91%90%EC%B2%9C%EC%8B%9C%20%ED%8F%89%ED%99%94%EB%A1%9C2910%EB%B2%88%EA%B8%B8%2010","확인 완료","5%","군 장병","업소별 할인율·적용 품목·중복 할인 여부는 방문 전 문의","군인 신분 확인자료(방문 전 문의)","031-865-5292","지자체 공식 자료","https://www.ddc.go.kr/ddc/contents.do?key=1570","2026-08-15","이용 가능","ilwoo-maker","사용자 제공 확장 파일 중 동두천시 공식 출처 행을 정규화"
"음식","육꼬집","경기도","동두천시","경기도 동두천시 중앙로110-9, 106~108호(지행동)","","37.8916416","127.0530533","Geocoding API","https://map.naver.com/p/search/%EC%9C%A1%EA%BC%AC%EC%A7%91%20%EA%B2%BD%EA%B8%B0%EB%8F%84%20%EB%8F%99%EB%91%90%EC%B2%9C%EC%8B%9C%20%EC%A4%91%EC%95%99%EB%A1%9C%20110-9%20%ED%95%9C%EC%8A%A4%EB%B9%8C%EB%94%A9","확인 완료","5%","군 장병","업소별 할인율·적용 품목·중복 할인 여부는 방문 전 문의","군인 신분 확인자료(방문 전 문의)","031-866-1236","지자체 공식 자료","https://www.ddc.go.kr/ddc/contents.do?key=1570","2026-08-15","이용 가능","ilwoo-maker","사용자 제공 확장 파일 중 동두천시 공식 출처 행을 정규화"
"음식","으뜸코다리냉면","경기도","동두천시","경기도 동두천시 생연로170-2, 1층(생연동)","","37.9076616","127.0526978","Geocoding API","https://map.naver.com/p/search/%EC%9C%BC%EB%9C%B8%EC%BD%94%EB%8B%A4%EB%A6%AC%EB%83%89%EB%A9%B4%20%EA%B2%BD%EA%B8%B0%EB%8F%84%20%EB%8F%99%EB%91%90%EC%B2%9C%EC%8B%9C%20%EC%83%9D%EC%97%B0%EB%A1%9C%20170-2","확인 완료","10%","군 장병","업소별 할인율·적용 품목·중복 할인 여부는 방문 전 문의","군인 신분 확인자료(방문 전 문의)","031-868-0017","지자체 공식 자료","https://www.ddc.go.kr/ddc/contents.do?key=1570","2026-08-15","이용 가능","ilwoo-maker","사용자 제공 확장 파일 중 동두천시 공식 출처 행을 정규화"
"음식","일미담","경기도","동두천시","경기도 동두천시 동광로73, 1층(생연동)","","37.9088932","127.056332","Geocoding API","https://map.naver.com/p/search/%EC%9D%BC%EB%AF%B8%EB%8B%B4%20%EA%B2%BD%EA%B8%B0%EB%8F%84%20%EB%8F%99%EB%91%90%EC%B2%9C%EC%8B%9C%20%EB%8F%99%EA%B4%91%EB%A1%9C%2073","확인 완료","5%","군 장병","업소별 할인율·적용 품목·중복 할인 여부는 방문 전 문의","군인 신분 확인자료(방문 전 문의)","031-866-4063","지자체 공식 자료","https://www.ddc.go.kr/ddc/contents.do?key=1570","2026-08-15","이용 가능","ilwoo-maker","사용자 제공 확장 파일 중 동두천시 공식 출처 행을 정규화"
"음식","장단콩터","경기도","동두천시","경기도 동두천시 생연로119-1, 1층(생연동)","","37.9033102","127.0509794","Geocoding API","https://map.naver.com/p/search/%EC%9E%A5%EB%8B%A8%EC%BD%A9%ED%84%B0%20%EA%B2%BD%EA%B8%B0%EB%8F%84%20%EB%8F%99%EB%91%90%EC%B2%9C%EC%8B%9C%20%EC%83%9D%EC%97%B0%EB%A1%9C%20119-1","확인 완료","10%","군 장병","업소별 할인율·적용 품목·중복 할인 여부는 방문 전 문의","군인 신분 확인자료(방문 전 문의)","031-857-7756","지자체 공식 자료","https://www.ddc.go.kr/ddc/contents.do?key=1570","2026-08-15","이용 가능","ilwoo-maker","사용자 제공 확장 파일 중 동두천시 공식 출처 행을 정규화"
"음식","좋은날식당","경기도","동두천시","경기도 동두천시 중앙로265번길 23(생연동)","","37.9052627","127.0525376","Geocoding API","https://map.naver.com/p/search/%EC%A2%8B%EC%9D%80%EB%82%A0%EC%8B%9D%EB%8B%B9%20%EA%B2%BD%EA%B8%B0%EB%8F%84%20%EB%8F%99%EB%91%90%EC%B2%9C%EC%8B%9C%20%EC%A4%91%EC%95%99%EB%A1%9C265%EB%B2%88%EA%B8%B8%2023","확인 완료","15%","군 장병","업소별 할인율·적용 품목·중복 할인 여부는 방문 전 문의","군인 신분 확인자료(방문 전 문의)","031-862-2716","지자체 공식 자료","https://www.ddc.go.kr/ddc/contents.do?key=1570","2026-08-15","이용 가능","ilwoo-maker","사용자 제공 확장 파일 중 동두천시 공식 출처 행을 정규화"
"음식","처가집(부대찌개)","경기도","동두천시","경기도 동두천시 어수로91-3(생연동)","","37.9027419","127.0527489","Geocoding API","https://map.naver.com/p/search/%EC%B2%98%EA%B0%80%EC%A7%91%28%EB%B6%80%EB%8C%80%EC%B0%8C%EA%B0%9C%29%20%EA%B2%BD%EA%B8%B0%EB%8F%84%20%EB%8F%99%EB%91%90%EC%B2%9C%EC%8B%9C%20%EC%96%B4%EC%88%98%EB%A1%9C%2091-3","확인 완료","10%","군 장병","업소별 할인율·적용 품목·중복 할인 여부는 방문 전 문의","군인 신분 확인자료(방문 전 문의)","031-862-6640","지자체 공식 자료","https://www.ddc.go.kr/ddc/contents.do?key=1570","2026-08-15","이용 가능","ilwoo-maker","사용자 제공 확장 파일 중 동두천시 공식 출처 행을 정규화"
"음식","초코파이","경기도","동두천시","경기도 동두천시 큰시장로 42(생연동)","","37.9005329","127.0531008","Geocoding API","https://map.naver.com/p/search/%EC%B4%88%EC%BD%94%ED%8C%8C%EC%9D%B4%20%EA%B2%BD%EA%B8%B0%EB%8F%84%20%EB%8F%99%EB%91%90%EC%B2%9C%EC%8B%9C%20%ED%81%B0%EC%8B%9C%EC%9E%A5%EB%A1%9C%2042%20%EA%B3%A0%EB%A0%A4%EB%B9%8C%EB%94%A9","확인 완료","10%(포장·방문)","군 장병","업소별 할인율·적용 품목·중복 할인 여부는 방문 전 문의","군인 신분 확인자료(방문 전 문의)","031-861-7922","지자체 공식 자료","https://www.ddc.go.kr/ddc/contents.do?key=1570","2026-08-15","이용 가능","ilwoo-maker","사용자 제공 확장 파일 중 동두천시 공식 출처 행을 정규화"
"음식","촌가","경기도","동두천시","경기도 동두천시 중앙로273번길 30, 1층(생연동)","","37.9062452","127.0524678","Geocoding API","https://map.naver.com/p/search/%EC%B4%8C%EA%B0%80%20%EA%B2%BD%EA%B8%B0%EB%8F%84%20%EB%8F%99%EB%91%90%EC%B2%9C%EC%8B%9C%20%EC%A4%91%EC%95%99%EB%A1%9C273%EB%B2%88%EA%B8%B8%2030","확인 완료","10%","군 장병","업소별 할인율·적용 품목·중복 할인 여부는 방문 전 문의","군인 신분 확인자료(방문 전 문의)","031-857-3369","지자체 공식 자료","https://www.ddc.go.kr/ddc/contents.do?key=1570","2026-08-15","이용 가능","ilwoo-maker","사용자 제공 확장 파일 중 동두천시 공식 출처 행을 정규화"
"음식","통큰부대찌개","경기도","동두천시","경기도 동두천시 생연로39-60(지행동)","","37.8964189","127.0479792","Geocoding API","https://map.naver.com/p/search/%ED%86%B5%ED%81%B0%EB%B6%80%EB%8C%80%EC%B0%8C%EA%B0%9C%20%EA%B2%BD%EA%B8%B0%EB%8F%84%20%EB%8F%99%EB%91%90%EC%B2%9C%EC%8B%9C%20%EC%83%9D%EC%97%B0%EB%A1%9C%2039-60","확인 완료","10%","군 장병","업소별 할인율·적용 품목·중복 할인 여부는 방문 전 문의","군인 신분 확인자료(방문 전 문의)","031-868-4270","지자체 공식 자료","https://www.ddc.go.kr/ddc/contents.do?key=1570","2026-08-15","이용 가능","ilwoo-maker","사용자 제공 확장 파일 중 동두천시 공식 출처 행을 정규화"
"음식","특허받은 마늘콩짜장","경기도","동두천시","경기도 동두천시 평화로 2351(생연동)","","37.8977819","127.05757","Geocoding API","https://map.naver.com/p/search/%ED%8A%B9%ED%97%88%EB%B0%9B%EC%9D%80%20%EB%A7%88%EB%8A%98%EC%BD%A9%EC%A7%9C%EC%9E%A5%20%EA%B2%BD%EA%B8%B0%EB%8F%84%20%EB%8F%99%EB%91%90%EC%B2%9C%EC%8B%9C%20%ED%8F%89%ED%99%94%EB%A1%9C%202351","확인 완료","10%","군 장병","업소별 할인율·적용 품목·중복 할인 여부는 방문 전 문의","군인 신분 확인자료(방문 전 문의)","031-858-3110","지자체 공식 자료","https://www.ddc.go.kr/ddc/contents.do?key=1570","2026-08-15","이용 가능","ilwoo-maker","사용자 제공 확장 파일 중 동두천시 공식 출처 행을 정규화"
"음식","팔각도 동두천지행점","경기도","동두천시","경기도 동두천시 중앙로116, 1층(지행동)","","37.8917688","127.052518","Geocoding API","https://map.naver.com/p/search/%ED%8C%94%EA%B0%81%EB%8F%84%20%EB%8F%99%EB%91%90%EC%B2%9C%EC%A7%80%ED%96%89%EC%A0%90%20%EA%B2%BD%EA%B8%B0%EB%8F%84%20%EB%8F%99%EB%91%90%EC%B2%9C%EC%8B%9C%20%EC%A4%91%EC%95%99%EB%A1%9C%20116%20%EB%91%90%EC%86%90%ED%94%84%EB%9D%BC%EC%9E%90","확인 완료","10%","군 장병","업소별 할인율·적용 품목·중복 할인 여부는 방문 전 문의","군인 신분 확인자료(방문 전 문의)","0507-1388-8121","지자체 공식 자료","https://www.ddc.go.kr/ddc/contents.do?key=1570","2026-08-15","이용 가능","ilwoo-maker","사용자 제공 확장 파일 중 동두천시 공식 출처 행을 정규화"
"음식","페리카나역전점","경기도","동두천시","경기도 동두천시 생연로120(생연동)","","37.9031574","127.0512406","Geocoding API","https://map.naver.com/p/search/%ED%8E%98%EB%A6%AC%EC%B9%B4%EB%82%98%EC%97%AD%EC%A0%84%EC%A0%90%20%EA%B2%BD%EA%B8%B0%EB%8F%84%20%EB%8F%99%EB%91%90%EC%B2%9C%EC%8B%9C%20%EC%83%9D%EC%97%B0%EB%A1%9C%20120","확인 완료","10% (포장·방문)","군 장병","업소별 할인율·적용 품목·중복 할인 여부는 방문 전 문의","군인 신분 확인자료(방문 전 문의)","031-862-2973","지자체 공식 자료","https://www.ddc.go.kr/ddc/contents.do?key=1570","2026-08-15","이용 가능","ilwoo-maker","사용자 제공 확장 파일 중 동두천시 공식 출처 행을 정규화"
"음식","페리카나 터미널점","경기도","동두천시","경기도 동두천시 중앙로265번길 15(생연동)","","37.9051863","127.0529224","Geocoding API","https://map.naver.com/p/search/%ED%8E%98%EB%A6%AC%EC%B9%B4%EB%82%98%20%ED%84%B0%EB%AF%B8%EB%84%90%EC%A0%90%20%EA%B2%BD%EA%B8%B0%EB%8F%84%20%EB%8F%99%EB%91%90%EC%B2%9C%EC%8B%9C%20%EC%A4%91%EC%95%99%EB%A1%9C265%EB%B2%88%EA%B8%B8%2015","확인 완료","10% (포장·방문)","군 장병","업소별 할인율·적용 품목·중복 할인 여부는 방문 전 문의","군인 신분 확인자료(방문 전 문의)","031-862-7853","지자체 공식 자료","https://www.ddc.go.kr/ddc/contents.do?key=1570","2026-08-15","이용 가능","ilwoo-maker","사용자 제공 확장 파일 중 동두천시 공식 출처 행을 정규화"
"음식","황주생고기","경기도","동두천시","경기도 동두천시 생연로142(생연동)","","37.9050798","127.0519517","Geocoding API","https://map.naver.com/p/search/%ED%99%A9%EC%A3%BC%EC%83%9D%EA%B3%A0%EA%B8%B0%20%EA%B2%BD%EA%B8%B0%EB%8F%84%20%EB%8F%99%EB%91%90%EC%B2%9C%EC%8B%9C%20%EC%83%9D%EC%97%B0%EB%A1%9C%20142","확인 완료","3%","군 장병","업소별 할인율·적용 품목·중복 할인 여부는 방문 전 문의","군인 신분 확인자료(방문 전 문의)","031-865-2026","지자체 공식 자료","https://www.ddc.go.kr/ddc/contents.do?key=1570","2026-08-15","이용 가능","ilwoo-maker","사용자 제공 확장 파일 중 동두천시 공식 출처 행을 정규화"
"카페","롯데리아 동두천점","경기도","동두천시","경기도 동두천시 중앙로270(생연동)","","37.9056444","127.0542716","Geocoding API","https://map.naver.com/p/search/%EB%A1%AF%EB%8D%B0%EB%A6%AC%EC%95%84%20%EB%8F%99%EB%91%90%EC%B2%9C%EC%A0%90%20%EA%B2%BD%EA%B8%B0%EB%8F%84%20%EB%8F%99%EB%91%90%EC%B2%9C%EC%8B%9C%20%EC%A4%91%EC%95%99%EB%A1%9C%20270","확인 완료","10%","군 장병","업소별 할인율·적용 품목·중복 할인 여부는 방문 전 문의","군인 신분 확인자료(방문 전 문의)","031-867-5057","지자체 공식 자료","https://www.ddc.go.kr/ddc/contents.do?key=1570","2026-08-15","이용 가능","ilwoo-maker","사용자 제공 확장 파일 중 동두천시 공식 출처 행을 정규화"
"카페","빨간풍차제과점","경기도","동두천시","경기도 동두천시 동광로78번길 4(생연동)","","37.908671","127.056708","Geocoding API","https://map.naver.com/p/search/%EB%B9%A8%EA%B0%84%ED%92%8D%EC%B0%A8%EC%A0%9C%EA%B3%BC%EC%A0%90%20%EA%B2%BD%EA%B8%B0%EB%8F%84%20%EB%8F%99%EB%91%90%EC%B2%9C%EC%8B%9C%20%EB%8F%99%EA%B4%91%EB%A1%9C78%EB%B2%88%EA%B8%B8%204%20%EB%B9%A8%EA%B0%84%ED%92%8D%EC%B0%A8%20%EA%B3%BC%EC%9E%90%EC%A0%90","확인 완료","5%","군 장병","업소별 할인율·적용 품목·중복 할인 여부는 방문 전 문의","군인 신분 확인자료(방문 전 문의)","031-868-3111","지자체 공식 자료","https://www.ddc.go.kr/ddc/contents.do?key=1570","2026-08-15","이용 가능","ilwoo-maker","사용자 제공 확장 파일 중 동두천시 공식 출처 행을 정규화"
"카페","뿌리깊은나무","경기도","동두천시","경기도 동두천시 안흥로78, 3·4동(안흥동)","","37.927883","127.0427531","Geocoding API","https://map.naver.com/p/search/%EB%BF%8C%EB%A6%AC%EA%B9%8A%EC%9D%80%EB%82%98%EB%AC%B4%20%EA%B2%BD%EA%B8%B0%EB%8F%84%20%EB%8F%99%EB%91%90%EC%B2%9C%EC%8B%9C%20%EC%95%88%ED%9D%A5%EB%A1%9C%2078","확인 완료","10%","군 장병","업소별 할인율·적용 품목·중복 할인 여부는 방문 전 문의","군인 신분 확인자료(방문 전 문의)","031-865-1500","지자체 공식 자료","https://www.ddc.go.kr/ddc/contents.do?key=1570","2026-08-15","이용 가능","ilwoo-maker","사용자 제공 확장 파일 중 동두천시 공식 출처 행을 정규화"
"카페","청년다방","경기도","동두천시","경기도 동두천시 평화로2261번길 9-6(지행동)","","37.8894468","127.0558675","Geocoding API","https://map.naver.com/p/search/%EC%B2%AD%EB%85%84%EB%8B%A4%EB%B0%A9%20%EA%B2%BD%EA%B8%B0%EB%8F%84%20%EB%8F%99%EB%91%90%EC%B2%9C%EC%8B%9C%20%ED%8F%89%ED%99%94%EB%A1%9C2261%EB%B2%88%EA%B8%B8%209-6","확인 완료","5%","군 장병","업소별 할인율·적용 품목·중복 할인 여부는 방문 전 문의","군인 신분 확인자료(방문 전 문의)","031-866-5055","지자체 공식 자료","https://www.ddc.go.kr/ddc/contents.do?key=1570","2026-08-15","이용 가능","ilwoo-maker","사용자 제공 확장 파일 중 동두천시 공식 출처 행을 정규화"
"카페","커피&유","경기도","동두천시","경기도 동두천시 정장로17번길 20, 1층(생연동)","","37.9054146","127.0530295","Geocoding API","https://map.naver.com/p/search/%EC%BB%A4%ED%94%BC%26%EC%9C%A0%20%EA%B2%BD%EA%B8%B0%EB%8F%84%20%EB%8F%99%EB%91%90%EC%B2%9C%EC%8B%9C%20%EC%A0%95%EC%9E%A5%EB%A1%9C17%EB%B2%88%EA%B8%B8%2020","확인 완료","10%","군 장병","업소별 할인율·적용 품목·중복 할인 여부는 방문 전 문의","군인 신분 확인자료(방문 전 문의)","031-868-3212","지자체 공식 자료","https://www.ddc.go.kr/ddc/contents.do?key=1570","2026-08-15","이용 가능","ilwoo-maker","사용자 제공 확장 파일 중 동두천시 공식 출처 행을 정규화"
"미용·뷰티","나포리미용실","경기도","파주시","파주시 문산읍 문향로56번길 19","경기도 파주시 문산읍 문산리 9-3","37.8575548597","126.7860838208","","","재확인 필요","20%할인","파주시 관내 주둔 군 장병 및 사회복무요원","업소별 세부 조건 및 중복할인 여부는 방문 전 확인","군인 또는 사회복무요원 신분 확인자료(방문 전 업소 확인 권장)","031-952-3868","지자체 공식 자료","https://www.paju.go.kr/user/soldier/BD_discountStoreList.do?q_ctgCd=1004","2026-08-15","이용 가능","ilwoo-maker","파주시 실시간 현황에 등재; 2026-01-14 공공데이터 필드로 보강; 원 공공데이터 기준일 2026-01-14"
"미용·뷰티","라헬헤어","경기도","파주시","파주시 문산읍 문향로75번길 19-12 1층 일부","경기도 파주시 문산읍 문산리 73-29","37.8586564518","126.7844539498","","","재확인 필요","15%할인","파주시 관내 주둔 군 장병 및 사회복무요원","업소별 세부 조건 및 중복할인 여부는 방문 전 확인","군인 또는 사회복무요원 신분 확인자료(방문 전 업소 확인 권장)","070-4006-0357","지자체 공식 자료","https://www.paju.go.kr/user/soldier/BD_discountStoreList.do?q_ctgCd=1004","2026-08-15","이용 가능","ilwoo-maker","파주시 실시간 현황에 등재; 2026-01-14 공공데이터 필드로 보강; 원 공공데이터 기준일 2026-01-14"
"미용·뷰티","박준 뷰티랩","경기도","파주시","파주시 문산읍 방촌로 1719","경기도 파주시 문산읍 당동리 899","37.8660760413","126.7843576738","","","재확인 필요","10%할인","파주시 관내 주둔 군 장병 및 사회복무요원","업소별 세부 조건 및 중복할인 여부는 방문 전 확인","군인 또는 사회복무요원 신분 확인자료(방문 전 업소 확인 권장)","031-954-0454","지자체 공식 자료","https://www.paju.go.kr/user/soldier/BD_discountStoreList.do?q_ctgCd=1004","2026-08-15","이용 가능","ilwoo-maker","파주시 실시간 현황에 등재; 2026-01-14 공공데이터 필드로 보강; 원 공공데이터 기준일 2026-01-14"
"미용·뷰티","샴푸의요정","경기도","파주시","파주시 문산읍 문향로 60-1","경기도 파주시 문산읍 문산리 10-209","37.8572806596","126.7852198656","","","재확인 필요","10%할인","파주시 관내 주둔 군 장병 및 사회복무요원","업소별 세부 조건 및 중복할인 여부는 방문 전 확인","군인 또는 사회복무요원 신분 확인자료(방문 전 업소 확인 권장)","031-953-6639","지자체 공식 자료","https://www.paju.go.kr/user/soldier/BD_discountStoreList.do?q_ctgCd=1004","2026-08-15","이용 가능","ilwoo-maker","파주시 실시간 현황에 등재; 2026-01-14 공공데이터 필드로 보강; 원 공공데이터 기준일 2026-01-14"
"미용·뷰티","씨케이미용실(CK 헤어)","경기도","파주시","파주시 문산읍 당동2로 11-5","경기도 파주시 문산읍 당동리 889-2","37.8674416249","126.7845633759","","","재확인 필요","20%할인","파주시 관내 주둔 군 장병 및 사회복무요원","업소별 세부 조건 및 중복할인 여부는 방문 전 확인","군인 또는 사회복무요원 신분 확인자료(방문 전 업소 확인 권장)","070-4240-1112","지자체 공식 자료","https://www.paju.go.kr/user/soldier/BD_discountStoreList.do?q_ctgCd=1004","2026-08-15","이용 가능","ilwoo-maker","파주시 실시간 현황에 등재; 2026-01-14 공공데이터 필드로 보강; 원 공공데이터 기준일 2026-01-14"
"미용·뷰티","에이바헤어 문산당동점","경기도","파주시","파주시 문산읍 방촌로 1719-62","경기도 파주시 문산읍 당동리 890","37.8672498942","126.7837230499","","","재확인 필요","10%할인","파주시 관내 주둔 군 장병 및 사회복무요원","업소별 세부 조건 및 중복할인 여부는 방문 전 확인","군인 또는 사회복무요원 신분 확인자료(방문 전 업소 확인 권장)","031-954-0503","지자체 공식 자료","https://www.paju.go.kr/user/soldier/BD_discountStoreList.do?q_ctgCd=1004","2026-08-15","이용 가능","ilwoo-maker","파주시 실시간 현황에 등재; 2026-01-14 공공데이터 필드로 보강; 원 공공데이터 기준일 2026-01-14"
"미용·뷰티","헤어갤러리","경기도","파주시","파주시 문산읍 문산로26번길 2","경기도 파주시 문산읍 문산리 42-23","37.8572216994","126.7821096753","","","재확인 필요","20%할인","파주시 관내 주둔 군 장병 및 사회복무요원","업소별 세부 조건 및 중복할인 여부는 방문 전 확인","군인 또는 사회복무요원 신분 확인자료(방문 전 업소 확인 권장)","031-954-3060","지자체 공식 자료","https://www.paju.go.kr/user/soldier/BD_discountStoreList.do?q_ctgCd=1004","2026-08-15","이용 가능","ilwoo-maker","파주시 실시간 현황에 등재; 2026-01-14 공공데이터 필드로 보강; 원 공공데이터 기준일 2026-01-14"
"숙박","M 모텔","경기도","파주시","파주시 문산읍 문향로 87-1","경기도 파주시 문산읍 선유리 950-85","37.8594487596","126.7865381201","","","재확인 필요","10%할인","파주시 관내 주둔 군 장병 및 사회복무요원","업소별 세부 조건 및 중복할인 여부는 방문 전 확인","군인 또는 사회복무요원 신분 확인자료(방문 전 업소 확인 권장)","031-953-3263","지자체 공식 자료","https://www.paju.go.kr/user/soldier/BD_discountStoreList.do?q_ctgCd=1002","2026-08-15","이용 가능","ilwoo-maker","파주시 실시간 현황에 등재; 2026-01-14 공공데이터 필드로 보강; 원 공공데이터 기준일 2026-01-14"
"숙박","로얄모텔","경기도","파주시","파주시 문산읍 문향로49번길 20","경기도 파주시 문산읍 문산리 10-42","37.8565137708","126.7842832642","","","재확인 필요","20%할인","파주시 관내 주둔 군 장병 및 사회복무요원","업소별 세부 조건 및 중복할인 여부는 방문 전 확인","군인 또는 사회복무요원 신분 확인자료(방문 전 업소 확인 권장)","031-953-6667","지자체 공식 자료","https://www.paju.go.kr/user/soldier/BD_discountStoreList.do?q_ctgCd=1002","2026-08-15","이용 가능","ilwoo-maker","파주시 실시간 현황에 등재; 2026-01-14 공공데이터 필드로 보강; 원 공공데이터 기준일 2026-01-14"
"숙박","모텔청화","경기도","파주시","파주시 문산읍 문향로 69-15","경기도 파주시 문산읍 문산리 61-78","37.8584144109","126.7845765847","","","재확인 필요","25%할인","파주시 관내 주둔 군 장병 및 사회복무요원","업소별 세부 조건 및 중복할인 여부는 방문 전 확인","군인 또는 사회복무요원 신분 확인자료(방문 전 업소 확인 권장)","031-952-2626","지자체 공식 자료","https://www.paju.go.kr/user/soldier/BD_discountStoreList.do?q_ctgCd=1002","2026-08-15","이용 가능","ilwoo-maker","파주시 실시간 현황에 등재; 2026-01-14 공공데이터 필드로 보강; 원 공공데이터 기준일 2026-01-14"
"음식","59쌀피자","경기도","파주시","파주시 문산읍 문향로68번길 8 1층","경기도 파주시 문산읍 문산리 61-40","37.8581891142","126.7847905323","","","재확인 필요","음료수500ml 제공+주문 시 사이즈 업","파주시 관내 주둔 군 장병 및 사회복무요원","업소별 세부 조건 및 중복할인 여부는 방문 전 확인","군인 또는 사회복무요원 신분 확인자료(방문 전 업소 확인 권장)","031-952-5909","지자체 공식 자료","https://www.paju.go.kr/user/soldier/BD_discountStoreList.do?q_ctgCd=1001","2026-08-15","이용 가능","ilwoo-maker","파주시 실시간 현황에 등재; 2026-01-14 공공데이터 필드로 보강; 원 공공데이터 기준일 2026-01-14"
"음식","갈비도둑","경기도","파주시","파주시 문산읍 문향로39번길 8","경기도 파주시 문산읍 문산리 11-9","37.8556016496","126.7851706491","","","재확인 필요","고기주문시 음료+공기밥+주류 서비스","파주시 관내 주둔 군 장병 및 사회복무요원","업소별 세부 조건 및 중복할인 여부는 방문 전 확인","군인 또는 사회복무요원 신분 확인자료(방문 전 업소 확인 권장)","031-952-9296","지자체 공식 자료","https://www.paju.go.kr/user/soldier/BD_discountStoreList.do?q_ctgCd=1001","2026-08-15","이용 가능","ilwoo-maker","파주시 실시간 현황에 등재; 2026-01-14 공공데이터 필드로 보강; 원 공공데이터 기준일 2026-01-14"
"음식","누구나홀딱반한닭 문산당동점","경기도","파주시","파주시 문산읍 당동2로 11-5","경기도 파주시 문산읍 당동리 889-2","37.8674416249","126.7845633759","","","재확인 필요","5~10%할인","파주시 관내 주둔 군 장병 및 사회복무요원","업소별 세부 조건 및 중복할인 여부는 방문 전 확인","군인 또는 사회복무요원 신분 확인자료(방문 전 업소 확인 권장)","031-942-7617","지자체 공식 자료","https://www.paju.go.kr/user/soldier/BD_discountStoreList.do?q_ctgCd=1001","2026-08-15","이용 가능","ilwoo-maker","파주시 실시간 현황에 등재; 2026-01-14 공공데이터 필드로 보강; 원 공공데이터 기준일 2026-01-14"
"음식","두근두근","경기도","파주시","파주시 문산읍 당동2로 11-1","경기도 파주시 문산읍 당동리 888","37.8676550313","126.783859722","","","재확인 필요","10%할인","파주시 관내 주둔 군 장병 및 사회복무요원","업소별 세부 조건 및 중복할인 여부는 방문 전 확인","군인 또는 사회복무요원 신분 확인자료(방문 전 업소 확인 권장)","031-953-3396","지자체 공식 자료","https://www.paju.go.kr/user/soldier/BD_discountStoreList.do?q_ctgCd=1001","2026-08-15","이용 가능","ilwoo-maker","파주시 실시간 현황에 등재; 2026-01-14 공공데이터 필드로 보강; 원 공공데이터 기준일 2026-01-14"
"음식","또봉이통닭(문산점)","경기도","파주시","파주시 문산읍 봉미로 19","경기도 파주시 문산읍 선유리 907-2","37.8620658649","126.7859082771","","","재확인 필요","음료수 제공","파주시 관내 주둔 군 장병 및 사회복무요원","업소별 세부 조건 및 중복할인 여부는 방문 전 확인","군인 또는 사회복무요원 신분 확인자료(방문 전 업소 확인 권장)","031-948-5511","지자체 공식 자료","https://www.paju.go.kr/user/soldier/BD_discountStoreList.do?q_ctgCd=1001","2026-08-15","이용 가능","ilwoo-maker","파주시 실시간 현황에 등재; 2026-01-14 공공데이터 필드로 보강; 원 공공데이터 기준일 2026-01-14"
"음식","말랭이비빔국수","경기도","파주시","파주시 문산읍 방촌로 1463","경기도 파주시 문산읍 내포리 553-4","37.8498020601","126.7647609346","","","재확인 필요","음료수 제공","파주시 관내 주둔 군 장병 및 사회복무요원","업소별 세부 조건 및 중복할인 여부는 방문 전 확인","군인 또는 사회복무요원 신분 확인자료(방문 전 업소 확인 권장)","031-952-2898","지자체 공식 자료","https://www.paju.go.kr/user/soldier/BD_discountStoreList.do?q_ctgCd=1001","2026-08-15","이용 가능","ilwoo-maker","파주시 실시간 현황에 등재; 2026-01-14 공공데이터 필드로 보강; 원 공공데이터 기준일 2026-01-14"
"음식","바른생고기정육점 소풍정육식당","경기도","파주시","파주시 문산읍 문향로 12 1~2층","경기도 파주시 문산읍 문산리 17-522","37.8530792776","126.786617845","","","재확인 필요","테이블당 5000원 할인+계란찜+찌개 제공","파주시 관내 주둔 군 장병 및 사회복무요원","업소별 세부 조건 및 중복할인 여부는 방문 전 확인","군인 또는 사회복무요원 신분 확인자료(방문 전 업소 확인 권장)","031-953-2140","지자체 공식 자료","https://www.paju.go.kr/user/soldier/BD_discountStoreList.do?q_ctgCd=1001","2026-08-15","이용 가능","ilwoo-maker","파주시 실시간 현황에 등재; 2026-01-14 공공데이터 필드로 보강; 원 공공데이터 기준일 2026-01-14"
"음식","박여사미락감자탕","경기도","파주시","파주시 문산읍 봉미로 9","경기도 파주시 문산읍 선유리 945-7","37.8613295022","126.7868424765","","","재확인 필요","음료수제공(또는 라면사리+공기밥 제공)","파주시 관내 주둔 군 장병 및 사회복무요원","업소별 세부 조건 및 중복할인 여부는 방문 전 확인","군인 또는 사회복무요원 신분 확인자료(방문 전 업소 확인 권장)","031-954-1210","지자체 공식 자료","https://www.paju.go.kr/user/soldier/BD_discountStoreList.do?q_ctgCd=1001","2026-08-15","이용 가능","ilwoo-maker","파주시 실시간 현황에 등재; 2026-01-14 공공데이터 필드로 보강; 원 공공데이터 기준일 2026-01-14"
"음식","밥꼬 문산점","경기도","파주시","파주시 문산읍 문향로67번길 15 1층","경기도 파주시 문산읍 문산리 61-28","37.8581190416","126.7843589255","","","재확인 필요","소주 무제한","파주시 관내 주둔 군 장병 및 사회복무요원","업소별 세부 조건 및 중복할인 여부는 방문 전 확인","군인 또는 사회복무요원 신분 확인자료(방문 전 업소 확인 권장)","031-953-2088","지자체 공식 자료","https://www.paju.go.kr/user/soldier/BD_discountStoreList.do?q_ctgCd=1001","2026-08-15","이용 가능","ilwoo-maker","파주시 실시간 현황에 등재; 2026-01-14 공공데이터 필드로 보강; 원 공공데이터 기준일 2026-01-14"
"음식","별하(BYULHA)","경기도","파주시","파주시 문산읍 방촌로 1744 (파주힐스테이트1차) 에이상가동 지하1층 104호","경기도 파주시 문산읍 당동리 935","37.8683550259","126.786254898","","","재확인 필요","5%할인","파주시 관내 주둔 군 장병 및 사회복무요원","업소별 세부 조건 및 중복할인 여부는 방문 전 확인","군인 또는 사회복무요원 신분 확인자료(방문 전 업소 확인 권장)","","지자체 공식 자료","https://www.paju.go.kr/user/soldier/BD_discountStoreList.do?q_ctgCd=1001","2026-08-15","이용 가능","ilwoo-maker","파주시 실시간 현황에 등재; 2026-01-14 공공데이터 필드로 보강; 원 공공데이터 기준일 2026-01-14"
"음식","북촌손만두 파주문산점","경기도","파주시","파주시 문산읍 우계로 424 1층 110호","경기도 파주시 문산읍 선유리 611-1","37.8567343257","126.7974747549","","","재확인 필요","20000원 이상 2000원 할인+20000원 이하 1000원 할인","파주시 관내 주둔 군 장병 및 사회복무요원","업소별 세부 조건 및 중복할인 여부는 방문 전 확인","군인 또는 사회복무요원 신분 확인자료(방문 전 업소 확인 권장)","031-953-5988","지자체 공식 자료","https://www.paju.go.kr/user/soldier/BD_discountStoreList.do?q_ctgCd=1001","2026-08-15","이용 가능","ilwoo-maker","파주시 실시간 현황에 등재; 2026-01-14 공공데이터 필드로 보강; 원 공공데이터 기준일 2026-01-14"
"음식","삼겹살에 소주한잔","경기도","파주시","파주시 문산읍 문향로84번길 2 2층","경기도 파주시 문산읍 문산리 17-45","37.8589161751","126.7865695422","","","재확인 필요","1인분당 1000원 할인","파주시 관내 주둔 군 장병 및 사회복무요원","업소별 세부 조건 및 중복할인 여부는 방문 전 확인","군인 또는 사회복무요원 신분 확인자료(방문 전 업소 확인 권장)","031-953-0068","지자체 공식 자료","https://www.paju.go.kr/user/soldier/BD_discountStoreList.do?q_ctgCd=1001","2026-08-15","이용 가능","ilwoo-maker","파주시 실시간 현황에 등재; 2026-01-14 공공데이터 필드로 보강; 원 공공데이터 기준일 2026-01-14"
"음식","삼산회관 파주문산점","경기도","파주시","파주시 문산읍 문향로 71","경기도 파주시 문산읍 문산리 6-2","37.8583643974","126.7852118347","","","재확인 필요","10% 할인","파주시 관내 주둔 군 장병 및 사회복무요원","업소별 세부 조건 및 중복할인 여부는 방문 전 확인","군인 또는 사회복무요원 신분 확인자료(방문 전 업소 확인 권장)","031-959-5609","지자체 공식 자료","https://www.paju.go.kr/user/soldier/BD_discountStoreList.do?q_ctgCd=1001","2026-08-15","이용 가능","ilwoo-maker","파주시 실시간 현황에 등재; 2026-01-14 공공데이터 필드로 보강; 원 공공데이터 기준일 2026-01-14"
"음식","상원각","경기도","파주시","파주시 문산읍 문향로 35","경기도 파주시 문산읍 문산리 15-5","37.8550642959","126.7856996773","","","재확인 필요","5%할인","파주시 관내 주둔 군 장병 및 사회복무요원","업소별 세부 조건 및 중복할인 여부는 방문 전 확인","군인 또는 사회복무요원 신분 확인자료(방문 전 업소 확인 권장)","031-952-7303","지자체 공식 자료","https://www.paju.go.kr/user/soldier/BD_discountStoreList.do?q_ctgCd=1001","2026-08-15","이용 가능","ilwoo-maker","파주시 실시간 현황에 등재; 2026-01-14 공공데이터 필드로 보강; 원 공공데이터 기준일 2026-01-14"
"음식","숯불에닭 문산점","경기도","파주시","파주시 문산읍 문산로40번길 41 상가 118호, 119호","경기도 파주시 문산읍 문산리 37-3","37.8555076252","126.7843517609","","","재확인 필요","사이드 메뉴 서비스","파주시 관내 주둔 군 장병 및 사회복무요원","업소별 세부 조건 및 중복할인 여부는 방문 전 확인","군인 또는 사회복무요원 신분 확인자료(방문 전 업소 확인 권장)","031-953-3660","지자체 공식 자료","https://www.paju.go.kr/user/soldier/BD_discountStoreList.do?q_ctgCd=1001","2026-08-15","이용 가능","ilwoo-maker","파주시 실시간 현황에 등재; 2026-01-14 공공데이터 필드로 보강; 원 공공데이터 기준일 2026-01-14"
"음식","쑝쑝돈까스 문산점","경기도","파주시","파주시 문산읍 문향로67번길 10 1층","경기도 파주시 문산읍 문산리 61-65","37.8582369953","126.7846649406","","","재확인 필요","공기밥 제공","파주시 관내 주둔 군 장병 및 사회복무요원","업소별 세부 조건 및 중복할인 여부는 방문 전 확인","군인 또는 사회복무요원 신분 확인자료(방문 전 업소 확인 권장)","031-953-0339","지자체 공식 자료","https://www.paju.go.kr/user/soldier/BD_discountStoreList.do?q_ctgCd=1001","2026-08-15","이용 가능","ilwoo-maker","파주시 실시간 현황에 등재; 2026-01-14 공공데이터 필드로 보강; 원 공공데이터 기준일 2026-01-14"
"음식","아리비스트로","경기도","파주시","파주시 문산읍 당동1로 53-5","경기도 파주시 문산읍 당동리 168","37.8635969435","126.77348781","","","재확인 필요","10% 할인","파주시 관내 주둔 군 장병 및 사회복무요원","업소별 세부 조건 및 중복할인 여부는 방문 전 확인","군인 또는 사회복무요원 신분 확인자료(방문 전 업소 확인 권장)","0507-1390-5354","지자체 공식 자료","https://www.paju.go.kr/user/soldier/BD_discountStoreList.do?q_ctgCd=1001","2026-08-15","이용 가능","ilwoo-maker","파주시 실시간 현황에 등재; 2026-01-14 공공데이터 필드로 보강; 원 공공데이터 기준일 2026-01-14"
"음식","아서원","경기도","파주시","파주시 문산읍 문향로49번길 20","경기도 파주시 문산읍 문산리 10-206","37.8570685381","126.785297865","","","재확인 필요","음료수+공기밥 제공","파주시 관내 주둔 군 장병 및 사회복무요원","업소별 세부 조건 및 중복할인 여부는 방문 전 확인","군인 또는 사회복무요원 신분 확인자료(방문 전 업소 확인 권장)","031-952-6635","지자체 공식 자료","https://www.paju.go.kr/user/soldier/BD_discountStoreList.do?q_ctgCd=1001","2026-08-15","이용 가능","ilwoo-maker","파주시 실시간 현황에 등재; 2026-01-14 공공데이터 필드로 보강; 원 공공데이터 기준일 2026-01-14"
"음식","육해공떠오르는집","경기도","파주시","파주시 문산읍 문향로84번길 7-1","경기도 파주시 문산읍 선유리 955-7","37.859245845","126.7868250682","","","재확인 필요","10% 할인","파주시 관내 주둔 군 장병 및 사회복무요원","업소별 세부 조건 및 중복할인 여부는 방문 전 확인","군인 또는 사회복무요원 신분 확인자료(방문 전 업소 확인 권장)","031-954-9200","지자체 공식 자료","https://www.paju.go.kr/user/soldier/BD_discountStoreList.do?q_ctgCd=1001","2026-08-15","이용 가능","ilwoo-maker","파주시 실시간 현황에 등재; 2026-01-14 공공데이터 필드로 보강; 원 공공데이터 기준일 2026-01-14"
"음식","임진강나루","경기도","파주시","파주시 문산읍 반구정로 53-51","경기도 파주시 문산읍 사목리 183","37.8666618743","126.7532662351","","","재확인 필요","10%할인","파주시 관내 주둔 군 장병 및 사회복무요원","업소별 세부 조건 및 중복할인 여부는 방문 전 확인","군인 또는 사회복무요원 신분 확인자료(방문 전 업소 확인 권장)","031-954-9898","지자체 공식 자료","https://www.paju.go.kr/user/soldier/BD_discountStoreList.do?q_ctgCd=1001","2026-08-15","이용 가능","ilwoo-maker","파주시 실시간 현황에 등재; 2026-01-14 공공데이터 필드로 보강; 원 공공데이터 기준일 2026-01-14"
"음식","장단가든","경기도","파주시","파주시 문산읍 임진나루길 133-12","경기도 파주시 문산읍 임진리 8-72","37.8861287125","126.7942377945","","","재확인 필요","5%할인","파주시 관내 주둔 군 장병 및 사회복무요원","업소별 세부 조건 및 중복할인 여부는 방문 전 확인","군인 또는 사회복무요원 신분 확인자료(방문 전 업소 확인 권장)","031-954-1559","지자체 공식 자료","https://www.paju.go.kr/user/soldier/BD_discountStoreList.do?q_ctgCd=1001","2026-08-15","이용 가능","ilwoo-maker","파주시 실시간 현황에 등재; 2026-01-14 공공데이터 필드로 보강; 원 공공데이터 기준일 2026-01-14"
"음식","장단콩전문점","경기도","파주시","파주시 문산읍 문향로 59 1층 일부","경기도 파주시 문산읍 문산리 10-6","37.8570710824","126.7849641183","","","재확인 필요","10%할인","파주시 관내 주둔 군 장병 및 사회복무요원","업소별 세부 조건 및 중복할인 여부는 방문 전 확인","군인 또는 사회복무요원 신분 확인자료(방문 전 업소 확인 권장)","031-953-1953","지자체 공식 자료","https://www.paju.go.kr/user/soldier/BD_discountStoreList.do?q_ctgCd=1001","2026-08-15","이용 가능","ilwoo-maker","파주시 실시간 현황에 등재; 2026-01-14 공공데이터 필드로 보강; 원 공공데이터 기준일 2026-01-14"
"음식","(주)반구정나루터집","경기도","파주시","파주시 문산읍 반구정로85번길 13","경기도 파주시 문산읍 사목리 208-2","37.8684147965","126.751784189","","","재확인 필요","10%할인","파주시 관내 주둔 군 장병 및 사회복무요원","업소별 세부 조건 및 중복할인 여부는 방문 전 확인","군인 또는 사회복무요원 신분 확인자료(방문 전 업소 확인 권장)","031-952-3472","지자체 공식 자료","https://www.paju.go.kr/user/soldier/BD_discountStoreList.do?q_ctgCd=1001","2026-08-15","이용 가능","ilwoo-maker","파주시 실시간 현황에 등재; 2026-01-14 공공데이터 필드로 보강; 원 공공데이터 기준일 2026-01-14"
"음식","천하곱창","경기도","파주시","파주시 문산읍 문향로 81","경기도 파주시 문산읍 선유리 955-19","37.8590190233","126.7859517491","","","재확인 필요","10%할인","파주시 관내 주둔 군 장병 및 사회복무요원","업소별 세부 조건 및 중복할인 여부는 방문 전 확인","군인 또는 사회복무요원 신분 확인자료(방문 전 업소 확인 권장)","031-952-8188","지자체 공식 자료","https://www.paju.go.kr/user/soldier/BD_discountStoreList.do?q_ctgCd=1001","2026-08-15","이용 가능","ilwoo-maker","파주시 실시간 현황에 등재; 2026-01-14 공공데이터 필드로 보강; 원 공공데이터 기준일 2026-01-14"
"음식","한성회관","경기도","파주시","파주시 문산읍 당동1로 44 1층","경기도 파주시 문산읍 당동리 175-5","37.8633090692","126.774227366","","","재확인 필요","3인 이상시 소주 3000원","파주시 관내 주둔 군 장병 및 사회복무요원","업소별 세부 조건 및 중복할인 여부는 방문 전 확인","군인 또는 사회복무요원 신분 확인자료(방문 전 업소 확인 권장)","031-953-3392","지자체 공식 자료","https://www.paju.go.kr/user/soldier/BD_discountStoreList.do?q_ctgCd=1001","2026-08-15","이용 가능","ilwoo-maker","파주시 실시간 현황에 등재; 2026-01-14 공공데이터 필드로 보강; 원 공공데이터 기준일 2026-01-14"
"카페","커피베이스","경기도","파주시","파주시 문산읍 독산로 48","경기도 파주시 문산읍 문산리 63-3","37.8581274952","126.7841539045","","","재확인 필요","10%할인","파주시 관내 주둔 군 장병 및 사회복무요원","업소별 세부 조건 및 중복할인 여부는 방문 전 확인","군인 또는 사회복무요원 신분 확인자료(방문 전 업소 확인 권장)","031-954-0468","지자체 공식 자료","https://www.paju.go.kr/user/soldier/BD_discountStoreList.do?q_ctgCd=1001","2026-08-15","이용 가능","ilwoo-maker","파주시 실시간 현황에 등재; 2026-01-14 공공데이터 필드로 보강; 원 공공데이터 기준일 2026-01-14"
"카페","한반도카페 플라츠(platz)907","경기도","파주시","파주시 문산읍 마정로 174 1층 일부","경기도 파주시 문산읍 마정리 907-8","37.8916228298","126.7551538108","","","재확인 필요","커피류 10%할인","파주시 관내 주둔 군 장병 및 사회복무요원","업소별 세부 조건 및 중복할인 여부는 방문 전 확인","군인 또는 사회복무요원 신분 확인자료(방문 전 업소 확인 권장)","031-937-8218","지자체 공식 자료","https://www.paju.go.kr/user/soldier/BD_discountStoreList.do?q_ctgCd=1001","2026-08-15","이용 가능","ilwoo-maker","파주시 실시간 현황에 등재; 2026-01-14 공공데이터 필드로 보강; 원 공공데이터 기준일 2026-01-14"
"미용·뷰티","느낌헤어","경기도","파주시","파주시 법원읍 사임당로 851 1층","경기도 파주시 법원읍 대능리 81-31","37.8490141108","126.8754026881","","","재확인 필요","10% 할인","파주시 관내 주둔 군 장병 및 사회복무요원","업소별 세부 조건 및 중복할인 여부는 방문 전 확인","군인 또는 사회복무요원 신분 확인자료(방문 전 업소 확인 권장)","031-958-9972","지자체 공식 자료","https://www.paju.go.kr/user/soldier/BD_discountStoreList.do?q_ctgCd=1004","2026-08-15","이용 가능","ilwoo-maker","파주시 실시간 현황에 등재; 2026-01-14 공공데이터 필드로 보강; 원 공공데이터 기준일 2026-01-14"
"미용·뷰티","더벅머리","경기도","파주시","파주시 법원읍 사임당로 864 1층","경기도 파주시 법원읍 법원리 435-17","37.8485433737","126.8766965869","","","재확인 필요","10% 할인","파주시 관내 주둔 군 장병 및 사회복무요원","업소별 세부 조건 및 중복할인 여부는 방문 전 확인","군인 또는 사회복무요원 신분 확인자료(방문 전 업소 확인 권장)","","지자체 공식 자료","https://www.paju.go.kr/user/soldier/BD_discountStoreList.do?q_ctgCd=1004","2026-08-15","이용 가능","ilwoo-maker","파주시 실시간 현황에 등재; 2026-01-14 공공데이터 필드로 보강; 원 공공데이터 기준일 2026-01-14"
"미용·뷰티","미미미용실","경기도","파주시","파주시 법원읍 술이홀로 869 1층","경기도 파주시 법원읍 대능리 94-105","37.8490751263","126.8724766279","","","재확인 필요","10% 할인","파주시 관내 주둔 군 장병 및 사회복무요원","업소별 세부 조건 및 중복할인 여부는 방문 전 확인","군인 또는 사회복무요원 신분 확인자료(방문 전 업소 확인 권장)","031-958-2393","지자체 공식 자료","https://www.paju.go.kr/user/soldier/BD_discountStoreList.do?q_ctgCd=1004","2026-08-15","이용 가능","ilwoo-maker","파주시 실시간 현황에 등재; 2026-01-14 공공데이터 필드로 보강; 원 공공데이터 기준일 2026-01-14"
"미용·뷰티","백합미용실","경기도","파주시","파주시 법원읍 사임당로 815 1층","경기도 파주시 법원읍 대능리 94-58","37.8497165696","126.8714504294","","","재확인 필요","10% 할인","파주시 관내 주둔 군 장병 및 사회복무요원","업소별 세부 조건 및 중복할인 여부는 방문 전 확인","군인 또는 사회복무요원 신분 확인자료(방문 전 업소 확인 권장)","031-959-3722","지자체 공식 자료","https://www.paju.go.kr/user/soldier/BD_discountStoreList.do?q_ctgCd=1004","2026-08-15","이용 가능","ilwoo-maker","파주시 실시간 현황에 등재; 2026-01-14 공공데이터 필드로 보강; 원 공공데이터 기준일 2026-01-14"
"미용·뷰티","솔리드헤어","경기도","파주시","파주시 법원읍 사임당로 832-2 1층","경기도 파주시 법원읍 대능리 85-13","37.8490629493","126.8732982393","","","재확인 필요","10% 할인","파주시 관내 주둔 군 장병 및 사회복무요원","업소별 세부 조건 및 중복할인 여부는 방문 전 확인","군인 또는 사회복무요원 신분 확인자료(방문 전 업소 확인 권장)","031-958-8294","지자체 공식 자료","https://www.paju.go.kr/user/soldier/BD_discountStoreList.do?q_ctgCd=1004","2026-08-15","이용 가능","ilwoo-maker","파주시 실시간 현황에 등재; 2026-01-14 공공데이터 필드로 보강; 원 공공데이터 기준일 2026-01-14"
"미용·뷰티","신디헤어","경기도","파주시","파주시 법원읍 사임당로 850-2 1층","경기도 파주시 법원읍 대능리 81-40","37.8487920122","126.8752194517","","","재확인 필요","10% 할인","파주시 관내 주둔 군 장병 및 사회복무요원","업소별 세부 조건 및 중복할인 여부는 방문 전 확인","군인 또는 사회복무요원 신분 확인자료(방문 전 업소 확인 권장)","031-959-1414","지자체 공식 자료","https://www.paju.go.kr/user/soldier/BD_discountStoreList.do?q_ctgCd=1004","2026-08-15","이용 가능","ilwoo-maker","파주시 실시간 현황에 등재; 2026-01-14 공공데이터 필드로 보강; 원 공공데이터 기준일 2026-01-14"
"미용·뷰티","엣지머리방","경기도","파주시","파주시 법원읍 사임당로 836-1 1층","경기도 파주시 법원읍 대능리 85-4","37.8490169753","126.8736938309","","","재확인 필요","10% 할인","파주시 관내 주둔 군 장병 및 사회복무요원","업소별 세부 조건 및 중복할인 여부는 방문 전 확인","군인 또는 사회복무요원 신분 확인자료(방문 전 업소 확인 권장)","031-959-9137","지자체 공식 자료","https://www.paju.go.kr/user/soldier/BD_discountStoreList.do?q_ctgCd=1004","2026-08-15","이용 가능","ilwoo-maker","파주시 실시간 현황에 등재; 2026-01-14 공공데이터 필드로 보강; 원 공공데이터 기준일 2026-01-14"
"미용·뷰티","이혜숙헤어","경기도","파주시","파주시 법원읍 사임당로 839 1층","경기도 파주시 법원읍 대능리 87-20","37.8492258322","126.8742983919","","","재확인 필요","10% 할인","파주시 관내 주둔 군 장병 및 사회복무요원","업소별 세부 조건 및 중복할인 여부는 방문 전 확인","군인 또는 사회복무요원 신분 확인자료(방문 전 업소 확인 권장)","","지자체 공식 자료","https://www.paju.go.kr/user/soldier/BD_discountStoreList.do?q_ctgCd=1004","2026-08-15","이용 가능","ilwoo-maker","파주시 실시간 현황에 등재; 2026-01-14 공공데이터 필드로 보강; 원 공공데이터 기준일 2026-01-14"
"미용·뷰티","자유미용실","경기도","파주시","파주시 법원읍 사임당로 841-1 1층","경기도 파주시 법원읍 대능리 87-23","37.849245045","126.8744039131","","","재확인 필요","10% 할인","파주시 관내 주둔 군 장병 및 사회복무요원","업소별 세부 조건 및 중복할인 여부는 방문 전 확인","군인 또는 사회복무요원 신분 확인자료(방문 전 업소 확인 권장)","031-958-5559","지자체 공식 자료","https://www.paju.go.kr/user/soldier/BD_discountStoreList.do?q_ctgCd=1004","2026-08-15","이용 가능","ilwoo-maker","파주시 실시간 현황에 등재; 2026-01-14 공공데이터 필드로 보강; 원 공공데이터 기준일 2026-01-14"
"미용·뷰티","챠밍미용실","경기도","파주시","파주시 법원읍 사임당로857번길 6-1 1층","경기도 파주시 법원읍 법원리 436-26","37.8491083901","126.8761235661","","","재확인 필요","10% 할인","파주시 관내 주둔 군 장병 및 사회복무요원","업소별 세부 조건 및 중복할인 여부는 방문 전 확인","군인 또는 사회복무요원 신분 확인자료(방문 전 업소 확인 권장)","031-959-5341","지자체 공식 자료","https://www.paju.go.kr/user/soldier/BD_discountStoreList.do?q_ctgCd=1004","2026-08-15","이용 가능","ilwoo-maker","파주시 실시간 현황에 등재; 2026-01-14 공공데이터 필드로 보강; 원 공공데이터 기준일 2026-01-14"
"음식","BBQ파주법원점","경기도","파주시","파주시 법원읍 사임당로 821-2 1층","경기도 파주시 법원읍 대능리 94-170","37.8496257938","126.8722324161","","","재확인 필요","10%이상 서비스제공","파주시 관내 주둔 군 장병 및 사회복무요원","업소별 세부 조건 및 중복할인 여부는 방문 전 확인","군인 또는 사회복무요원 신분 확인자료(방문 전 업소 확인 권장)","031-958-5515","지자체 공식 자료","https://www.paju.go.kr/user/soldier/BD_discountStoreList.do?q_ctgCd=1001","2026-08-15","이용 가능","ilwoo-maker","파주시 실시간 현황에 등재; 2026-01-14 공공데이터 필드로 보강; 원 공공데이터 기준일 2026-01-14"
"음식","김밥나라","경기도","파주시","파주시 법원읍 사임당로 839","경기도 파주시 법원읍 대능리 87-19","37.8492513016","126.8741882501","","","재확인 필요","음료수 제공 또는 공기밥 무료","파주시 관내 주둔 군 장병 및 사회복무요원","업소별 세부 조건 및 중복할인 여부는 방문 전 확인","군인 또는 사회복무요원 신분 확인자료(방문 전 업소 확인 권장)","031-959-0526","지자체 공식 자료","https://www.paju.go.kr/user/soldier/BD_discountStoreList.do?q_ctgCd=1001","2026-08-15","이용 가능","ilwoo-maker","파주시 실시간 현황에 등재; 2026-01-14 공공데이터 필드로 보강; 원 공공데이터 기준일 2026-01-14"
"음식","네네치킨","경기도","파주시","파주시 법원읍 사임당로 791","경기도 파주시 법원읍 가야리 37-7","37.850200357","126.8688145743","","","재확인 필요","음료수 또는 치즈볼 제공","파주시 관내 주둔 군 장병 및 사회복무요원","업소별 세부 조건 및 중복할인 여부는 방문 전 확인","군인 또는 사회복무요원 신분 확인자료(방문 전 업소 확인 권장)","031-959-1017","지자체 공식 자료","https://www.paju.go.kr/user/soldier/BD_discountStoreList.do?q_ctgCd=1001","2026-08-15","이용 가능","ilwoo-maker","파주시 실시간 현황에 등재; 2026-01-14 공공데이터 필드로 보강; 원 공공데이터 기준일 2026-01-14"
"음식","능심","경기도","파주시","파주시 법원읍 애룡길 168 1층","경기도 파주시 법원읍 삼방리 515-29","37.8274805089","126.8567835261","","","재확인 필요","10% 할인","파주시 관내 주둔 군 장병 및 사회복무요원","업소별 세부 조건 및 중복할인 여부는 방문 전 확인","군인 또는 사회복무요원 신분 확인자료(방문 전 업소 확인 권장)","0507-1393-8253","지자체 공식 자료","https://www.paju.go.kr/user/soldier/BD_discountStoreList.do?q_ctgCd=1001","2026-08-15","이용 가능","ilwoo-maker","파주시 실시간 현황에 등재; 2026-01-14 공공데이터 필드로 보강; 원 공공데이터 기준일 2026-01-14"
"음식","대가감자탕","경기도","파주시","파주시 법원읍 술이홀로 873 1층","경기도 파주시 법원읍 대능리 94-72","37.8492666541","126.8726295727","","","재확인 필요","음료수 제공","파주시 관내 주둔 군 장병 및 사회복무요원","업소별 세부 조건 및 중복할인 여부는 방문 전 확인","군인 또는 사회복무요원 신분 확인자료(방문 전 업소 확인 권장)","031-959-9285","지자체 공식 자료","https://www.paju.go.kr/user/soldier/BD_discountStoreList.do?q_ctgCd=1001","2026-08-15","이용 가능","ilwoo-maker","파주시 실시간 현황에 등재; 2026-01-14 공공데이터 필드로 보강; 원 공공데이터 기준일 2026-01-14"
"음식","대덕가든","경기도","파주시","파주시 법원읍 애룡길 175 1층","경기도 파주시 법원읍 삼방리 514-1","37.8277049608","126.8571742887","","","재확인 필요","10% 할인","파주시 관내 주둔 군 장병 및 사회복무요원","업소별 세부 조건 및 중복할인 여부는 방문 전 확인","군인 또는 사회복무요원 신분 확인자료(방문 전 업소 확인 권장)","031-959-7788","지자체 공식 자료","https://www.paju.go.kr/user/soldier/BD_discountStoreList.do?q_ctgCd=1001","2026-08-15","이용 가능","ilwoo-maker","파주시 실시간 현황에 등재; 2026-01-14 공공데이터 필드로 보강; 원 공공데이터 기준일 2026-01-14"
"음식","로얄치킨/곱창매니아","경기도","파주시","파주시 법원읍 술이홀로 890-3","경기도 파주시 법원읍 대능리 89-16","37.8503863304","126.8741971156","","","재확인 필요","음료수 제공 또는 10%할인","파주시 관내 주둔 군 장병 및 사회복무요원","업소별 세부 조건 및 중복할인 여부는 방문 전 확인","군인 또는 사회복무요원 신분 확인자료(방문 전 업소 확인 권장)","031-958-4214","지자체 공식 자료","https://www.paju.go.kr/user/soldier/BD_discountStoreList.do?q_ctgCd=1001","2026-08-15","이용 가능","ilwoo-maker","파주시 실시간 현황에 등재; 2026-01-14 공공데이터 필드로 보강; 원 공공데이터 기준일 2026-01-14"
"음식","무진장순대국","경기도","파주시","파주시 법원읍 사임당로 816","경기도 파주시 법원읍 대능리 94-46","37.8494749915","126.8714203983","","","재확인 필요","음료수 제공","파주시 관내 주둔 군 장병 및 사회복무요원","업소별 세부 조건 및 중복할인 여부는 방문 전 확인","군인 또는 사회복무요원 신분 확인자료(방문 전 업소 확인 권장)","031-958-8446","지자체 공식 자료","https://www.paju.go.kr/user/soldier/BD_discountStoreList.do?q_ctgCd=1001","2026-08-15","이용 가능","ilwoo-maker","파주시 실시간 현황에 등재; 2026-01-14 공공데이터 필드로 보강; 원 공공데이터 기준일 2026-01-14"
"음식","바다수퍼 해물천하 조개구이.찜","경기도","파주시","파주시 법원읍 사임당로 820","경기도 파주시 법원읍 대능리 94-144","37.8493992807","126.8717225346","","","재확인 필요","음료수 제공","파주시 관내 주둔 군 장병 및 사회복무요원","업소별 세부 조건 및 중복할인 여부는 방문 전 확인","군인 또는 사회복무요원 신분 확인자료(방문 전 업소 확인 권장)","031-958-5277","지자체 공식 자료","https://www.paju.go.kr/user/soldier/BD_discountStoreList.do?q_ctgCd=1001","2026-08-15","이용 가능","ilwoo-maker","파주시 실시간 현황에 등재; 2026-01-14 공공데이터 필드로 보강; 원 공공데이터 기준일 2026-01-14"
"음식","버섯집 초리골","경기도","파주시","파주시 법원읍 초리골길 12","경기도 파주시 법원읍 법원리 385-12","37.848588411","126.8859853894","","","재확인 필요","공기밥 제공","파주시 관내 주둔 군 장병 및 사회복무요원","업소별 세부 조건 및 중복할인 여부는 방문 전 확인","군인 또는 사회복무요원 신분 확인자료(방문 전 업소 확인 권장)","031-958-6200","지자체 공식 자료","https://www.paju.go.kr/user/soldier/BD_discountStoreList.do?q_ctgCd=1001","2026-08-15","이용 가능","ilwoo-maker","파주시 실시간 현황에 등재; 2026-01-14 공공데이터 필드로 보강; 원 공공데이터 기준일 2026-01-14"
"음식","솥뚜껑삼겹살","경기도","파주시","파주시 법원읍 사임당로 814","","37.8495184","126.8712524","Geocoding API","https://map.naver.com/p/search/%EC%86%A5%EB%9A%9C%EA%BB%91%EC%82%BC%EA%B2%B9%EC%82%B4%20%EA%B2%BD%EA%B8%B0%EB%8F%84%20%ED%8C%8C%EC%A3%BC%EC%8B%9C%20%EB%B2%95%EC%9B%90%EC%9D%8D%20%EC%82%AC%EC%9E%84%EB%8B%B9%EB%A1%9C%20814","확인 완료","10% 이상 할인 또는 그에 상응하는 서비스(업소별 상세는 사전 확인)","파주시 관내 주둔 군 장병 및 사회복무요원","업소별 세부 조건 및 중복할인 여부는 방문 전 확인","군인 또는 사회복무요원 신분 확인자료(방문 전 업소 확인 권장)","031-958-1971","지자체 공식 자료","https://www.paju.go.kr/user/soldier/BD_discountStoreList.do?q_ctgCd=1001","2026-08-15","이용 가능","ilwoo-maker","파주시 실시간 공식 현황 신규/변경 행; 상세 할인은 공통 사업기준; 원 공공데이터 기준일 2026-08-15"
"음식","숙성사돈 파주 법원리 본점","경기도","파주시","파주시 법원읍 술이홀로 888-2 1층","경기도 파주시 법원읍 대능리 89-20","37.8501248575","126.8740972314","","","재확인 필요","음료수 제공+10%할인","파주시 관내 주둔 군 장병 및 사회복무요원","업소별 세부 조건 및 중복할인 여부는 방문 전 확인","군인 또는 사회복무요원 신분 확인자료(방문 전 업소 확인 권장)","031-958-1253","지자체 공식 자료","https://www.paju.go.kr/user/soldier/BD_discountStoreList.do?q_ctgCd=1001","2026-08-15","이용 가능","ilwoo-maker","파주시 실시간 현황에 등재; 2026-01-14 공공데이터 필드로 보강; 원 공공데이터 기준일 2026-01-14"
"음식","신양꼬치&마라탕","경기도","파주시","파주시 법원읍 술이홀로 868-2 1층","경기도 파주시 법원읍 대능리 97-8","37.8488443729","126.8726250725","","","재확인 필요","10% 할인","파주시 관내 주둔 군 장병 및 사회복무요원","업소별 세부 조건 및 중복할인 여부는 방문 전 확인","군인 또는 사회복무요원 신분 확인자료(방문 전 업소 확인 권장)","0507-1306-0792","지자체 공식 자료","https://www.paju.go.kr/user/soldier/BD_discountStoreList.do?q_ctgCd=1001","2026-08-15","이용 가능","ilwoo-maker","파주시 실시간 현황에 등재; 2026-01-14 공공데이터 필드로 보강; 원 공공데이터 기준일 2026-01-14"
"음식","오태식해바라기치킨","경기도","파주시","파주시 법원읍 사임당로 844","경기도 파주시 법원읍 대능리 84-34","37.8489124647","126.8744519705","","","재확인 필요","5%할인","파주시 관내 주둔 군 장병 및 사회복무요원","업소별 세부 조건 및 중복할인 여부는 방문 전 확인","군인 또는 사회복무요원 신분 확인자료(방문 전 업소 확인 권장)","031-958-1180","지자체 공식 자료","https://www.paju.go.kr/user/soldier/BD_discountStoreList.do?q_ctgCd=1001","2026-08-15","이용 가능","ilwoo-maker","파주시 실시간 현황에 등재; 2026-01-14 공공데이터 필드로 보강; 원 공공데이터 기준일 2026-01-14"
"음식","왕가네","경기도","파주시","파주시 법원읍 법원로 20","경기도 파주시 법원읍 법원리 434-28","37.8481812797","126.8771263297","","","재확인 필요","음료수 제공 또는 10%할인","파주시 관내 주둔 군 장병 및 사회복무요원","업소별 세부 조건 및 중복할인 여부는 방문 전 확인","군인 또는 사회복무요원 신분 확인자료(방문 전 업소 확인 권장)","070-4084-2788","지자체 공식 자료","https://www.paju.go.kr/user/soldier/BD_discountStoreList.do?q_ctgCd=1001","2026-08-15","이용 가능","ilwoo-maker","파주시 실시간 현황에 등재; 2026-01-14 공공데이터 필드로 보강; 원 공공데이터 기준일 2026-01-14"
"음식","장단콩콩사임당두부 3호점","경기도","파주시","파주시 법원읍 애룡길 179-6 1층","경기도 파주시 법원읍 삼방리 515-5","37.8277769294","126.8576061248","","","재확인 필요","10% 할인","파주시 관내 주둔 군 장병 및 사회복무요원","업소별 세부 조건 및 중복할인 여부는 방문 전 확인","군인 또는 사회복무요원 신분 확인자료(방문 전 업소 확인 권장)","","지자체 공식 자료","https://www.paju.go.kr/user/soldier/BD_discountStoreList.do?q_ctgCd=1001","2026-08-15","이용 가능","ilwoo-maker","파주시 실시간 현황에 등재; 2026-01-14 공공데이터 필드로 보강; 원 공공데이터 기준일 2026-01-14"
"음식","종단 아구찜","경기도","파주시","파주시 법원읍 법원로 21 가동","경기도 파주시 법원읍 법원리 435-6","37.8483077794","126.8767010695","","","재확인 필요","공기밥 또는 음료수 제공","파주시 관내 주둔 군 장병 및 사회복무요원","업소별 세부 조건 및 중복할인 여부는 방문 전 확인","군인 또는 사회복무요원 신분 확인자료(방문 전 업소 확인 권장)","031-959-2333","지자체 공식 자료","https://www.paju.go.kr/user/soldier/BD_discountStoreList.do?q_ctgCd=1001","2026-08-15","이용 가능","ilwoo-maker","파주시 실시간 현황에 등재; 2026-01-14 공공데이터 필드로 보강; 원 공공데이터 기준일 2026-01-14"
"음식","(주)함지박","경기도","파주시","파주시 법원읍 사임당로 800-8","경기도 파주시 법원읍 대능리 247-1","37.8495878738","126.8694487578","","","재확인 필요","음료수 제공","파주시 관내 주둔 군 장병 및 사회복무요원","업소별 세부 조건 및 중복할인 여부는 방문 전 확인","군인 또는 사회복무요원 신분 확인자료(방문 전 업소 확인 권장)","031-958-9295","지자체 공식 자료","https://www.paju.go.kr/user/soldier/BD_discountStoreList.do?q_ctgCd=1001","2026-08-15","이용 가능","ilwoo-maker","파주시 실시간 현황에 등재; 2026-01-14 공공데이터 필드로 보강; 원 공공데이터 기준일 2026-01-14"
"음식","차향만당","경기도","파주시","파주시 법원읍 초리골길 70","경기도 파주시 법원읍 법원리 388-6","37.8500282517","126.8876088768","","","재확인 필요","10%할인","파주시 관내 주둔 군 장병 및 사회복무요원","업소별 세부 조건 및 중복할인 여부는 방문 전 확인","군인 또는 사회복무요원 신분 확인자료(방문 전 업소 확인 권장)","031-958-3320","지자체 공식 자료","https://www.paju.go.kr/user/soldier/BD_discountStoreList.do?q_ctgCd=1001","2026-08-15","이용 가능","ilwoo-maker","파주시 실시간 현황에 등재; 2026-01-14 공공데이터 필드로 보강; 원 공공데이터 기준일 2026-01-14"
"음식","초리연","경기도","파주시","파주시 법원읍 초리골길 357-18","경기도 파주시 법원읍 법원리 112-1","37.8606692416","126.8959801437","","","재확인 필요","10~15%할인","파주시 관내 주둔 군 장병 및 사회복무요원","업소별 세부 조건 및 중복할인 여부는 방문 전 확인","군인 또는 사회복무요원 신분 확인자료(방문 전 업소 확인 권장)","031-959-2179","지자체 공식 자료","https://www.paju.go.kr/user/soldier/BD_discountStoreList.do?q_ctgCd=1001","2026-08-15","이용 가능","ilwoo-maker","파주시 실시간 현황에 등재; 2026-01-14 공공데이터 필드로 보강; 원 공공데이터 기준일 2026-01-14"
"음식","콩마루 사임당두부","경기도","파주시","파주시 법원읍 사임당로 808-1 1층","경기도 파주시 법원읍 대능리 95-25","37.84963184","126.8705912575","","","재확인 필요","10%이상 서비스제공","파주시 관내 주둔 군 장병 및 사회복무요원","업소별 세부 조건 및 중복할인 여부는 방문 전 확인","군인 또는 사회복무요원 신분 확인자료(방문 전 업소 확인 권장)","031-935-0609","지자체 공식 자료","https://www.paju.go.kr/user/soldier/BD_discountStoreList.do?q_ctgCd=1001","2026-08-15","이용 가능","ilwoo-maker","파주시 실시간 현황에 등재; 2026-01-14 공공데이터 필드로 보강; 원 공공데이터 기준일 2026-01-14"
"음식","통일식당","경기도","파주시","파주시 법원읍 사임당로 842","경기도 파주시 법원읍 대능리 84-51","37.8489182306","126.8742828936","","","재확인 필요","10%할인","파주시 관내 주둔 군 장병 및 사회복무요원","업소별 세부 조건 및 중복할인 여부는 방문 전 확인","군인 또는 사회복무요원 신분 확인자료(방문 전 업소 확인 권장)","031-958-5353","지자체 공식 자료","https://www.paju.go.kr/user/soldier/BD_discountStoreList.do?q_ctgCd=1001","2026-08-15","이용 가능","ilwoo-maker","파주시 실시간 현황에 등재; 2026-01-14 공공데이터 필드로 보강; 원 공공데이터 기준일 2026-01-14"
"음식","훌랄라","경기도","파주시","파주시 법원읍 사임당로 820 1층","경기도 파주시 법원읍 대능리 94-144","37.8493992807","126.8717225346","","","재확인 필요","10% 할인","파주시 관내 주둔 군 장병 및 사회복무요원","업소별 세부 조건 및 중복할인 여부는 방문 전 확인","군인 또는 사회복무요원 신분 확인자료(방문 전 업소 확인 권장)","031-959-1182","지자체 공식 자료","https://www.paju.go.kr/user/soldier/BD_discountStoreList.do?q_ctgCd=1001","2026-08-15","이용 가능","ilwoo-maker","파주시 실시간 현황에 등재; 2026-01-14 공공데이터 필드로 보강; 원 공공데이터 기준일 2026-01-14"
"카페","7042 카페","경기도","파주시","파주시 법원읍 사임당로770번길 27 1층","경기도 파주시 법원읍 가야리 380-26","37.8485428935","126.866744291","","","재확인 필요","10% 할인","파주시 관내 주둔 군 장병 및 사회복무요원","업소별 세부 조건 및 중복할인 여부는 방문 전 확인","군인 또는 사회복무요원 신분 확인자료(방문 전 업소 확인 권장)","","지자체 공식 자료","https://www.paju.go.kr/user/soldier/BD_discountStoreList.do?q_ctgCd=1001","2026-08-15","이용 가능","ilwoo-maker","파주시 실시간 현황에 등재; 2026-01-14 공공데이터 필드로 보강; 원 공공데이터 기준일 2026-01-14"
"카페","초리골 제빵소","경기도","파주시","파주시 법원읍 초리골길 77","경기도 파주시 법원읍 법원리 389-1","37.8506294681","126.8878095314","","","재확인 필요","20%할인","파주시 관내 주둔 군 장병 및 사회복무요원","업소별 세부 조건 및 중복할인 여부는 방문 전 확인","군인 또는 사회복무요원 신분 확인자료(방문 전 업소 확인 권장)","031-958-9522","지자체 공식 자료","https://www.paju.go.kr/user/soldier/BD_discountStoreList.do?q_ctgCd=1001","2026-08-15","이용 가능","ilwoo-maker","파주시 실시간 현황에 등재; 2026-01-14 공공데이터 필드로 보강; 원 공공데이터 기준일 2026-01-14"
"카페","커피먹고가세","경기도","파주시","파주시 법원읍 애룡길 179-11 1층","경기도 파주시 법원읍 삼방리 515-22","37.8278967648","126.8571665358","","","재확인 필요","10% 할인","파주시 관내 주둔 군 장병 및 사회복무요원","업소별 세부 조건 및 중복할인 여부는 방문 전 확인","군인 또는 사회복무요원 신분 확인자료(방문 전 업소 확인 권장)","","지자체 공식 자료","https://www.paju.go.kr/user/soldier/BD_discountStoreList.do?q_ctgCd=1001","2026-08-15","이용 가능","ilwoo-maker","파주시 실시간 현황에 등재; 2026-01-14 공공데이터 필드로 보강; 원 공공데이터 기준일 2026-01-14"
"카페","테라스커피(애룡커피테라스)","경기도","파주시","파주시 법원읍 애룡길 179 1층","경기도 파주시 법원읍 삼방리 514-4","37.8276827279","126.8573400561","","","재확인 필요","10% 할인","파주시 관내 주둔 군 장병 및 사회복무요원","업소별 세부 조건 및 중복할인 여부는 방문 전 확인","군인 또는 사회복무요원 신분 확인자료(방문 전 업소 확인 권장)","0507-1396-3680","지자체 공식 자료","https://www.paju.go.kr/user/soldier/BD_discountStoreList.do?q_ctgCd=1001","2026-08-15","이용 가능","ilwoo-maker","파주시 실시간 현황에 등재; 2026-01-14 공공데이터 필드로 보강; 원 공공데이터 기준일 2026-01-14"
"미용·뷰티","맨즈헤어","경기도","부천시","경기도 부천시 원미구중동로248번길86106호(중동, 현해탑프라자)","","37.501006","126.773471","","","재확인 필요","서비스 이용료의 10% 할인(컷트 한정)","동원훈련이수자,모범예비군,복무중인현역병,사회복무요원,전문산업기능요원,병역명문가","없음 | 혜택기간: 2024-06-04~","동원훈련이수증,모범예비군증,복무확인서 등","0507-1460-7947","공공데이터","https://www.mma.go.kr/about/udgg/list.do?mc=mma0003357","2026-08-15","이용 가능","ilwoo-maker",""
"미용·뷰티","쁘띠뜨메종","경기도","부천시","경기도 부천시 원미구상동로84206호(상동, 영플러스)","","37.50454","126.753461","","","재확인 필요","서비스 이용료의 10% 할인(컷트 한정)","동원훈련이수자,모범예비군,복무중인현역병,사회복무요원,전문산업기능요원,병역명문가","없음 | 혜택기간: 2024-05-10~","동원훈련이수증,모범예비군증,복무확인서 등","032-325-7143","공공데이터","https://www.mma.go.kr/about/udgg/list.do?mc=mma0003357","2026-08-15","이용 가능","ilwoo-maker",""
"음식","59쌀피자 (송내남부점)","경기도","부천시","경기도 부천시 소사구송내대로42번길58(송내동)","","37.4870256","126.7564921","","","재확인 필요","-라지사이즈 구매시 한판당 천원할인 -단체주문시 할인 또는 음료증정 (부천페이제외)","예비군(당해년도,모범), 복무중인 사람, 병역명문가","없음 | 혜택기간: 2025-01-08~","e병무지갑(훈련확인서,복무확인서,명문가증등)","032-655-5955","공공데이터","https://www.mma.go.kr/about/udgg/list.do?mc=mma0003357","2026-08-15","이용 가능","ilwoo-maker",""
"음식","경복궁누룽지백숙","경기도","부천시","경기도 부천시 원미구신흥로170- 1(중동)","","37.49875","126.778518","","","재확인 필요","-서비스 이용료의 5% 할인 (부천페이 중복(추가) 할인 제외)","동원훈련이수자,모범예비군,복무중인현역병,사회복무요원,전문산업기능요원,병역명문가","없음 | 혜택기간: 2024-07-09~","동원훈련이수증,모범예비군증,복무확인서 등","0507-1435-8866","공공데이터","https://www.mma.go.kr/about/udgg/list.do?mc=mma0003357","2026-08-15","이용 가능","ilwoo-maker",""
"음식","눈높은 돼지","경기도","부천시","경기도 부천시 소사구송내대로42번길161층 (송내동, 성민빌딩)","","37.487033","126.754181","","","재확인 필요","* 아래사항 중 하나 서비스제공 1. 소주,맥주 음료중 택1 제공 2. 버섯 한접시 공짜","동원훈련이수자,모범예비군,복무중인현역병,사회복무요원,전문산업기능요원,병역명문가","없음 | 혜택기간: 2024-07-09~","동원훈련이수증,모범예비군증,복무확인서 등","0507-1489-3498","공공데이터","https://www.mma.go.kr/about/udgg/list.do?mc=mma0003357","2026-08-15","이용 가능","ilwoo-maker",""
"음식","솔안골먹장어(송내본점)","경기도","부천시","경기도 부천시 소사구송내대로29(송내동)","","37.48614015","126.7527747","","","재확인 필요","5,000원 할인","예비군(당해년도,모범), 복무중인 사람, 병역명문가","없음 | 혜택기간: 2024-07-31~9999-09-01","동원훈련이수증,모범예비군증,복무확인서,명문가증","070-8899-7669","공공데이터","https://www.mma.go.kr/about/udgg/list.do?mc=mma0003357","2026-08-15","이용 가능","ilwoo-maker",""
"음식","송내팔방상회","경기도","부천시","경기도 부천시 소사구송내대로42(송내동)","","37.4873779","126.7539211","","","재확인 필요","서비스 이용료의 3%할인","예비군(당해년도,모범), 복무중인 사람, 병역명문가","없음 | 혜택기간: 2025-01-08~","동원훈련이수증,모범예비군증,복무확인서,명문가증","032-651-2644","공공데이터","https://www.mma.go.kr/about/udgg/list.do?mc=mma0003357","2026-08-15","이용 가능","ilwoo-maker",""
"음식","신천차이나","경기도","부천시","경기도 부천시 원미구송내대로265번길73- 46201호(상동)","","37.490571","126.751542","","","재확인 필요","음료 또는 군만두 서비스","동원훈련이수자,모범예비군,복무중인현역병,사회복무요원,전문산업기능요원,병역명문가","없음 | 혜택기간: 2024-06-11~","동원훈련이수증,모범예비군증,복무확인서 등","010-4357-3050","공공데이터","https://www.mma.go.kr/about/udgg/list.do?mc=mma0003357","2026-08-15","이용 가능","ilwoo-maker",""
"음식","엉터리분식","경기도","부천시","경기도 부천시 원미구부일로445- 45(심곡동)","","37.488398","126.779342","","","재확인 필요","군복입고오면 1천원 할인","동원훈련이수자,모범예비군,복무중인현역병,사회복무요원,전문산업기능요원,병역명문가","없음 | 혜택기간: 2024-06-11~","동원훈련이수증,모범예비군증,복무확인서 등","032-613-7744","공공데이터","https://www.mma.go.kr/about/udgg/list.do?mc=mma0003357","2026-08-15","이용 가능","ilwoo-maker",""
"음식","육회바른연어 부천상동역점","경기도","부천시","경기도 부천시 원미구상동로69(상동, 새롬프라자 1층 105호)","","37.5038","126.752045","","","재확인 필요","서비스 이용료의 10% 할인","복무중인자,모범예비군,동원훈련이수자,명문가","없음 | 혜택기간: 2026-01-27~","명문가증,복무확인서,훈련이수증,모범예비군증","0507-1392-4766","공공데이터","https://www.mma.go.kr/about/udgg/list.do?mc=mma0003357","2026-08-15","이용 가능","ilwoo-maker",""
"음식","준스이","경기도","부천시","경기도 부천시 원미구상동로69(상동, 새롬프라자 15차 101호)","","37.503731","126.752199","","","재확인 필요","서비스 이용료의 10% 할인 - 본인한정, 기타 중복 할인 불가","복무중인자,모범예비군,동원훈련이수자,명문가","없음 | 혜택기간: 2025-10-24~","명문가증,복무확인서,훈련이수증,모범예비군증","070-4334-3699","공공데이터","https://www.mma.go.kr/about/udgg/list.do?mc=mma0003357","2026-08-15","이용 가능","ilwoo-maker",""
"음식","키키포차","경기도","부천시","경기도 부천시 소사구양지로171번길38(옥길동)","","37.46868","126.822551","","","재확인 필요","서비스 이용료의 10% 할인","동원훈련이수자,모범예비군,복무중인현역병,사회복무요원,전문산업기능요원,병역명문가","없음 | 혜택기간: 2024-04-19~","동원훈련이수증,모범예비군증,복무확인서 등","010-5293-8902","공공데이터","https://www.mma.go.kr/about/udgg/list.do?mc=mma0003357","2026-08-15","이용 가능","ilwoo-maker",""
"음식","통양갈비","경기도","부천시","경기도 부천시 소사구송내대로28(송내동, 106호)","","37.48597672","126.7536834","","","재확인 필요","양갈비 주문 시 국수 음료수 무료제공","예비군(당해년도,모범), 복무중인 사람, 병역명문가","없음 | 혜택기간: 2024-07-31~9999-09-09","동원훈련이수증,모범예비군증,복무확인서,명문가증","0507-1378-9283","공공데이터","https://www.mma.go.kr/about/udgg/list.do?mc=mma0003357","2026-08-15","이용 가능","ilwoo-maker",""
"음식","청정여수동갈매기살","경기도","성남시","경기도 성남시 분당구장미로100번길222층 (야탑동)","","37.4120987","127.1311923","","","재확인 필요","서비스 이용료의 5% 할인","예비군(당해연도 병무청 주관 동원훈련 이수자 및 병무청 모범 예비군 선발자),복무중인 사람,병역명문가","제한없음 | 혜택기간: 2024-08-14~2026-12-31","당해년도 동원훈련이수증, 복무확인서, 병역명문가","031-706-8832","공공데이터","https://www.mma.go.kr/about/udgg/list.do?mc=mma0003357","2026-08-15","이용 가능","ilwoo-maker",""
"미용·뷰티","고려이발관","경기도","수원시","경기도 수원시 팔달구 팔달로 135, 1층 (화서동)","","37.2804619","127.0044836","Geocoding API","https://map.naver.com/p/search/%EA%B3%A0%EB%A0%A4%EC%9D%B4%EB%B0%9C%EA%B4%80%20%EA%B2%BD%EA%B8%B0%EB%8F%84%20%EC%88%98%EC%9B%90%EC%8B%9C%20%ED%8C%94%EB%8B%AC%EA%B5%AC%20%ED%8C%94%EB%8B%AC%EB%A1%9C%20135","확인 완료","입영 시 무료 이발, 입영 후 제대 시까지 이용요금 50% 할인","군 입영예정자 및 복무 중인 장병 본인(수원시민)","수원시민 본인 대상; 방문 전 영업 및 적용 여부 확인","입영통지서 또는 휴가 확인 서류와 신분증","031-255-7060","지자체 공식 자료","https://www.suwon.go.kr/webcontent/ckeditor/2026/5/28/4e5d92bd-869b-41d9-8179-cbc3ffba48c7.pdf","2026-08-15","이용 가능","ilwoo-maker","수원시 2026년 참여업소 PDF 18개소 전수"
"미용·뷰티","대성이발관","경기도","수원시","경기도 수원시 팔달구 인계로68번길 52, 창조의집 (인계동)","","37.2666657","127.0240315","Geocoding API","https://map.naver.com/p/search/%EB%8C%80%EC%84%B1%EC%9D%B4%EB%B0%9C%EA%B4%80%20%EA%B2%BD%EA%B8%B0%EB%8F%84%20%EC%88%98%EC%9B%90%EC%8B%9C%20%ED%8C%94%EB%8B%AC%EA%B5%AC%20%EC%9D%B8%EA%B3%84%EB%A1%9C68%EB%B2%88%EA%B8%B8%2052%20%EC%B0%BD%EC%A1%B0%EC%9D%98%EC%A7%91","확인 완료","입영 시 무료 이발, 입영 후 제대 시까지 이용요금 50% 할인","군 입영예정자 및 복무 중인 장병 본인(수원시민)","수원시민 본인 대상; 방문 전 영업 및 적용 여부 확인","입영통지서 또는 휴가 확인 서류와 신분증","031-235-1653","지자체 공식 자료","https://www.suwon.go.kr/webcontent/ckeditor/2026/5/28/4e5d92bd-869b-41d9-8179-cbc3ffba48c7.pdf","2026-08-15","이용 가능","ilwoo-maker","수원시 2026년 참여업소 PDF 18개소 전수"
"미용·뷰티","로이스바버샵&로이스SMP 수원성대점","경기도","수원시","경기도 수원시 장안구 서부로2181번길 55, 3층 일부호 (율전동)","","37.3032145","126.9697317","Geocoding API","https://map.naver.com/p/search/%EB%A1%9C%EC%9D%B4%EC%8A%A4%EB%B0%94%EB%B2%84%EC%83%B5%26%EB%A1%9C%EC%9D%B4%EC%8A%A4SMP%20%EC%88%98%EC%9B%90%EC%84%B1%EB%8C%80%EC%A0%90%20%EA%B2%BD%EA%B8%B0%EB%8F%84%20%EC%88%98%EC%9B%90%EC%8B%9C%20%EC%9E%A5%EC%95%88%EA%B5%AC%20%EC%84%9C%EB%B6%80%EB%A1%9C2181%EB%B2%88%EA%B8%B8%2055","확인 완료","입영 시 무료 이발, 입영 후 제대 시까지 이용요금 50% 할인","군 입영예정자 및 복무 중인 장병 본인(수원시민)","수원시민 본인 대상; 방문 전 영업 및 적용 여부 확인","입영통지서 또는 휴가 확인 서류와 신분증","031-292-5677","지자체 공식 자료","https://www.suwon.go.kr/webcontent/ckeditor/2026/5/28/4e5d92bd-869b-41d9-8179-cbc3ffba48c7.pdf","2026-08-15","이용 가능","ilwoo-maker","수원시 2026년 참여업소 PDF 18개소 전수"
"미용·뷰티","베스트헤어","경기도","수원시","경기도 수원시 장안구정자로42번길52203호(천천동, 베스트상가)","","37.2980849","126.9808552","","","재확인 필요","-커트시 서비스 이용료의 20% 할인 * 현역 10% 추가 할인","동원훈련이수자,모범예비군,복무중인현역병,사회복무요원,전문산업기능요원,병역명문가","없음 | 혜택기간: 2025-11-11~","동원훈련이수증,모범예비군증,복무확인서,명문가증","031-268-5535","공공데이터","https://www.mma.go.kr/about/udgg/list.do?mc=mma0003357","2026-08-15","이용 가능","ilwoo-maker",""
"미용·뷰티","부흥이발관","경기도","수원시","경기도 수원시 영통구 동수원로514번길 59 (매탄동)","","37.2714983","127.0493876","Geocoding API","https://map.naver.com/p/search/%EB%B6%80%ED%9D%A5%EC%9D%B4%EB%B0%9C%EA%B4%80%20%EA%B2%BD%EA%B8%B0%EB%8F%84%20%EC%88%98%EC%9B%90%EC%8B%9C%20%EC%98%81%ED%86%B5%EA%B5%AC%20%EB%8F%99%EC%88%98%EC%9B%90%EB%A1%9C514%EB%B2%88%EA%B8%B8%2059","확인 완료","입영 시 무료 이발, 입영 후 제대 시까지 이용요금 50% 할인","군 입영예정자 및 복무 중인 장병 본인(수원시민)","수원시민 본인 대상; 방문 전 영업 및 적용 여부 확인","입영통지서 또는 휴가 확인 서류와 신분증","031-212-4603","지자체 공식 자료","https://www.suwon.go.kr/webcontent/ckeditor/2026/5/28/4e5d92bd-869b-41d9-8179-cbc3ffba48c7.pdf","2026-08-15","이용 가능","ilwoo-maker","수원시 2026년 참여업소 PDF 18개소 전수"
"미용·뷰티","새현이용원","경기도","수원시","경기도 수원시 권선구 세권로43번길 26-6 (세류동, 세류종합상가 117호)","","37.2600021","127.0097506","Geocoding API","https://map.naver.com/p/search/%EC%83%88%ED%98%84%EC%9D%B4%EC%9A%A9%EC%9B%90%20%EA%B2%BD%EA%B8%B0%EB%8F%84%20%EC%88%98%EC%9B%90%EC%8B%9C%20%EA%B6%8C%EC%84%A0%EA%B5%AC%20%EC%84%B8%EA%B6%8C%EB%A1%9C43%EB%B2%88%EA%B8%B8%2026-6%20%EC%88%98%EC%9B%90%EA%B6%8C%EC%84%A0%20%EC%96%B4%EC%9A%B8%EB%A6%BC","확인 완료","입영 시 무료 이발, 입영 후 제대 시까지 이용요금 50% 할인","군 입영예정자 및 복무 중인 장병 본인(수원시민)","수원시민 본인 대상; 방문 전 영업 및 적용 여부 확인","입영통지서 또는 휴가 확인 서류와 신분증","031-267-4962","지자체 공식 자료","https://www.suwon.go.kr/webcontent/ckeditor/2026/5/28/4e5d92bd-869b-41d9-8179-cbc3ffba48c7.pdf","2026-08-15","이용 가능","ilwoo-maker","수원시 2026년 참여업소 PDF 18개소 전수"
"미용·뷰티","세동이발관","경기도","수원시","경기도 수원시 권선구 세권로 66 (세류동)","","37.2587649","127.0115676","Geocoding API","https://map.naver.com/p/search/%EC%84%B8%EB%8F%99%EC%9D%B4%EB%B0%9C%EA%B4%80%20%EA%B2%BD%EA%B8%B0%EB%8F%84%20%EC%88%98%EC%9B%90%EC%8B%9C%20%EA%B6%8C%EC%84%A0%EA%B5%AC%20%EC%84%B8%EA%B6%8C%EB%A1%9C%2066","확인 완료","입영 시 무료 이발, 입영 후 제대 시까지 이용요금 50% 할인","군 입영예정자 및 복무 중인 장병 본인(수원시민)","수원시민 본인 대상; 방문 전 영업 및 적용 여부 확인","입영통지서 또는 휴가 확인 서류와 신분증","031-233-0285","지자체 공식 자료","https://www.suwon.go.kr/webcontent/ckeditor/2026/5/28/4e5d92bd-869b-41d9-8179-cbc3ffba48c7.pdf","2026-08-15","이용 가능","ilwoo-maker","수원시 2026년 참여업소 PDF 18개소 전수"
"미용·뷰티","시저스맨","경기도","수원시","경기도 수원시 영통구 매탄로140번길 54-18 (매탄동)","","37.2616348","127.0464413","Geocoding API","https://map.naver.com/p/search/%EC%8B%9C%EC%A0%80%EC%8A%A4%EB%A7%A8%20%EA%B2%BD%EA%B8%B0%EB%8F%84%20%EC%88%98%EC%9B%90%EC%8B%9C%20%EC%98%81%ED%86%B5%EA%B5%AC%20%EB%A7%A4%ED%83%84%EB%A1%9C140%EB%B2%88%EA%B8%B8%2054-18","확인 완료","입영 시 무료 이발, 입영 후 제대 시까지 이용요금 50% 할인","군 입영예정자 및 복무 중인 장병 본인(수원시민)","수원시민 본인 대상; 방문 전 영업 및 적용 여부 확인","입영통지서 또는 휴가 확인 서류와 신분증","031-214-7999","지자체 공식 자료","https://www.suwon.go.kr/webcontent/ckeditor/2026/5/28/4e5d92bd-869b-41d9-8179-cbc3ffba48c7.pdf","2026-08-15","이용 가능","ilwoo-maker","수원시 2026년 참여업소 PDF 18개소 전수"
"미용·뷰티","아름다운사람들 헤어","경기도","수원시","경기도 수원시 장안구송정로83134호(송죽동, 로얄팰리스상가)","","37.296093","127.0071325","","","재확인 필요","- 서비스 이용료의 15% 할인 - 현역병 면제","동원훈련이수자,모범예비군,복무중인현역병,사회복무요원,전문산업기능요원,병역명문가","없음 | 혜택기간: 2026-08-14~","동원훈련이수증,모범예비군증,복무확인서 등","031-257-9555","공공데이터","https://www.mma.go.kr/about/udgg/list.do?mc=mma0003357","2026-08-15","이용 가능","ilwoo-maker",""
"미용·뷰티","아엠헤드","경기도","수원시","경기도 수원시 장안구서부로2207번길18(율전동)","","37.305548","126.971517","","","재확인 필요","서비스 이용료의 30% 할인","동원훈련이수자,모범예비군,복무중인현역병,사회복무요원,전문산업기능요원,병역명문가","없음 | 혜택기간: 2024-08-20~","동원훈련이수증,모범예비군증,복무확인서 등","0507-1483-1235","공공데이터","https://www.mma.go.kr/about/udgg/list.do?mc=mma0003357","2026-08-15","이용 가능","ilwoo-maker",""
"미용·뷰티","아임남자머리","경기도","수원시","경기도 수원시 팔달구 팔달문로175번길 7, 1층 (우만동)","","37.2838484","127.0348205","Geocoding API","https://map.naver.com/p/search/%EC%95%84%EC%9E%84%EB%82%A8%EC%9E%90%EB%A8%B8%EB%A6%AC%20%EA%B2%BD%EA%B8%B0%EB%8F%84%20%EC%88%98%EC%9B%90%EC%8B%9C%20%ED%8C%94%EB%8B%AC%EA%B5%AC%20%ED%8C%94%EB%8B%AC%EB%AC%B8%EB%A1%9C175%EB%B2%88%EA%B8%B8%207","확인 완료","입영 시 무료 이발, 입영 후 제대 시까지 이용요금 50% 할인","군 입영예정자 및 복무 중인 장병 본인(수원시민)","수원시민 본인 대상; 방문 전 영업 및 적용 여부 확인","입영통지서 또는 휴가 확인 서류와 신분증","031-251-2520","지자체 공식 자료","https://www.suwon.go.kr/webcontent/ckeditor/2026/5/28/4e5d92bd-869b-41d9-8179-cbc3ffba48c7.pdf","2026-08-15","이용 가능","ilwoo-maker","수원시 2026년 참여업소 PDF 18개소 전수"
"미용·뷰티","안양승이용원","경기도","수원시","경기도 수원시 영통구 영통로 323, 3층 (매탄동)","","37.2547998","127.0630667","Geocoding API","https://map.naver.com/p/search/%EC%95%88%EC%96%91%EC%8A%B9%EC%9D%B4%EC%9A%A9%EC%9B%90%20%EA%B2%BD%EA%B8%B0%EB%8F%84%20%EC%88%98%EC%9B%90%EC%8B%9C%20%EC%98%81%ED%86%B5%EA%B5%AC%20%EC%98%81%ED%86%B5%EB%A1%9C%20323","확인 완료","입영 시 무료 이발, 입영 후 제대 시까지 이용요금 50% 할인","군 입영예정자 및 복무 중인 장병 본인(수원시민)","수원시민 본인 대상; 방문 전 영업 및 적용 여부 확인","입영통지서 또는 휴가 확인 서류와 신분증","031-273-0554","지자체 공식 자료","https://www.suwon.go.kr/webcontent/ckeditor/2026/5/28/4e5d92bd-869b-41d9-8179-cbc3ffba48c7.pdf","2026-08-15","이용 가능","ilwoo-maker","수원시 2026년 참여업소 PDF 18개소 전수"
"미용·뷰티","양성현 헤어아트","경기도","수원시","경기도 수원시 권선구 권광로91번길 55, 오가기린 302호 (권선동)","","37.2568079","127.0266003","Geocoding API","https://map.naver.com/p/search/%EC%96%91%EC%84%B1%ED%98%84%20%ED%97%A4%EC%96%B4%EC%95%84%ED%8A%B8%20%EA%B2%BD%EA%B8%B0%EB%8F%84%20%EC%88%98%EC%9B%90%EC%8B%9C%20%EA%B6%8C%EC%84%A0%EA%B5%AC%20%EA%B6%8C%EA%B4%91%EB%A1%9C91%EB%B2%88%EA%B8%B8%2055%20%EC%98%A4%EA%B0%80%EA%B8%B0%EB%A6%B0","확인 완료","입영 시 무료 이발, 입영 후 제대 시까지 이용요금 50% 할인","군 입영예정자 및 복무 중인 장병 본인(수원시민)","수원시민 본인 대상; 방문 전 영업 및 적용 여부 확인","입영통지서 또는 휴가 확인 서류와 신분증","","지자체 공식 자료","https://www.suwon.go.kr/webcontent/ckeditor/2026/5/28/4e5d92bd-869b-41d9-8179-cbc3ffba48c7.pdf","2026-08-15","이용 가능","ilwoo-maker","수원시 2026년 참여업소 PDF 18개소 전수"
"미용·뷰티","엘지이용원","경기도","수원시","경기도 수원시 장안구 파장로68번길 46 (파장동)","","37.3077438","126.992175","Geocoding API","https://map.naver.com/p/search/%EC%97%98%EC%A7%80%EC%9D%B4%EC%9A%A9%EC%9B%90%20%EA%B2%BD%EA%B8%B0%EB%8F%84%20%EC%88%98%EC%9B%90%EC%8B%9C%20%EC%9E%A5%EC%95%88%EA%B5%AC%20%ED%8C%8C%EC%9E%A5%EB%A1%9C68%EB%B2%88%EA%B8%B8%2046","확인 완료","입영 시 무료 이발, 입영 후 제대 시까지 이용요금 50% 할인","군 입영예정자 및 복무 중인 장병 본인(수원시민)","수원시민 본인 대상; 방문 전 영업 및 적용 여부 확인","입영통지서 또는 휴가 확인 서류와 신분증","031-244-0460","지자체 공식 자료","https://www.suwon.go.kr/webcontent/ckeditor/2026/5/28/4e5d92bd-869b-41d9-8179-cbc3ffba48c7.pdf","2026-08-15","이용 가능","ilwoo-maker","수원시 2026년 참여업소 PDF 18개소 전수"
"미용·뷰티","영길이용원","경기도","수원시","경기도 수원시 권선구 고현로5번길 25 (고색동, 거산아파트 상가 113호)","","37.2480159","126.9862408","Geocoding API","https://map.naver.com/p/search/%EC%98%81%EA%B8%B8%EC%9D%B4%EC%9A%A9%EC%9B%90%20%EA%B2%BD%EA%B8%B0%EB%8F%84%20%EC%88%98%EC%9B%90%EC%8B%9C%20%EA%B6%8C%EC%84%A0%EA%B5%AC%20%EA%B3%A0%ED%98%84%EB%A1%9C5%EB%B2%88%EA%B8%B8%2025%20%EA%B1%B0%EC%82%B0%EC%95%84%ED%8C%8C%ED%8A%B8","확인 완료","입영 시 무료 이발, 입영 후 제대 시까지 이용요금 50% 할인","군 입영예정자 및 복무 중인 장병 본인(수원시민)","수원시민 본인 대상; 방문 전 영업 및 적용 여부 확인","입영통지서 또는 휴가 확인 서류와 신분증","031-291-8972","지자체 공식 자료","https://www.suwon.go.kr/webcontent/ckeditor/2026/5/28/4e5d92bd-869b-41d9-8179-cbc3ffba48c7.pdf","2026-08-15","이용 가능","ilwoo-maker","수원시 2026년 참여업소 PDF 18개소 전수"
"미용·뷰티","우리이용원","경기도","수원시","경기도 수원시 장안구 장안로103번길 5 (정자동)","","37.292968","127.001011","Geocoding API","https://map.naver.com/p/search/%EC%9A%B0%EB%A6%AC%EC%9D%B4%EC%9A%A9%EC%9B%90%20%EA%B2%BD%EA%B8%B0%EB%8F%84%20%EC%88%98%EC%9B%90%EC%8B%9C%20%EC%9E%A5%EC%95%88%EA%B5%AC%20%EC%9E%A5%EC%95%88%EB%A1%9C103%EB%B2%88%EA%B8%B8%205","확인 완료","입영 시 무료 이발, 입영 후 제대 시까지 이용요금 50% 할인","군 입영예정자 및 복무 중인 장병 본인(수원시민)","수원시민 본인 대상; 방문 전 영업 및 적용 여부 확인","입영통지서 또는 휴가 확인 서류와 신분증","","지자체 공식 자료","https://www.suwon.go.kr/webcontent/ckeditor/2026/5/28/4e5d92bd-869b-41d9-8179-cbc3ffba48c7.pdf","2026-08-15","이용 가능","ilwoo-maker","수원시 2026년 참여업소 PDF 18개소 전수"
"미용·뷰티","원천이발관","경기도","수원시","경기도 수원시 영통구 매영로 141, 원천훼밀리타운 2층 202호 (원천동)","","37.2667102","127.0581659","Geocoding API","https://map.naver.com/p/search/%EC%9B%90%EC%B2%9C%EC%9D%B4%EB%B0%9C%EA%B4%80%20%EA%B2%BD%EA%B8%B0%EB%8F%84%20%EC%88%98%EC%9B%90%EC%8B%9C%20%EC%98%81%ED%86%B5%EA%B5%AC%20%EB%A7%A4%EC%98%81%EB%A1%9C%20141%20%EC%9B%90%EC%B2%9C%ED%9B%BC%EB%B0%80%EB%A6%AC%ED%83%80%EC%9A%B4","확인 완료","입영 시 무료 이발, 입영 후 제대 시까지 이용요금 50% 할인","군 입영예정자 및 복무 중인 장병 본인(수원시민)","수원시민 본인 대상; 방문 전 영업 및 적용 여부 확인","입영통지서 또는 휴가 확인 서류와 신분증","031-212-9394","지자체 공식 자료","https://www.suwon.go.kr/webcontent/ckeditor/2026/5/28/4e5d92bd-869b-41d9-8179-cbc3ffba48c7.pdf","2026-08-15","이용 가능","ilwoo-maker","수원시 2026년 참여업소 PDF 18개소 전수"
"미용·뷰티","조만억헤어마당","경기도","수원시","경기도 수원시 장안구 송정로177번길 4 (조원동)","","37.2986296","127.0158025","Geocoding API","https://map.naver.com/p/search/%EC%A1%B0%EB%A7%8C%EC%96%B5%ED%97%A4%EC%96%B4%EB%A7%88%EB%8B%B9%20%EA%B2%BD%EA%B8%B0%EB%8F%84%20%EC%88%98%EC%9B%90%EC%8B%9C%20%EC%9E%A5%EC%95%88%EA%B5%AC%20%EC%86%A1%EC%A0%95%EB%A1%9C177%EB%B2%88%EA%B8%B8%204","확인 완료","입영 시 무료 이발, 입영 후 제대 시까지 이용요금 50% 할인","군 입영예정자 및 복무 중인 장병 본인(수원시민)","수원시민 본인 대상; 방문 전 영업 및 적용 여부 확인","입영통지서 또는 휴가 확인 서류와 신분증","031-241-7910","지자체 공식 자료","https://www.suwon.go.kr/webcontent/ckeditor/2026/5/28/4e5d92bd-869b-41d9-8179-cbc3ffba48c7.pdf","2026-08-15","이용 가능","ilwoo-maker","수원시 2026년 참여업소 PDF 18개소 전수"
"미용·뷰티","좋은헤어","경기도","수원시","경기도 수원시 권선구 경수대로235번길 56, 1층 (세류동)","","37.2494336","127.0147371","Geocoding API","https://map.naver.com/p/search/%EC%A2%8B%EC%9D%80%ED%97%A4%EC%96%B4%20%EA%B2%BD%EA%B8%B0%EB%8F%84%20%EC%88%98%EC%9B%90%EC%8B%9C%20%EA%B6%8C%EC%84%A0%EA%B5%AC%20%EA%B2%BD%EC%88%98%EB%8C%80%EB%A1%9C235%EB%B2%88%EA%B8%B8%2056","확인 완료","입영 시 무료 이발, 입영 후 제대 시까지 이용요금 50% 할인","군 입영예정자 및 복무 중인 장병 본인(수원시민)","수원시민 본인 대상; 방문 전 영업 및 적용 여부 확인","입영통지서 또는 휴가 확인 서류와 신분증","031-234-0109","지자체 공식 자료","https://www.suwon.go.kr/webcontent/ckeditor/2026/5/28/4e5d92bd-869b-41d9-8179-cbc3ffba48c7.pdf","2026-08-15","이용 가능","ilwoo-maker","수원시 2026년 참여업소 PDF 18개소 전수"
"미용·뷰티","파크이발","경기도","수원시","경기도 수원시 장안구 정자천로189번길 47, 1층 108호 (정자동, 연꽃마을 풍림아파트)","","37.2981631","126.9925735","Geocoding API","https://map.naver.com/p/search/%ED%8C%8C%ED%81%AC%EC%9D%B4%EB%B0%9C%20%EA%B2%BD%EA%B8%B0%EB%8F%84%20%EC%88%98%EC%9B%90%EC%8B%9C%20%EC%9E%A5%EC%95%88%EA%B5%AC%20%EC%A0%95%EC%9E%90%EC%B2%9C%EB%A1%9C189%EB%B2%88%EA%B8%B8%2047%20%EC%97%B0%EA%BD%83%EB%A7%88%EC%9D%84%20%ED%92%8D%EB%A6%BC%EC%95%84%ED%8C%8C%ED%8A%B8","확인 완료","입영 시 무료 이발, 입영 후 제대 시까지 이용요금 50% 할인","군 입영예정자 및 복무 중인 장병 본인(수원시민)","수원시민 본인 대상; 방문 전 영업 및 적용 여부 확인","입영통지서 또는 휴가 확인 서류와 신분증","","지자체 공식 자료","https://www.suwon.go.kr/webcontent/ckeditor/2026/5/28/4e5d92bd-869b-41d9-8179-cbc3ffba48c7.pdf","2026-08-15","이용 가능","ilwoo-maker","수원시 2026년 참여업소 PDF 18개소 전수"
"미용·뷰티","할리바버샵","경기도","수원시","경기도 수원시 권선구 금곡로 236, 홈플러스 3층 (금곡동)","","37.2743891","126.9558949","Geocoding API","https://map.naver.com/p/search/%ED%95%A0%EB%A6%AC%EB%B0%94%EB%B2%84%EC%83%B5%20%EA%B2%BD%EA%B8%B0%EB%8F%84%20%EC%88%98%EC%9B%90%EC%8B%9C%20%EA%B6%8C%EC%84%A0%EA%B5%AC%20%EA%B8%88%EA%B3%A1%EB%A1%9C%20236%20%ED%99%88%ED%94%8C%EB%9F%AC%EC%8A%A4","확인 완료","입영 시 무료 이발, 입영 후 제대 시까지 이용요금 50% 할인","군 입영예정자 및 복무 중인 장병 본인(수원시민)","수원시민 본인 대상; 방문 전 영업 및 적용 여부 확인","입영통지서 또는 휴가 확인 서류와 신분증","031-295-5070","지자체 공식 자료","https://www.suwon.go.kr/webcontent/ckeditor/2026/5/28/4e5d92bd-869b-41d9-8179-cbc3ffba48c7.pdf","2026-08-15","이용 가능","ilwoo-maker","수원시 2026년 참여업소 PDF 18개소 전수"
"음식","버거스테이지","경기도","수원시","경기도 수원시 팔달구신풍로23번길63- 21층 (신풍동)","","37.28373","127.0113268","","","재확인 필요","서비스 이용료의 5% 할인","동원훈련이수자,모범예비군,복무중인현역병,사회복무요원,전문산업기능요원,병역명문가","없음 | 혜택기간: 2024-11-06~","동원훈련이수증,모범예비군증,복무확인서 등","0507-1482-0304","공공데이터","https://www.mma.go.kr/about/udgg/list.do?mc=mma0003357","2026-08-15","이용 가능","ilwoo-maker",""
"음식","세컨디포레스트행궁점","경기도","수원시","경기도 수원시 팔달구화서문로46번길121층 (신풍동)","","37.284757","127.0130081","","","재확인 필요","테이블당 에이드 1잔 무료 or 음료 2잔 무료 (네이버예약시 생일,음료 중복 제공)","동원훈련이수자,모범예비군,복무중인현역병,사회복무요원,전문산업기능요원,병역명문가","없음 | 혜택기간: 2024-11-05~","동원훈련이수증,모범예비군증,복무확인서 등","070-8812-0103","공공데이터","https://www.mma.go.kr/about/udgg/list.do?mc=mma0003357","2026-08-15","이용 가능","ilwoo-maker",""
"음식","태리주택(행궁 본점)","경기도","수원시","경기도 수원시 팔달구화서문로31번길8- 12(장안동)","","37.285305","127.0119705","","","재확인 필요","- 서비스이용료의 10% 할인","동원훈련이수자,모범예비군,복무중인현역병,사회복무요원,전문산업기능요원,병역명문가","없음 | 혜택기간: 2026-06-11~","동원훈련이수증,모범예비군증,복무확인서 등","0507-1363-1416","공공데이터","https://www.mma.go.kr/about/udgg/list.do?mc=mma0003357","2026-08-15","이용 가능","ilwoo-maker",""
"음식","한제소곱창전골 수원금곡점","경기도","수원시","경기도 수원시 권선구금곡로197번길18- 23(금곡동, 108호, 109호)","","37.275066","126.952745","","","재확인 필요","서비스이용료의 5% 할인(주류 제외)","동원훈련이수자, 모범예비군, 복무중인 현역병, 사회복무요원, 전문산업기능요원, 병역명문가","없음 | 혜택기간: 2024-02-13~","동원훈련이수증, 모범예비군증, 복무확인서 등","0507-1399-9407","공공데이터","https://www.mma.go.kr/about/udgg/list.do?mc=mma0003357","2026-08-15","이용 가능","ilwoo-maker",""
"카페","91커피 행궁점","경기도","수원시","경기도 수원시 팔달구행궁로26번길4(남창동)","","37.2802184","127.0145906","","","재확인 필요","* 서비스 이용료의 10% 할인 (아메리카노 테이크아웃 제외) * 국가유공자 : 음료 무료 제공","동원훈련이수자,모범예비군,복무중인현역병,사회복무요원,전문산업기능요원,병역명문가","없음 | 혜택기간: 2026-06-04~","동원훈련이수증,모범예비군증,복무확인서 등","0507-1340-6983","공공데이터","https://www.mma.go.kr/about/udgg/list.do?mc=mma0003357","2026-08-15","이용 가능","ilwoo-maker",""
"카페","버터앤츄","경기도","수원시","경기도 수원시 팔달구화서문로45번길91층 (장안동)","","37.2856949","127.0126436","","","재확인 필요","- 서비스이용료의 5% 할인","동원훈련이수자,모범예비군,복무중인현역병,사회복무요원,전문산업기능요원,병역명문가","없음 | 혜택기간: 2026-06-04~","동원훈련이수증,모범예비군증,복무확인서 등","0507-1468-7440","공공데이터","https://www.mma.go.kr/about/udgg/list.do?mc=mma0003357","2026-08-15","이용 가능","ilwoo-maker",""
"카페","빛오름","경기도","수원시","경기도 수원시 팔달구고화로1171층 (화서동)","","37.279848","127.006408","","","재확인 필요","서비스이용료의 5%할인(디저트류 한정)","동원훈련이수자,모범예비군,복무중인현역병,사회복무요원,전문산업기능요원,병역명문가","없음 | 혜택기간: 2024-04-12~","동원훈련이수증,모범예비군증,복무확인서 등","0507-1317-2397","공공데이터","https://www.mma.go.kr/about/udgg/list.do?mc=mma0003357","2026-08-15","이용 가능","ilwoo-maker",""
"미용·뷰티","스컬스바버샵","경기도","시흥시","경기도 시흥시 서울대학로264번길 12, 208동 1층 B-112호","","37.3683075","126.7249125","Geocoding API","https://map.naver.com/p/search/%EC%8A%A4%EC%BB%AC%EC%8A%A4%EB%B0%94%EB%B2%84%EC%83%B5%20%EA%B2%BD%EA%B8%B0%EB%8F%84%20%EC%8B%9C%ED%9D%A5%EC%8B%9C%20%EC%84%9C%EC%9A%B8%EB%8C%80%ED%95%99%EB%A1%9C264%EB%B2%88%EA%B8%B8%2012%20%EC%8B%9C%ED%9D%A5%EB%B0%B0%EA%B3%A7%20C2%EB%B8%94%EB%9F%AD%20%ED%98%B8%EB%B0%98%20%EC%8D%A8%EB%B0%8B%ED%94%8C%EB%A0%88%EC%9D%B4%EC%8A%A4%20%EC%95%84%ED%8C%8C%ED%8A%B8","확인 완료","군인·경찰·소방관 커트+라인쉐이빙 33,000원→28,000원","군인·경찰·소방관","혜택 변경 가능성이 있어 방문·예약 직전 업소 확인","군인증 또는 관련 공무원증","","이용 후기","https://blog.naver.com/dean2ne/224173761880","2026-08-15","확인 필요","ilwoo-maker","2026-01-19·2026-02-06 후기에서 동일 조건 확인; 업소 재확인 권장"
"음식","팔팔순대(배곧직영점)","경기도","시흥시","경기도 시흥시서울대학로59- 49(배곧동, 건영테크노밸리 118호)","","37.3597304","126.7085323","","","재확인 필요","서비스 이용료의 10%할인 -1만원 이하 식사시: 10%할인 -1만원 이상 식사시: 20%할인","예비군(당해년도,모범), 복무중인 사람, 병역명문가","없음 | 혜택기간: 2024-09-25~","동원훈련이수증,모범예비군증,복무확인서,명문가증","0507-1424-8933","공공데이터","https://www.mma.go.kr/about/udgg/list.do?mc=mma0003357","2026-08-15","이용 가능","ilwoo-maker",""
"음식","한제소곱창전골 목감점","경기도","시흥시","경기도 시흥시산현마을길33- 21층 (산현동)","","37.376232","126.845224","","","재확인 필요","서비스이용료의 5%할인(주류제외)","동원훈련이수자, 모범예비군, 복무중인 현역병, 사회복무요원, 전문산업기능요원, 병역명문가","없음 | 혜택기간: 2024-02-13~","동원훈련이수증, 모범예비군증, 복무확인서 등","031-439-0472","공공데이터","https://www.mma.go.kr/about/udgg/list.do?mc=mma0003357","2026-08-15","이용 가능","ilwoo-maker",""
"음식","색시국밥 한대점","경기도","안산시","경기도 안산시 상록구성안2길23(사동, 1층)","","37.3022","126.8395","","","재확인 필요","서비스 이용료의 5% 할인","복무중인자,모범예비군,동원훈련이수자,명문가","없음 | 혜택기간: 2026-07-10~","명문가증,복무확인서,훈련이수증,모범예비군증","0507-1389-9859","공공데이터","https://www.mma.go.kr/about/udgg/list.do?mc=mma0003357","2026-08-15","이용 가능","ilwoo-maker",""
"숙박","캠핑이너스(주)","경기도","안성시","경기도 안성시원곡면오동길34(원곡면내가천리)","","37.0394087","127.1253997","","","재확인 필요","서비스이용료의 5% 할인","동원훈련이수자,모범예비군,복무중인현역병,사회복무요원,전문산업기능요원,병역명문가","없음 | 혜택기간: 2024-09-19~","동원훈련이수증,모범예비군증,복무확인서 등","0507-1304-5672","공공데이터","https://www.mma.go.kr/about/udgg/list.do?mc=mma0003357","2026-08-15","이용 가능","ilwoo-maker",""
"미용·뷰티","금양남성헤어","경기도","안양시","경기도 안양시 동안구인덕원로14- 1(관양동)","","37.401093","126.973767","","","재확인 필요","서비스 이용료의 10% 할인","동원훈련이수자,모범예비군,복무중인현역병,사회복무요원,전문산업기능요원,병역명문가","없음 | 혜택기간: 2024-08-05~","동원훈련이수증,모범예비군증,복무확인서 등","010-3899-8777","공공데이터","https://www.mma.go.kr/about/udgg/list.do?mc=mma0003357","2026-08-15","이용 가능","ilwoo-maker",""
"미용·뷰티","뜨란헤어","경기도","안양시","경기도 안양시 동안구경수대로980(비산동)","","37.4012049","126.929257","","","재확인 필요","컷트 2,000원 할인","동원훈련이수자,모범예비군,복무중인현역병,사회복무요원,전문산업기능요원,병역명문가","없음 | 혜택기간: 2024-08-21~","동원훈련이수증,모범예비군증,복무확인서 등","031-445-5379","공공데이터","https://www.mma.go.kr/about/udgg/list.do?mc=mma0003357","2026-08-15","이용 가능","ilwoo-maker",""
"미용·뷰티","머리쟁이","경기도","안양시","경기도 안양시 동안구관악대로106번길77- 0(비산동)","","37.398484","126.938181","","","재확인 필요","서비스 이용료의 5% 할인","동원훈련이수자,모범예비군,복무중인현역병,사회복무요원,전문산업기능요원,병역명문가","없음 | 혜택기간: 2024-07-02~","동원훈련이수증,모범예비군증,복무확인서 등","031-383-5757","공공데이터","https://www.mma.go.kr/about/udgg/list.do?mc=mma0003357","2026-08-15","이용 가능","ilwoo-maker",""
"미용·뷰티","청주이발소","경기도","안양시","경기도 안양시 동안구관평로138번길53상가동동203호(평촌동, 초원부영아파트)","","37.3919726","126.964749","","","재확인 필요","서비스 이용료의 10% 할인","동원훈련이수자,모범예비군,복무중인현역병,사회복무요원,전문산업기능요원,병역명문가","없음 | 혜택기간: 2024-08-05~","동원훈련이수증,모범예비군증,복무확인서 등","031-383-6995","공공데이터","https://www.mma.go.kr/about/udgg/list.do?mc=mma0003357","2026-08-15","이용 가능","ilwoo-maker",""
"미용·뷰티","펜스바버샵","경기도","안양시","경기도 안양시 동안구시민대로230(관양동)","","37.392345","126.956502","","","재확인 필요","서비스 이용료의 5% 할인","동원훈련이수자,모범예비군,복무중인현역병,사회복무요원,전문산업기능요원,병역명문가","없음 | 혜택기간: 2024-07-11~","동원훈련이수증,모범예비군증,복무확인서 등","010-9966-1423","공공데이터","https://www.mma.go.kr/about/udgg/list.do?mc=mma0003357","2026-08-15","이용 가능","ilwoo-maker",""
"미용·뷰티","효재헤어","경기도","안양시","경기도 안양시 동안구관양로247- 9(관양동)","","37.399961","126.973315","","","재확인 필요","서비스 이용료의 20% 할인","동원훈련이수자,모범예비군,복무중인현역병,사회복무요원,전문산업기능요원,병역명문가","없음 | 혜택기간: 2024-06-05~","동원훈련이수증,모범예비군증,복무확인서 등","010-3062-7719","공공데이터","https://www.mma.go.kr/about/udgg/list.do?mc=mma0003357","2026-08-15","이용 가능","ilwoo-maker",""
"음식","구운몽","경기도","안양시","경기도 안양시 동안구시민대로167105동1호(비산동, 안양벤처텔)","","37.390858","126.949545","","","재확인 필요","-베이커리 -서비스 이용료의 5% 할인","동원훈련이수자,모범예비군,복무중인현역병,사회복무요원,전문산업기능요원,병역명문가","없음 | 혜택기간: 2024-07-03~","동원훈련이수증,모범예비군증,복무확인서 등","387-9889","공공데이터","https://www.mma.go.kr/about/udgg/list.do?mc=mma0003357","2026-08-15","이용 가능","ilwoo-maker",""
"음식","국민낙곱새(안양점)","경기도","안양시","경기도 안양시 만안구안양로257- 271층 (안양동)","","37.3951405","126.9226622","","","재확인 필요","서비스 이용료의 10% 할인","동원훈련이수자,모범예비군,복무중인현역병,사회복무요원,전문산업기능요원,병역명문가","없음 | 혜택기간: 2024-07-15~","동원훈련이수증,모범예비군증,복무확인서 등","031-466-8809","공공데이터","https://www.mma.go.kr/about/udgg/list.do?mc=mma0003357","2026-08-15","이용 가능","ilwoo-maker",""
"음식","국민낙곱새(평촌점)","경기도","안양시","경기도 안양시 동안구흥안대로457- 27(관양동)","","37.3946502","126.9735876","Geocoding API","https://map.naver.com/p/search/%EA%B5%AD%EB%AF%BC%EB%82%99%EA%B3%B1%EC%83%88%28%ED%8F%89%EC%B4%8C%EC%A0%90%29%20%EA%B2%BD%EA%B8%B0%EB%8F%84%20%EC%95%88%EC%96%91%EC%8B%9C%20%EB%8F%99%EC%95%88%EA%B5%AC%20%ED%9D%A5%EC%95%88%EB%8C%80%EB%A1%9C%20457-27","확인 완료","서비스 이용료의 10% 할인","동원훈련이수자,모범예비군,복무중인현역병,사회복무요원,전문산업기능요원,병역명문가","없음 | 혜택기간: 2024-07-15~","동원훈련이수증,모범예비군증,복무확인서 등","031-599-2509","공공데이터","https://www.mma.go.kr/about/udgg/list.do?mc=mma0003357","2026-08-15","이용 가능","ilwoo-maker",""
"음식","성신양꼬치","경기도","안양시","경기도 안양시 동안구흥안대로493- 161층 (관양동)","","37.39855","126.975824","","","재확인 필요","서비스 이용료의 10% 할인","동원훈련이수자,모범예비군,복무중인현역병,사회복무요원,전문산업기능요원,병역명문가","없음 | 혜택기간: 2024-06-21~","동원훈련이수증,모범예비군증,복무확인서 등","0507-1440-8924","공공데이터","https://www.mma.go.kr/about/udgg/list.do?mc=mma0003357","2026-08-15","이용 가능","ilwoo-maker",""
"음식","옥천냉면","경기도","안양시","경기도 안양시 동안구관악대로374번길9- 211층 (관양동)","","37.404003","126.965853","","","재확인 필요","서비스 이용료의 10% 할인","동원훈련이수자,모범예비군,복무중인현역병,사회복무요원,전문산업기능요원,병역명문가","없음 | 혜택기간: 2024-08-12~","동원훈련이수증,모범예비군증,복무확인서 등","031-422-6644","공공데이터","https://www.mma.go.kr/about/udgg/list.do?mc=mma0003357","2026-08-15","이용 가능","ilwoo-maker",""
"음식","외할머니소머리국밥","경기도","안양시","경기도 안양시 동안구안양판교로14- 1(관양동)","","37.400715","126.977622","","","재확인 필요","서비스 이용료의 10% 할인","동원훈련이수자,모범예비군,복무중인현역병,사회복무요원,전문산업기능요원,병역명문가","없음 | 혜택기간: 2024-06-21~","동원훈련이수증,모범예비군증,복무확인서 등","031-426-2966","공공데이터","https://www.mma.go.kr/about/udgg/list.do?mc=mma0003357","2026-08-15","이용 가능","ilwoo-maker",""
"음식","이엔(주)양파백세탕","경기도","안양시","경기도 안양시 동안구동편로20번길16109호(관양동, 신안시티)","","37.4053801","126.9718344","","","재확인 필요","칼국수 1인분(3000원 상당) 서비스","동원훈련이수자,모범예비군,복무중인현역병,사회복무요원,전문산업기능요원,병역명문가","없음 | 혜택기간: 2024-08-21~","동원훈련이수증,모범예비군증,복무확인서 등","031-427-7888","공공데이터","https://www.mma.go.kr/about/udgg/list.do?mc=mma0003357","2026-08-15","이용 가능","ilwoo-maker",""
"음식","한제소곱창전골 안양일번가점","경기도","안양시","경기도 안양시 만안구장내로139- 01층 (안양동)","","37.397945","126.922929","","","재확인 필요","서비스이용료의 5%할인(주류제외)","동원훈련이수자, 모범예비군, 복무중인 현역병, 사회복무요원, 전문산업기능요원, 병역명문가","없음 | 혜택기간: 2024-02-13~","동원훈련이수증, 모범예비군증, 복무확인서 등","031-466-5515","공공데이터","https://www.mma.go.kr/about/udgg/list.do?mc=mma0003357","2026-08-15","이용 가능","ilwoo-maker",""
"음식","황기순손칼국수&왕돈까스","경기도","안양시","경기도 안양시 동안구인덕원로13(관양동)","","37.40119","126.973496","","","재확인 필요","서비스 이용료의 20% 할인","동원훈련이수자,모범예비군,복무중인현역병,사회복무요원,전문산업기능요원,병역명문가","없음 | 혜택기간: 2024-06-11~","동원훈련이수증,모범예비군증,복무확인서 등","010-2030-7106","공공데이터","https://www.mma.go.kr/about/udgg/list.do?mc=mma0003357","2026-08-15","이용 가능","ilwoo-maker",""
"카페","레스트앤드","경기도","안양시","경기도 안양시 동안구평촌대로419- 7(비산동)","","37.408322","126.950228","","","재확인 필요","서비스 이용료의 10% 할인 주류 5만원 이상 구매시 마른안주 서비스제공","동원훈련이수자,모범예비군,복무중인현역병,사회복무요원,전문산업기능요원,병역명문가","없음 | 혜택기간: 2024-06-21~","동원훈련이수증,모범예비군증,복무확인서 등","010-5205-0130","공공데이터","https://www.mma.go.kr/about/udgg/list.do?mc=mma0003357","2026-08-15","이용 가능","ilwoo-maker",""
"카페","안다미로","경기도","안양시","경기도 안양시 동안구평촌대로440(비산동)","","37.410012","126.95088","","","재확인 필요","서비스 이용료의 10% 할인","동원훈련이수자,모범예비군,복무중인현역병,사회복무요원,전문산업기능요원,병역명문가","없음 | 혜택기간: 2024-07-02~","동원훈련이수증,모범예비군증,복무확인서 등","010-9393-4823","공공데이터","https://www.mma.go.kr/about/udgg/list.do?mc=mma0003357","2026-08-15","이용 가능","ilwoo-maker",""
"카페","오로라케이크&쿠키","경기도","안양시","경기도 안양시 동안구동편로1461층 (관양동)","","37.409274","126.966889","","","재확인 필요","서비스 이용료의 10% 할인","동원훈련이수자,모범예비군,복무중인현역병,사회복무요원,전문산업기능요원,병역명문가","없음 | 혜택기간: 2024-06-03~","동원훈련이수증,모범예비군증,복무확인서 등","070-7954-7024","공공데이터","https://www.mma.go.kr/about/udgg/list.do?mc=mma0003357","2026-08-15","이용 가능","ilwoo-maker",""
"카페","카페 두둥실","경기도","안양시","경기도 안양시 동안구시민대로187102호(비산동, 안양건설타워)","","37.3917697","126.9516859","","","재확인 필요","무료 사이즈업","동원훈련이수자,모범예비군,복무중인현역병,사회복무요원,전문산업기능요원,병역명문가","없음 | 혜택기간: 2024-09-19~","동원훈련이수증,모범예비군증,복무확인서 등","0507-877-3305","공공데이터","https://www.mma.go.kr/about/udgg/list.do?mc=mma0003357","2026-08-15","이용 가능","ilwoo-maker",""
"카페","카페카린","경기도","안양시","경기도 안양시 동안구관악대로2721층 (비산동)","","37.401933","126.952945","","","재확인 필요","서비스 이용료의 5% 할인(음료만 해당)","동원훈련이수자,모범예비군,복무중인현역병,사회복무요원,전문산업기능요원,병역명문가","없음 | 혜택기간: 2024-07-11~","동원훈련이수증,모범예비군증,복무확인서 등","031-386-1646","공공데이터","https://www.mma.go.kr/about/udgg/list.do?mc=mma0003357","2026-08-15","이용 가능","ilwoo-maker",""
"카페","켄커피","경기도","안양시","경기도 안양시 만안구안양로110105호1층 (안양동)","","37.384845","126.93379","","","재확인 필요","서비스 이용료의 5% 할인","동원훈련이수자,모범예비군,복무중인현역병,사회복무요원,전문산업기능요원,병역명문가","없음 | 혜택기간: 2024-06-05~","동원훈련이수증,모범예비군증,복무확인서 등","010-4447-4114","공공데이터","https://www.mma.go.kr/about/udgg/list.do?mc=mma0003357","2026-08-15","이용 가능","ilwoo-maker",""
"카페","켄커피(본점)","경기도","안양시","경기도 안양시 만안구예술공원로164- 1(안양동)","","37.419135","126.92415","","","재확인 필요","서비스 이용료의 5% 할인","동원훈련이수자,모범예비군,복무중인현역병,사회복무요원,전문산업기능요원,병역명문가","없음 | 혜택기간: 2024-06-05~","동원훈련이수증,모범예비군증,복무확인서 등","010-9137-6972","공공데이터","https://www.mma.go.kr/about/udgg/list.do?mc=mma0003357","2026-08-15","이용 가능","ilwoo-maker",""
"카페","콩고커피","경기도","안양시","경기도 안양시 동안구관평로182- 171층 (관양동)","","37.393684","126.961201","","","재확인 필요","서비스 이용료의 5% 할인","동원훈련이수자,모범예비군,복무중인현역병,사회복무요원,전문산업기능요원,병역명문가","없음 | 혜택기간: 2024-06-05~","동원훈련이수증,모범예비군증,복무확인서 등","0507-1411-9558","공공데이터","https://www.mma.go.kr/about/udgg/list.do?mc=mma0003357","2026-08-15","이용 가능","ilwoo-maker",""
"카페","페이보릿커피","경기도","안양시","경기도 안양시 만안구안양천서로177상가1동36호2층 (안양동)","","37.394825","126.932403","","","재확인 필요","서비스 이용료의 10% 할인(음료만 할인)","동원훈련이수자,모범예비군,복무중인현역병,사회복무요원,전문산업기능요원,병역명문가","없음 | 혜택기간: 2024-07-03~","동원훈련이수증,모범예비군증,복무확인서 등","0507-1466-5881","공공데이터","https://www.mma.go.kr/about/udgg/list.do?mc=mma0003357","2026-08-15","이용 가능","ilwoo-maker",""
"음식","가마골 백숙","경기도","양주시","경기도 양주시 장흥면 북한산로 1028","","37.7135996","126.9713192","Geocoding API","https://map.naver.com/p/search/%EA%B0%80%EB%A7%88%EA%B3%A8%20%EB%B0%B1%EC%88%99%20%EA%B2%BD%EA%B8%B0%EB%8F%84%20%EC%96%91%EC%A3%BC%EC%8B%9C%20%EC%9E%A5%ED%9D%A5%EB%A9%B4%20%EB%B6%81%ED%95%9C%EC%82%B0%EB%A1%9C%201028","확인 완료","군 장병 대상 상시 할인(할인율·적용 품목은 업소별 상이, 방문 전 문의)","군 장병","상시 참여업소 목록이며 세부 할인율은 업소별 문의","군인 신분 확인자료(방문 전 문의)","031-861-4800","지자체 공식 자료","https://www.yangju.go.kr/www/selectBbsNttView.do?bbsNo=13&key=202&nttNo=198019","2026-08-15","이용 가능","ilwoo-maker","기간 한정 특별할인 22개소는 제외하고 상시 참여 32개소만 수록"
"음식","거석골","경기도","양주시","경기도 양주시 백석읍 기산로 503","","37.7776188","126.9453191","Geocoding API","https://map.naver.com/p/search/%EA%B1%B0%EC%84%9D%EA%B3%A8%20%EA%B2%BD%EA%B8%B0%EB%8F%84%20%EC%96%91%EC%A3%BC%EC%8B%9C%20%EB%B0%B1%EC%84%9D%EC%9D%8D%20%EA%B8%B0%EC%82%B0%EB%A1%9C%20503","확인 완료","군 장병 대상 상시 할인(할인율·적용 품목은 업소별 상이, 방문 전 문의)","군 장병","상시 참여업소 목록이며 세부 할인율은 업소별 문의","군인 신분 확인자료(방문 전 문의)","031-876-7658","지자체 공식 자료","https://www.yangju.go.kr/www/selectBbsNttView.do?bbsNo=13&key=202&nttNo=198019","2026-08-15","이용 가능","ilwoo-maker","기간 한정 특별할인 22개소는 제외하고 상시 참여 32개소만 수록"
"음식","거시기닭갈비","경기도","양주시","경기도 양주시 엄상동길 22-25","","37.8302412","127.067514","Geocoding API","https://map.naver.com/p/search/%EA%B1%B0%EC%8B%9C%EA%B8%B0%EB%8B%AD%EA%B0%88%EB%B9%84%20%EA%B2%BD%EA%B8%B0%EB%8F%84%20%EC%96%91%EC%A3%BC%EC%8B%9C%20%EC%97%84%EC%83%81%EB%8F%99%EA%B8%B8%2022-25","확인 완료","군 장병 대상 상시 할인(할인율·적용 품목은 업소별 상이, 방문 전 문의)","군 장병","상시 참여업소 목록이며 세부 할인율은 업소별 문의","군인 신분 확인자료(방문 전 문의)","031-859-9982","지자체 공식 자료","https://www.yangju.go.kr/www/selectBbsNttView.do?bbsNo=13&key=202&nttNo=198019","2026-08-15","이용 가능","ilwoo-maker","기간 한정 특별할인 22개소는 제외하고 상시 참여 32개소만 수록"
"음식","고봉막국수","경기도","양주시","경기도 양주시 장흥면 권율로 88, 상가동 1층","","37.7227921","126.9477588","Geocoding API","https://map.naver.com/p/search/%EA%B3%A0%EB%B4%89%EB%A7%89%EA%B5%AD%EC%88%98%20%EA%B2%BD%EA%B8%B0%EB%8F%84%20%EC%96%91%EC%A3%BC%EC%8B%9C%20%EC%9E%A5%ED%9D%A5%EB%A9%B4%20%EA%B6%8C%EC%9C%A8%EB%A1%9C%2088%20%EA%B7%B8%EB%A6%B0%EC%88%B2%ED%83%80%EC%9A%B4","확인 완료","군 장병 대상 상시 할인(할인율·적용 품목은 업소별 상이, 방문 전 문의)","군 장병","상시 참여업소 목록이며 세부 할인율은 업소별 문의","군인 신분 확인자료(방문 전 문의)","031-829-2988","지자체 공식 자료","https://www.yangju.go.kr/www/selectBbsNttView.do?bbsNo=13&key=202&nttNo=198019","2026-08-15","이용 가능","ilwoo-maker","기간 한정 특별할인 22개소는 제외하고 상시 참여 32개소만 수록"
"음식","구들장생고기","경기도","양주시","경기도 양주시 엄상동길 66","","37.8313947","127.0697859","Geocoding API","https://map.naver.com/p/search/%EA%B5%AC%EB%93%A4%EC%9E%A5%EC%83%9D%EA%B3%A0%EA%B8%B0%20%EA%B2%BD%EA%B8%B0%EB%8F%84%20%EC%96%91%EC%A3%BC%EC%8B%9C%20%EC%97%84%EC%83%81%EB%8F%99%EA%B8%B8%2066","확인 완료","군 장병 대상 상시 할인(할인율·적용 품목은 업소별 상이, 방문 전 문의)","군 장병","상시 참여업소 목록이며 세부 할인율은 업소별 문의","군인 신분 확인자료(방문 전 문의)","031-858-7892","지자체 공식 자료","https://www.yangju.go.kr/www/selectBbsNttView.do?bbsNo=13&key=202&nttNo=198019","2026-08-15","이용 가능","ilwoo-maker","기간 한정 특별할인 22개소는 제외하고 상시 참여 32개소만 수록"
"음식","김밥나라","경기도","양주시","경기도 양주시 평화로 1426","","37.8181225","127.0462927","Geocoding API","https://map.naver.com/p/search/%EA%B9%80%EB%B0%A5%EB%82%98%EB%9D%BC%20%EA%B2%BD%EA%B8%B0%EB%8F%84%20%EC%96%91%EC%A3%BC%EC%8B%9C%20%ED%8F%89%ED%99%94%EB%A1%9C%201426","확인 완료","군 장병 대상 상시 할인(할인율·적용 품목은 업소별 상이, 방문 전 문의)","군 장병","상시 참여업소 목록이며 세부 할인율은 업소별 문의","군인 신분 확인자료(방문 전 문의)","031-858-1558","지자체 공식 자료","https://www.yangju.go.kr/www/selectBbsNttView.do?bbsNo=13&key=202&nttNo=198019","2026-08-15","이용 가능","ilwoo-maker","기간 한정 특별할인 22개소는 제외하고 상시 참여 32개소만 수록"
"음식","김삿갓토종순대국","경기도","양주시","경기도 양주시 평화로 1556","","37.8280838","127.0537226","Geocoding API","https://map.naver.com/p/search/%EA%B9%80%EC%82%BF%EA%B0%93%ED%86%A0%EC%A2%85%EC%88%9C%EB%8C%80%EA%B5%AD%20%EA%B2%BD%EA%B8%B0%EB%8F%84%20%EC%96%91%EC%A3%BC%EC%8B%9C%20%ED%8F%89%ED%99%94%EB%A1%9C%201556","확인 완료","군 장병 대상 상시 할인(할인율·적용 품목은 업소별 상이, 방문 전 문의)","군 장병","상시 참여업소 목록이며 세부 할인율은 업소별 문의","군인 신분 확인자료(방문 전 문의)","031-864-4100","지자체 공식 자료","https://www.yangju.go.kr/www/selectBbsNttView.do?bbsNo=13&key=202&nttNo=198019","2026-08-15","이용 가능","ilwoo-maker","기간 한정 특별할인 22개소는 제외하고 상시 참여 32개소만 수록"
"음식","다찜(고암점)","경기도","양주시","경기도 양주시 고암길 32","","37.8316672","127.0678148","Geocoding API","https://map.naver.com/p/search/%EB%8B%A4%EC%B0%9C%28%EA%B3%A0%EC%95%94%EC%A0%90%29%20%EA%B2%BD%EA%B8%B0%EB%8F%84%20%EC%96%91%EC%A3%BC%EC%8B%9C%20%EA%B3%A0%EC%95%94%EA%B8%B8%2032","확인 완료","군 장병 대상 상시 할인(할인율·적용 품목은 업소별 상이, 방문 전 문의)","군 장병","상시 참여업소 목록이며 세부 할인율은 업소별 문의","군인 신분 확인자료(방문 전 문의)","031-863-3233","지자체 공식 자료","https://www.yangju.go.kr/www/selectBbsNttView.do?bbsNo=13&key=202&nttNo=198019","2026-08-15","이용 가능","ilwoo-maker","기간 한정 특별할인 22개소는 제외하고 상시 참여 32개소만 수록"
"음식","덕정갈비","경기도","양주시","경기도 양주시 덕정길 58","","37.843655","127.0655121","Geocoding API","https://map.naver.com/p/search/%EB%8D%95%EC%A0%95%EA%B0%88%EB%B9%84%20%EA%B2%BD%EA%B8%B0%EB%8F%84%20%EC%96%91%EC%A3%BC%EC%8B%9C%20%EB%8D%95%EC%A0%95%EA%B8%B8%2058","확인 완료","군 장병 대상 상시 할인(할인율·적용 품목은 업소별 상이, 방문 전 문의)","군 장병","상시 참여업소 목록이며 세부 할인율은 업소별 문의","군인 신분 확인자료(방문 전 문의)","031-862-8811","지자체 공식 자료","https://www.yangju.go.kr/www/selectBbsNttView.do?bbsNo=13&key=202&nttNo=198019","2026-08-15","이용 가능","ilwoo-maker","기간 한정 특별할인 22개소는 제외하고 상시 참여 32개소만 수록"
"음식","두끼떡볶이(양주고읍점)","경기도","양주시","경기도 양주시 고읍남로 36, 2층","","37.7936572","127.0780449","Geocoding API","https://map.naver.com/p/search/%EB%91%90%EB%81%BC%EB%96%A1%EB%B3%B6%EC%9D%B4%28%EC%96%91%EC%A3%BC%EA%B3%A0%EC%9D%8D%EC%A0%90%29%20%EA%B2%BD%EA%B8%B0%EB%8F%84%20%EC%96%91%EC%A3%BC%EC%8B%9C%20%EA%B3%A0%EC%9D%8D%EB%82%A8%EB%A1%9C%2036","확인 완료","군 장병 대상 상시 할인(할인율·적용 품목은 업소별 상이, 방문 전 문의)","군 장병","상시 참여업소 목록이며 세부 할인율은 업소별 문의","군인 신분 확인자료(방문 전 문의)","031-821-2771","지자체 공식 자료","https://www.yangju.go.kr/www/selectBbsNttView.do?bbsNo=13&key=202&nttNo=198019","2026-08-15","이용 가능","ilwoo-maker","기간 한정 특별할인 22개소는 제외하고 상시 참여 32개소만 수록"
"음식","둘째마당바위","경기도","양주시","경기도 양주시 장흥면 권율로309번길 149","","37.7444688","126.950999","Geocoding API","https://map.naver.com/p/search/%EB%91%98%EC%A7%B8%EB%A7%88%EB%8B%B9%EB%B0%94%EC%9C%84%20%EA%B2%BD%EA%B8%B0%EB%8F%84%20%EC%96%91%EC%A3%BC%EC%8B%9C%20%EC%9E%A5%ED%9D%A5%EB%A9%B4%20%EA%B6%8C%EC%9C%A8%EB%A1%9C309%EB%B2%88%EA%B8%B8%20149","확인 완료","군 장병 대상 상시 할인(할인율·적용 품목은 업소별 상이, 방문 전 문의)","군 장병","상시 참여업소 목록이며 세부 할인율은 업소별 문의","군인 신분 확인자료(방문 전 문의)","031-855-5213","지자체 공식 자료","https://www.yangju.go.kr/www/selectBbsNttView.do?bbsNo=13&key=202&nttNo=198019","2026-08-15","이용 가능","ilwoo-maker","기간 한정 특별할인 22개소는 제외하고 상시 참여 32개소만 수록"
"음식","등촌샤브칼국수","경기도","양주시","경기도 양주시 송랑로 64, 1층","","37.790817","127.0884851","Geocoding API","https://map.naver.com/p/search/%EB%93%B1%EC%B4%8C%EC%83%A4%EB%B8%8C%EC%B9%BC%EA%B5%AD%EC%88%98%20%EA%B2%BD%EA%B8%B0%EB%8F%84%20%EC%96%91%EC%A3%BC%EC%8B%9C%20%EC%86%A1%EB%9E%91%EB%A1%9C%2064","확인 완료","군 장병 대상 상시 할인(할인율·적용 품목은 업소별 상이, 방문 전 문의)","군 장병","상시 참여업소 목록이며 세부 할인율은 업소별 문의","군인 신분 확인자료(방문 전 문의)","031-843-8777","지자체 공식 자료","https://www.yangju.go.kr/www/selectBbsNttView.do?bbsNo=13&key=202&nttNo=198019","2026-08-15","이용 가능","ilwoo-maker","기간 한정 특별할인 22개소는 제외하고 상시 참여 32개소만 수록"
"음식","등촌칼국수","경기도","양주시","경기도 양주시 백석읍 고릉말로150번길 28 (1층)","","37.7958921","126.990685","Geocoding API","https://map.naver.com/p/search/%EB%93%B1%EC%B4%8C%EC%B9%BC%EA%B5%AD%EC%88%98%20%EA%B2%BD%EA%B8%B0%EB%8F%84%20%EC%96%91%EC%A3%BC%EC%8B%9C%20%EB%B0%B1%EC%84%9D%EC%9D%8D%20%EA%B3%A0%EB%A6%89%EB%A7%90%EB%A1%9C150%EB%B2%88%EA%B8%B8%2028","확인 완료","군 장병 대상 상시 할인(할인율·적용 품목은 업소별 상이, 방문 전 문의)","군 장병","상시 참여업소 목록이며 세부 할인율은 업소별 문의","군인 신분 확인자료(방문 전 문의)","031-879-6070","지자체 공식 자료","https://www.yangju.go.kr/www/selectBbsNttView.do?bbsNo=13&key=202&nttNo=198019","2026-08-15","이용 가능","ilwoo-maker","기간 한정 특별할인 22개소는 제외하고 상시 참여 32개소만 수록"
"음식","만두와김밥마을","경기도","양주시","경기도 양주시 부흥로 2122","","37.8060821","127.0900078","Geocoding API","https://map.naver.com/p/search/%EB%A7%8C%EB%91%90%EC%99%80%EA%B9%80%EB%B0%A5%EB%A7%88%EC%9D%84%20%EA%B2%BD%EA%B8%B0%EB%8F%84%20%EC%96%91%EC%A3%BC%EC%8B%9C%20%EB%B6%80%ED%9D%A5%EB%A1%9C%202122","확인 완료","군 장병 대상 상시 할인(할인율·적용 품목은 업소별 상이, 방문 전 문의)","군 장병","상시 참여업소 목록이며 세부 할인율은 업소별 문의","군인 신분 확인자료(방문 전 문의)","031-848-1796","지자체 공식 자료","https://www.yangju.go.kr/www/selectBbsNttView.do?bbsNo=13&key=202&nttNo=198019","2026-08-15","이용 가능","ilwoo-maker","기간 한정 특별할인 22개소는 제외하고 상시 참여 32개소만 수록"
"음식","만수장","경기도","양주시","경기도 양주시 평화로 1552-1","","37.8277181","127.0536242","Geocoding API","https://map.naver.com/p/search/%EB%A7%8C%EC%88%98%EC%9E%A5%20%EA%B2%BD%EA%B8%B0%EB%8F%84%20%EC%96%91%EC%A3%BC%EC%8B%9C%20%ED%8F%89%ED%99%94%EB%A1%9C%201552-1","확인 완료","군 장병 대상 상시 할인(할인율·적용 품목은 업소별 상이, 방문 전 문의)","군 장병","상시 참여업소 목록이며 세부 할인율은 업소별 문의","군인 신분 확인자료(방문 전 문의)","031-858-8289","지자체 공식 자료","https://www.yangju.go.kr/www/selectBbsNttView.do?bbsNo=13&key=202&nttNo=198019","2026-08-15","이용 가능","ilwoo-maker","기간 한정 특별할인 22개소는 제외하고 상시 참여 32개소만 수록"
"음식","본도시락 덕정점","경기도","양주시","경기도 양주시 독바위로 9","","37.840385","127.0629577","Geocoding API","https://map.naver.com/p/search/%EB%B3%B8%EB%8F%84%EC%8B%9C%EB%9D%BD%20%EB%8D%95%EC%A0%95%EC%A0%90%20%EA%B2%BD%EA%B8%B0%EB%8F%84%20%EC%96%91%EC%A3%BC%EC%8B%9C%20%EB%8F%85%EB%B0%94%EC%9C%84%EB%A1%9C%209","확인 완료","군 장병 대상 상시 할인(할인율·적용 품목은 업소별 상이, 방문 전 문의)","군 장병","상시 참여업소 목록이며 세부 할인율은 업소별 문의","군인 신분 확인자료(방문 전 문의)","031-858-4282","지자체 공식 자료","https://www.yangju.go.kr/www/selectBbsNttView.do?bbsNo=13&key=202&nttNo=198019","2026-08-15","이용 가능","ilwoo-maker","기간 한정 특별할인 22개소는 제외하고 상시 참여 32개소만 수록"
"음식","산하식당","경기도","양주시","경기도 양주시 백석읍 기산로 410","","37.7758038","126.9356199","Geocoding API","https://map.naver.com/p/search/%EC%82%B0%ED%95%98%EC%8B%9D%EB%8B%B9%20%EA%B2%BD%EA%B8%B0%EB%8F%84%20%EC%96%91%EC%A3%BC%EC%8B%9C%20%EB%B0%B1%EC%84%9D%EC%9D%8D%20%EA%B8%B0%EC%82%B0%EB%A1%9C%20410","확인 완료","군 장병 대상 상시 할인(할인율·적용 품목은 업소별 상이, 방문 전 문의)","군 장병","상시 참여업소 목록이며 세부 할인율은 업소별 문의","군인 신분 확인자료(방문 전 문의)","031-871-9369","지자체 공식 자료","https://www.yangju.go.kr/www/selectBbsNttView.do?bbsNo=13&key=202&nttNo=198019","2026-08-15","이용 가능","ilwoo-maker","기간 한정 특별할인 22개소는 제외하고 상시 참여 32개소만 수록"
"음식","삼호산장","경기도","양주시","경기도 양주시 백석읍 기산로 435","","37.7773456","126.9380381","Geocoding API","https://map.naver.com/p/search/%EC%82%BC%ED%98%B8%EC%82%B0%EC%9E%A5%20%EA%B2%BD%EA%B8%B0%EB%8F%84%20%EC%96%91%EC%A3%BC%EC%8B%9C%20%EB%B0%B1%EC%84%9D%EC%9D%8D%20%EA%B8%B0%EC%82%B0%EB%A1%9C%20435","확인 완료","군 장병 대상 상시 할인(할인율·적용 품목은 업소별 상이, 방문 전 문의)","군 장병","상시 참여업소 목록이며 세부 할인율은 업소별 문의","군인 신분 확인자료(방문 전 문의)","031-876-2351","지자체 공식 자료","https://www.yangju.go.kr/www/selectBbsNttView.do?bbsNo=13&key=202&nttNo=198019","2026-08-15","이용 가능","ilwoo-maker","기간 한정 특별할인 22개소는 제외하고 상시 참여 32개소만 수록"
"음식","소문난쭈꾸미생삼겹","경기도","양주시","경기도 양주시 엄상동길 50-16","","37.8307191","127.0687798","Geocoding API","https://map.naver.com/p/search/%EC%86%8C%EB%AC%B8%EB%82%9C%EC%AD%88%EA%BE%B8%EB%AF%B8%EC%83%9D%EC%82%BC%EA%B2%B9%20%EA%B2%BD%EA%B8%B0%EB%8F%84%20%EC%96%91%EC%A3%BC%EC%8B%9C%20%EC%97%84%EC%83%81%EB%8F%99%EA%B8%B8%2050-16","확인 완료","군 장병 대상 상시 할인(할인율·적용 품목은 업소별 상이, 방문 전 문의)","군 장병","상시 참여업소 목록이며 세부 할인율은 업소별 문의","군인 신분 확인자료(방문 전 문의)","031-857-4473","지자체 공식 자료","https://www.yangju.go.kr/www/selectBbsNttView.do?bbsNo=13&key=202&nttNo=198019","2026-08-15","이용 가능","ilwoo-maker","기간 한정 특별할인 22개소는 제외하고 상시 참여 32개소만 수록"
"음식","술들다","경기도","양주시","경기도 양주시 덕정4길 11","","37.8435889","127.0636388","Geocoding API","https://map.naver.com/p/search/%EC%88%A0%EB%93%A4%EB%8B%A4%20%EA%B2%BD%EA%B8%B0%EB%8F%84%20%EC%96%91%EC%A3%BC%EC%8B%9C%20%EB%8D%95%EC%A0%954%EA%B8%B8%2011","확인 완료","군 장병 대상 상시 할인(할인율·적용 품목은 업소별 상이, 방문 전 문의)","군 장병","상시 참여업소 목록이며 세부 할인율은 업소별 문의","군인 신분 확인자료(방문 전 문의)","0507-1310-8451","지자체 공식 자료","https://www.yangju.go.kr/www/selectBbsNttView.do?bbsNo=13&key=202&nttNo=198019","2026-08-15","이용 가능","ilwoo-maker","기간 한정 특별할인 22개소는 제외하고 상시 참여 32개소만 수록"
"음식","안다미로 샤브샤브","경기도","양주시","경기도 양주시 엄상동길 22-26","","37.830281","127.0672537","Geocoding API","https://map.naver.com/p/search/%EC%95%88%EB%8B%A4%EB%AF%B8%EB%A1%9C%20%EC%83%A4%EB%B8%8C%EC%83%A4%EB%B8%8C%20%EA%B2%BD%EA%B8%B0%EB%8F%84%20%EC%96%91%EC%A3%BC%EC%8B%9C%20%EC%97%84%EC%83%81%EB%8F%99%EA%B8%B8%2022-26","확인 완료","군 장병 대상 상시 할인(할인율·적용 품목은 업소별 상이, 방문 전 문의)","군 장병","상시 참여업소 목록이며 세부 할인율은 업소별 문의","군인 신분 확인자료(방문 전 문의)","031-858-2233","지자체 공식 자료","https://www.yangju.go.kr/www/selectBbsNttView.do?bbsNo=13&key=202&nttNo=198019","2026-08-15","이용 가능","ilwoo-maker","기간 한정 특별할인 22개소는 제외하고 상시 참여 32개소만 수록"
"음식","야한소갈비살","경기도","양주시","경기도 양주시 엄상동길 30-3","","37.8312313","127.0678814","Geocoding API","https://map.naver.com/p/search/%EC%95%BC%ED%95%9C%EC%86%8C%EA%B0%88%EB%B9%84%EC%82%B4%20%EA%B2%BD%EA%B8%B0%EB%8F%84%20%EC%96%91%EC%A3%BC%EC%8B%9C%20%EC%97%84%EC%83%81%EB%8F%99%EA%B8%B8%2030-3","확인 완료","군 장병 대상 상시 할인(할인율·적용 품목은 업소별 상이, 방문 전 문의)","군 장병","상시 참여업소 목록이며 세부 할인율은 업소별 문의","군인 신분 확인자료(방문 전 문의)","031-859-8859","지자체 공식 자료","https://www.yangju.go.kr/www/selectBbsNttView.do?bbsNo=13&key=202&nttNo=198019","2026-08-15","이용 가능","ilwoo-maker","기간 한정 특별할인 22개소는 제외하고 상시 참여 32개소만 수록"
"음식","여울마당","경기도","양주시","경기도 양주시 장흥면 유원지로 318","","37.7078644","126.9535471","Geocoding API","https://map.naver.com/p/search/%EC%97%AC%EC%9A%B8%EB%A7%88%EB%8B%B9%20%EA%B2%BD%EA%B8%B0%EB%8F%84%20%EC%96%91%EC%A3%BC%EC%8B%9C%20%EC%9E%A5%ED%9D%A5%EB%A9%B4%20%EC%9C%A0%EC%9B%90%EC%A7%80%EB%A1%9C%20318","확인 완료","군 장병 대상 상시 할인(할인율·적용 품목은 업소별 상이, 방문 전 문의)","군 장병","상시 참여업소 목록이며 세부 할인율은 업소별 문의","군인 신분 확인자료(방문 전 문의)","031-855-2299","지자체 공식 자료","https://www.yangju.go.kr/www/selectBbsNttView.do?bbsNo=13&key=202&nttNo=198019","2026-08-15","이용 가능","ilwoo-maker","기간 한정 특별할인 22개소는 제외하고 상시 참여 32개소만 수록"
"음식","이시돌선생의 약선도가","경기도","양주시","경기도 양주시 장흥면 권율로 88","","37.7227921","126.9477588","Geocoding API","https://map.naver.com/p/search/%EC%9D%B4%EC%8B%9C%EB%8F%8C%EC%84%A0%EC%83%9D%EC%9D%98%20%EC%95%BD%EC%84%A0%EB%8F%84%EA%B0%80%20%EA%B2%BD%EA%B8%B0%EB%8F%84%20%EC%96%91%EC%A3%BC%EC%8B%9C%20%EC%9E%A5%ED%9D%A5%EB%A9%B4%20%EA%B6%8C%EC%9C%A8%EB%A1%9C%2088%20%EA%B7%B8%EB%A6%B0%EC%88%B2%ED%83%80%EC%9A%B4","확인 완료","군 장병 대상 상시 할인(할인율·적용 품목은 업소별 상이, 방문 전 문의)","군 장병","상시 참여업소 목록이며 세부 할인율은 업소별 문의","군인 신분 확인자료(방문 전 문의)","031-855-8275","지자체 공식 자료","https://www.yangju.go.kr/www/selectBbsNttView.do?bbsNo=13&key=202&nttNo=198019","2026-08-15","이용 가능","ilwoo-maker","기간 한정 특별할인 22개소는 제외하고 상시 참여 32개소만 수록"
"음식","장어천국","경기도","양주시","경기도 양주시 어하고개로 1, (1층일부, 2층일부)","","37.8089217","127.0975599","Geocoding API","https://map.naver.com/p/search/%EC%9E%A5%EC%96%B4%EC%B2%9C%EA%B5%AD%20%EA%B2%BD%EA%B8%B0%EB%8F%84%20%EC%96%91%EC%A3%BC%EC%8B%9C%20%EC%96%B4%ED%95%98%EA%B3%A0%EA%B0%9C%EB%A1%9C%201","확인 완료","군 장병 대상 상시 할인(할인율·적용 품목은 업소별 상이, 방문 전 문의)","군 장병","상시 참여업소 목록이며 세부 할인율은 업소별 문의","군인 신분 확인자료(방문 전 문의)","0507-1308-0592","지자체 공식 자료","https://www.yangju.go.kr/www/selectBbsNttView.do?bbsNo=13&key=202&nttNo=198019","2026-08-15","이용 가능","ilwoo-maker","기간 한정 특별할인 22개소는 제외하고 상시 참여 32개소만 수록"
"음식","장흥숯불갈비","경기도","양주시","경기도 양주시 화합로1361번길 32","","37.8436638","127.064042","Geocoding API","https://map.naver.com/p/search/%EC%9E%A5%ED%9D%A5%EC%88%AF%EB%B6%88%EA%B0%88%EB%B9%84%20%EA%B2%BD%EA%B8%B0%EB%8F%84%20%EC%96%91%EC%A3%BC%EC%8B%9C%20%ED%99%94%ED%95%A9%EB%A1%9C1361%EB%B2%88%EA%B8%B8%2032","확인 완료","군 장병 대상 상시 할인(할인율·적용 품목은 업소별 상이, 방문 전 문의)","군 장병","상시 참여업소 목록이며 세부 할인율은 업소별 문의","군인 신분 확인자료(방문 전 문의)","031-864-0310","지자체 공식 자료","https://www.yangju.go.kr/www/selectBbsNttView.do?bbsNo=13&key=202&nttNo=198019","2026-08-15","이용 가능","ilwoo-maker","기간 한정 특별할인 22개소는 제외하고 상시 참여 32개소만 수록"
"음식","정주산장","경기도","양주시","경기도 양주시 장흥면 호국로550번길 102-127","","37.7128362","126.9823694","Geocoding API","https://map.naver.com/p/search/%EC%A0%95%EC%A3%BC%EC%82%B0%EC%9E%A5%20%EA%B2%BD%EA%B8%B0%EB%8F%84%20%EC%96%91%EC%A3%BC%EC%8B%9C%20%EC%9E%A5%ED%9D%A5%EB%A9%B4%20%ED%98%B8%EA%B5%AD%EB%A1%9C550%EB%B2%88%EA%B8%B8%20102-127","확인 완료","군 장병 대상 상시 할인(할인율·적용 품목은 업소별 상이, 방문 전 문의)","군 장병","상시 참여업소 목록이며 세부 할인율은 업소별 문의","군인 신분 확인자료(방문 전 문의)","031-826-4636","지자체 공식 자료","https://www.yangju.go.kr/www/selectBbsNttView.do?bbsNo=13&key=202&nttNo=198019","2026-08-15","이용 가능","ilwoo-maker","기간 한정 특별할인 22개소는 제외하고 상시 참여 32개소만 수록"
"음식","쪽삼","경기도","양주시","경기도 양주시 어하고개로 56, 1층","","37.8115125","127.1026878","Geocoding API","https://map.naver.com/p/search/%EC%AA%BD%EC%82%BC%20%EA%B2%BD%EA%B8%B0%EB%8F%84%20%EC%96%91%EC%A3%BC%EC%8B%9C%20%EC%96%B4%ED%95%98%EA%B3%A0%EA%B0%9C%EB%A1%9C%2056","확인 완료","군 장병 대상 상시 할인(할인율·적용 품목은 업소별 상이, 방문 전 문의)","군 장병","상시 참여업소 목록이며 세부 할인율은 업소별 문의","군인 신분 확인자료(방문 전 문의)","031-856-8292","지자체 공식 자료","https://www.yangju.go.kr/www/selectBbsNttView.do?bbsNo=13&key=202&nttNo=198019","2026-08-15","이용 가능","ilwoo-maker","기간 한정 특별할인 22개소는 제외하고 상시 참여 32개소만 수록"
"음식","초가마을","경기도","양주시","경기도 양주시 장흥면 권율로309번길 159","","37.7447145","126.9510724","Geocoding API","https://map.naver.com/p/search/%EC%B4%88%EA%B0%80%EB%A7%88%EC%9D%84%20%EA%B2%BD%EA%B8%B0%EB%8F%84%20%EC%96%91%EC%A3%BC%EC%8B%9C%20%EC%9E%A5%ED%9D%A5%EB%A9%B4%20%EA%B6%8C%EC%9C%A8%EB%A1%9C309%EB%B2%88%EA%B8%B8%20159","확인 완료","군 장병 대상 상시 할인(할인율·적용 품목은 업소별 상이, 방문 전 문의)","군 장병","상시 참여업소 목록이며 세부 할인율은 업소별 문의","군인 신분 확인자료(방문 전 문의)","031-855-1124","지자체 공식 자료","https://www.yangju.go.kr/www/selectBbsNttView.do?bbsNo=13&key=202&nttNo=198019","2026-08-15","이용 가능","ilwoo-maker","기간 한정 특별할인 22개소는 제외하고 상시 참여 32개소만 수록"
"음식","최가네양구펀치볼시래기","경기도","양주시","경기도 양주시 백석읍 호명로 51","","37.7887902","126.9928809","Geocoding API","https://map.naver.com/p/search/%EC%B5%9C%EA%B0%80%EB%84%A4%EC%96%91%EA%B5%AC%ED%8E%80%EC%B9%98%EB%B3%BC%EC%8B%9C%EB%9E%98%EA%B8%B0%20%EA%B2%BD%EA%B8%B0%EB%8F%84%20%EC%96%91%EC%A3%BC%EC%8B%9C%20%EB%B0%B1%EC%84%9D%EC%9D%8D%20%ED%98%B8%EB%AA%85%EB%A1%9C%2051","확인 완료","군 장병 대상 상시 할인(할인율·적용 품목은 업소별 상이, 방문 전 문의)","군 장병","상시 참여업소 목록이며 세부 할인율은 업소별 문의","군인 신분 확인자료(방문 전 문의)","031-855-6002","지자체 공식 자료","https://www.yangju.go.kr/www/selectBbsNttView.do?bbsNo=13&key=202&nttNo=198019","2026-08-15","이용 가능","ilwoo-maker","기간 한정 특별할인 22개소는 제외하고 상시 참여 32개소만 수록"
"음식","페트라숯불구이","경기도","양주시","경기도 양주시 장흥면 일영로 601-100","","37.6967764","126.9236196","Geocoding API","https://map.naver.com/p/search/%ED%8E%98%ED%8A%B8%EB%9D%BC%EC%88%AF%EB%B6%88%EA%B5%AC%EC%9D%B4%20%EA%B2%BD%EA%B8%B0%EB%8F%84%20%EC%96%91%EC%A3%BC%EC%8B%9C%20%EC%9E%A5%ED%9D%A5%EB%A9%B4%20%EC%9D%BC%EC%98%81%EB%A1%9C%20601-100","확인 완료","군 장병 대상 상시 할인(할인율·적용 품목은 업소별 상이, 방문 전 문의)","군 장병","상시 참여업소 목록이며 세부 할인율은 업소별 문의","군인 신분 확인자료(방문 전 문의)","031-855-0325","지자체 공식 자료","https://www.yangju.go.kr/www/selectBbsNttView.do?bbsNo=13&key=202&nttNo=198019","2026-08-15","이용 가능","ilwoo-maker","기간 한정 특별할인 22개소는 제외하고 상시 참여 32개소만 수록"
"음식","행복한사람들","경기도","양주시","경기도 양주시 백석읍 권율로 852","","37.7749653","126.9611821","Geocoding API","https://map.naver.com/p/search/%ED%96%89%EB%B3%B5%ED%95%9C%EC%82%AC%EB%9E%8C%EB%93%A4%20%EA%B2%BD%EA%B8%B0%EB%8F%84%20%EC%96%91%EC%A3%BC%EC%8B%9C%20%EB%B0%B1%EC%84%9D%EC%9D%8D%20%EA%B6%8C%EC%9C%A8%EB%A1%9C%20852","확인 완료","군 장병 대상 상시 할인(할인율·적용 품목은 업소별 상이, 방문 전 문의)","군 장병","상시 참여업소 목록이며 세부 할인율은 업소별 문의","군인 신분 확인자료(방문 전 문의)","031-871-8875","지자체 공식 자료","https://www.yangju.go.kr/www/selectBbsNttView.do?bbsNo=13&key=202&nttNo=198019","2026-08-15","이용 가능","ilwoo-maker","기간 한정 특별할인 22개소는 제외하고 상시 참여 32개소만 수록"
"음식","도원가든","경기도","연천군","경기도 연천군청산면청신로308(청산면초성리)","","37.9893866","127.0904709","","","재확인 필요","서비스 이용료의 5% 할인","예비군(당해연도 병무청 주관 동원훈련 이수자 및 병무청 모범 예비군 선발자),복무중인 사람,병역명문가","제한없음 | 혜택기간: 2024-08-14~2026-12-31","당해년도 동원훈련이수증, 복무확인서, 병역명문가","0507-1491-7292","공공데이터","https://www.mma.go.kr/about/udgg/list.do?mc=mma0003357","2026-08-15","이용 가능","ilwoo-maker",""
"카페","레이트 체크아웃","경기도","연천군","경기도 연천군전곡읍은대성로984층 (전곡읍은대리)","","38.0243461","127.0624084","","","재확인 필요","서비스 이용료의 10% 할인","예비군(당해연도 병무청 주관 동원훈련 이수자 및 병무청 모범 예비군 선발자),복무중인 사람,병역명문가","없음 | 혜택기간: 2024-02-28~","당해년도 동원훈련이수증, 복무확인서, 병역명문가","0507-1367-7682","공공데이터","https://www.mma.go.kr/about/udgg/list.do?mc=mma0003357","2026-08-15","이용 가능","ilwoo-maker",""
"카페","올리브","경기도","연천군","경기도 연천군청산면청신로336(청산면초성리)","","37.9877745","127.0926492","","","재확인 필요","서비스 이용료의 10% 할인","예비군(당해연도 병무청 주관 동원훈련이수자 및 병무청 모범 예비군 선발자), 복무중인 사람, 병역명문가","없음 | 혜택기간: 2024-08-09~2026-12-31","당해연도 동원훈련이수증,복무확인서,병역명문가증","031-835-1198","공공데이터","https://www.mma.go.kr/about/udgg/list.do?mc=mma0003357","2026-08-15","이용 가능","ilwoo-maker",""
"음식","반하정육회 수지본점","경기도","용인시","경기도 용인시 수지구만현로88120호(상현동)","","37.3090064","127.0850231","","","재확인 필요","서비스 이용료의 10% 할인","동원훈련이수자,모범예비군,복무중인현역병,사회복무요원,전문산업기능요원,병역명문가","없음 | 혜택기간: 2026-08-13~","동원훈련이수증,모범예비군증,복무확인서 등","031-276-1011","공공데이터","https://www.mma.go.kr/about/udgg/list.do?mc=mma0003357","2026-08-15","이용 가능","ilwoo-maker",""
"음식","푸라닭 용인역북점","경기도","용인시","경기도 용인시 처인구금학로235번길261층 (역북동, 선봉레스텔)","","37.2409298","127.1905233","","","재확인 필요","- 매장내 메뉴(치킨만) 금액의 10% 할인 - 국군 및 협력업체, 협력자 우대 할인","동원훈련이수자,모범예비군,복무중인현역병,사회복무요원,전문산업기능요원,병역명문가","없음 | 혜택기간: 2026-01-15~","동원훈련이수증,모범예비군증,복무확인서 등","0507-1379-9207","공공데이터","https://www.mma.go.kr/about/udgg/list.do?mc=mma0003357","2026-08-15","이용 가능","ilwoo-maker",""
"음식","비비큐 파주운정스타필드점","경기도","파주시","파주시 경의로1240번길 14-11 (와동동)","경기도 파주시 와동동 1438","37.7273301911","126.7620261581","","","재확인 필요","10% 할인","파주시 관내 주둔 군 장병 및 사회복무요원","업소별 세부 조건 및 중복할인 여부는 방문 전 확인","군인 또는 사회복무요원 신분 확인자료(방문 전 업소 확인 권장)","0507-1478-5077","지자체 공식 자료","https://www.paju.go.kr/user/soldier/BD_discountStoreList.do?q_ctgCd=1001","2026-08-15","이용 가능","ilwoo-maker","파주시 실시간 현황에 등재; 2026-01-14 공공데이터 필드로 보강; 원 공공데이터 기준일 2026-01-14"
"음식","삼산회관 파주운정가람마을점","경기도","파주시","파주시 가람로51번길 16-30 (와동동) 102호","경기도 파주시 와동동 1567-3","37.7353977114","126.7573471897","","","재확인 필요","10% 할인","파주시 관내 주둔 군 장병 및 사회복무요원","업소별 세부 조건 및 중복할인 여부는 방문 전 확인","군인 또는 사회복무요원 신분 확인자료(방문 전 업소 확인 권장)","","지자체 공식 자료","https://www.paju.go.kr/user/soldier/BD_discountStoreList.do?q_ctgCd=1001","2026-08-15","이용 가능","ilwoo-maker","파주시 실시간 현황에 등재; 2026-01-14 공공데이터 필드로 보강; 원 공공데이터 기준일 2026-01-14"
"음식","육심외할머니가든","경기도","파주시","파주시 경의로1240번길 14-11 (와동동) 204호","","37.7272505","126.7620423","Geocoding API","https://map.naver.com/p/search/%EC%9C%A1%EC%8B%AC%EC%99%B8%ED%95%A0%EB%A8%B8%EB%8B%88%EA%B0%80%EB%93%A0%20%EA%B2%BD%EA%B8%B0%EB%8F%84%20%ED%8C%8C%EC%A3%BC%EC%8B%9C%20%EA%B2%BD%EC%9D%98%EB%A1%9C1240%EB%B2%88%EA%B8%B8%2014-11%20%EC%9B%94%EB%93%9C%EB%A1%9C%EB%8D%B0%EC%98%A4","확인 완료","10% 이상 할인 또는 그에 상응하는 서비스(업소별 상세는 사전 확인)","파주시 관내 주둔 군 장병 및 사회복무요원","업소별 세부 조건 및 중복할인 여부는 방문 전 확인","군인 또는 사회복무요원 신분 확인자료(방문 전 업소 확인 권장)","070-7710-9292","지자체 공식 자료","https://www.paju.go.kr/user/soldier/BD_discountStoreList.do?q_ctgCd=1001","2026-08-15","이용 가능","ilwoo-maker","파주시 실시간 공식 현황 신규/변경 행; 상세 할인은 공통 사업기준; 원 공공데이터 기준일 2026-08-15"
"카페","촉촉베이커리 앤 카페","경기도","파주시","파주시 가람로21번길 47 (와동동) 1층 일부","경기도 파주시 와동동 1634-2","37.7362168995","126.7519926208","","","재확인 필요","10%할인","파주시 관내 주둔 군 장병 및 사회복무요원","업소별 세부 조건 및 중복할인 여부는 방문 전 확인","군인 또는 사회복무요원 신분 확인자료(방문 전 업소 확인 권장)","031-913-0110","지자체 공식 자료","https://www.paju.go.kr/user/soldier/BD_discountStoreList.do?q_ctgCd=1001","2026-08-15","이용 가능","ilwoo-maker","파주시 실시간 현황에 등재; 2026-01-14 공공데이터 필드로 보강; 원 공공데이터 기준일 2026-01-14"
"음식","밥꼬 운정점","경기도","파주시","파주시 산내로104번길 21-3 (목동동) 1층","경기도 파주시 목동동 971-1","37.7278725931","126.7372749276","","","재확인 필요","소주 무료","파주시 관내 주둔 군 장병 및 사회복무요원","업소별 세부 조건 및 중복할인 여부는 방문 전 확인","군인 또는 사회복무요원 신분 확인자료(방문 전 업소 확인 권장)","031-946-0096","지자체 공식 자료","https://www.paju.go.kr/user/soldier/BD_discountStoreList.do?q_ctgCd=1001","2026-08-15","이용 가능","ilwoo-maker","파주시 실시간 현황에 등재; 2026-01-14 공공데이터 필드로 보강; 원 공공데이터 기준일 2026-01-14"
"음식","해녀밥상","경기도","파주시","파주시 청암로17번길 25 (목동동) 204호","경기도 파주시 목동동 935","37.7290961793","126.7353328775","","","재확인 필요","10%할인","파주시 관내 주둔 군 장병 및 사회복무요원","업소별 세부 조건 및 중복할인 여부는 방문 전 확인","군인 또는 사회복무요원 신분 확인자료(방문 전 업소 확인 권장)","070-8987-8899","지자체 공식 자료","https://www.paju.go.kr/user/soldier/BD_discountStoreList.do?q_ctgCd=1001","2026-08-15","이용 가능","ilwoo-maker","파주시 실시간 현황에 등재; 2026-01-14 공공데이터 필드로 보강; 원 공공데이터 기준일 2026-01-14"
"음식","또오리","경기도","파주시","파주시 경의로 999-1 (야당동)","경기도 파주시 야당동 466-77","37.7065289086","126.7571264227","","","재확인 필요","10%할인","파주시 관내 주둔 군 장병 및 사회복무요원","업소별 세부 조건 및 중복할인 여부는 방문 전 확인","군인 또는 사회복무요원 신분 확인자료(방문 전 업소 확인 권장)","031-942-5295","지자체 공식 자료","https://www.paju.go.kr/user/soldier/BD_discountStoreList.do?q_ctgCd=1001","2026-08-15","이용 가능","ilwoo-maker","파주시 실시간 현황에 등재; 2026-01-14 공공데이터 필드로 보강; 원 공공데이터 기준일 2026-01-14"
"음식","삼산회관 파주야당점","경기도","파주시","파주시 경의로 1030 (야당동) 1층 107호","경기도 파주시 야당동 1050","37.7093618545","126.7593325784","","","재확인 필요","메인메뉴 10% 할인","파주시 관내 주둔 군 장병 및 사회복무요원","업소별 세부 조건 및 중복할인 여부는 방문 전 확인","군인 또는 사회복무요원 신분 확인자료(방문 전 업소 확인 권장)","031-943-6265","지자체 공식 자료","https://www.paju.go.kr/user/soldier/BD_discountStoreList.do?q_ctgCd=1001","2026-08-15","이용 가능","ilwoo-maker","파주시 실시간 현황에 등재; 2026-01-14 공공데이터 필드로 보강; 원 공공데이터 기준일 2026-01-14"
"음식","숙성사돈 운정역점","경기도","파주시","파주시 경의로1240번길 15 (와동동) 유은타워9차 101, 102호","경기도 파주시 야당동 1064","37.7125733547","126.760165861","","","재확인 필요","테이블당 음료제공+5%할인","파주시 관내 주둔 군 장병 및 사회복무요원","업소별 세부 조건 및 중복할인 여부는 방문 전 확인","군인 또는 사회복무요원 신분 확인자료(방문 전 업소 확인 권장)","031-941-1254","지자체 공식 자료","https://www.paju.go.kr/user/soldier/BD_discountStoreList.do?q_ctgCd=1001","2026-08-15","이용 가능","ilwoo-maker","파주시 실시간 현황에 등재; 2026-01-14 공공데이터 필드로 보강; 원 공공데이터 기준일 2026-01-14"
"음식","양복점 파주야당점","경기도","파주시","파주시 소리천로8번길 36 (야당동) 106~107호","경기도 파주시 야당동 1064","37.7125733547","126.760165861","","","재확인 필요","10% 할인","파주시 관내 주둔 군 장병 및 사회복무요원","업소별 세부 조건 및 중복할인 여부는 방문 전 확인","군인 또는 사회복무요원 신분 확인자료(방문 전 업소 확인 권장)","0507-1378-2394","지자체 공식 자료","https://www.paju.go.kr/user/soldier/BD_discountStoreList.do?q_ctgCd=1001","2026-08-15","이용 가능","ilwoo-maker","파주시 실시간 현황에 등재; 2026-01-14 공공데이터 필드로 보강; 원 공공데이터 기준일 2026-01-14"
"카페","브런치빈 파주점","경기도","파주시","파주시 경의로 1090 (야당동) 802,803호","경기도 파주시 야당동 1072-1","37.7145087869","126.7600602714","","","재확인 필요","사이드 메뉴 제공","파주시 관내 주둔 군 장병 및 사회복무요원","업소별 세부 조건 및 중복할인 여부는 방문 전 확인","군인 또는 사회복무요원 신분 확인자료(방문 전 업소 확인 권장)","031-949-0803","지자체 공식 자료","https://www.paju.go.kr/user/soldier/BD_discountStoreList.do?q_ctgCd=1001","2026-08-15","이용 가능","ilwoo-maker","파주시 실시간 현황에 등재; 2026-01-14 공공데이터 필드로 보강; 원 공공데이터 기준일 2026-01-14"
"음식","말랭이국수","경기도","파주시","파주시 월롱면 통일로 725 1층 일부","경기도 파주시 월롱면 영태리 525-36","37.7739683528","126.7894715893","","","재확인 필요","음료수 제공","파주시 관내 주둔 군 장병 및 사회복무요원","업소별 세부 조건 및 중복할인 여부는 방문 전 확인","군인 또는 사회복무요원 신분 확인자료(방문 전 업소 확인 권장)","031-945-7772","지자체 공식 자료","https://www.paju.go.kr/user/soldier/BD_discountStoreList.do?q_ctgCd=1001","2026-08-15","이용 가능","ilwoo-maker","파주시 실시간 현황에 등재; 2026-01-14 공공데이터 필드로 보강; 원 공공데이터 기준일 2026-01-14"
"음식","국수사랑","경기도","의왕시","경기도 의왕시계원대학로34106호(내손동, 신우프라자)","","37.3791087","126.9751236","","","재확인 필요","곱배기 서비스","동원훈련이수자,모범예비군,복무중인현역병,사회복무요원,전문산업기능요원,병역명문가","없음 | 혜택기간: 2024-09-19~","동원훈련이수증,모범예비군증,복무확인서 등","031-421-9433","공공데이터","https://www.mma.go.kr/about/udgg/list.do?mc=mma0003357","2026-08-15","이용 가능","ilwoo-maker",""
"카페","그릭당","경기도","의정부시","경기도 의정부시시민로19번길22- 9(의정부동, 1층)","","37.7393072","127.0371584","","","재확인 필요","서비스 이용료의 10% 할인 세부 증빙자료 : 당해연도 동원훈련이수증,모범예비군증,복무확인서,병역명문가증","예비군(당해연도 병무청 주관 동원훈련 이수자 및 병무청 모범 예비군 선발자),복무중인 사람,병역명문가","없음 | 혜택기간: 2025-04-03~2026-12-31","당해연도 동원훈련이수증,모범예비군증,복무확인서","031-877-0370","공공데이터","https://www.mma.go.kr/about/udgg/list.do?mc=mma0003357","2026-08-15","이용 가능","ilwoo-maker",""
"카페","꽃담수","경기도","의정부시","경기도 의정부시망월로18- 11107동102호(호원동, 신일타운하우스)","","37.7082407","127.0458436","","","재확인 필요","서비스 이용료의 5% 할인","동원훈련 이수자, 현역병.사회복무요원 등 복무자, 병역명문가","제한없음 | 혜택기간: 2024-04-03~2026-12-31","당해년도 훈련이수증, 복무확인서, 병역명문가증","0507-1336-0669","공공데이터","https://www.mma.go.kr/about/udgg/list.do?mc=mma0003357","2026-08-15","이용 가능","ilwoo-maker",""
"카페","민스","경기도","의정부시","경기도 의정부시안말로8번길481층 (호원동)","","37.7130473","127.0427144","","","재확인 필요","(카페)음료 5% 할인","예비군(당해년도 훈련이수자 및 모범예비군), 복무중인 사람, 병역명문가","제한없음 | 혜택기간: 2023-12-15~","당해년도 훈련이수증, 복무확인서, 병역명문가증","031-837-1360","공공데이터","https://www.mma.go.kr/about/udgg/list.do?mc=mma0003357","2026-08-15","이용 가능","ilwoo-maker",""
"음식","수진이네","경기도","이천시","경기도 이천시신둔면경충대로3159번길12- 26(신둔면수광리)","","37.3095671","127.4007183","","","재확인 필요","서비스 이용료의 10% 할인","동원훈련이수자,모범예비군,복무중인현역병,사회복무요원,전문산업기능요원,병역명문가","없음 | 혜택기간: 2024-08-13~","동원훈련이수증,모범예비군증,복무확인서 등","0507-1311-7222","공공데이터","https://www.mma.go.kr/about/udgg/list.do?mc=mma0003357","2026-08-15","이용 가능","ilwoo-maker",""
"미용·뷰티","예원헤어크레앙스","경기도","파주시","파주시 적성면 솥뒤로 16","경기도 파주시 적성면 마지리 45-11","37.9556797801","126.9177690718","","","재확인 필요","10%할인","파주시 관내 주둔 군 장병 및 사회복무요원","업소별 세부 조건 및 중복할인 여부는 방문 전 확인","군인 또는 사회복무요원 신분 확인자료(방문 전 업소 확인 권장)","031-959-8877","지자체 공식 자료","https://www.paju.go.kr/user/soldier/BD_discountStoreList.do?q_ctgCd=1004","2026-08-15","이용 가능","ilwoo-maker","파주시 실시간 현황에 등재; 2026-01-14 공공데이터 필드로 보강; 원 공공데이터 기준일 2026-01-14"
"숙박","승원장","경기도","파주시","파주시 적성면 칠중5길 8","경기도 파주시 적성면 구읍리 645-1","37.9549601271","126.9210793821","","","재확인 필요","10%할인","파주시 관내 주둔 군 장병 및 사회복무요원","업소별 세부 조건 및 중복할인 여부는 방문 전 확인","군인 또는 사회복무요원 신분 확인자료(방문 전 업소 확인 권장)","031-959-4347","지자체 공식 자료","https://www.paju.go.kr/user/soldier/BD_discountStoreList.do?q_ctgCd=1002","2026-08-15","이용 가능","ilwoo-maker","파주시 실시간 현황에 등재; 2026-01-14 공공데이터 필드로 보강; 원 공공데이터 기준일 2026-01-14"
"음식","감악산한우마을구이식당","경기도","파주시","파주시 적성면 솥뒤로 38-1","경기도 파주시 적성면 마지리 39-12","37.9572403082","126.9160076151","","","재확인 필요","카드 5%할인+현금 10%할인","파주시 관내 주둔 군 장병 및 사회복무요원","업소별 세부 조건 및 중복할인 여부는 방문 전 확인","군인 또는 사회복무요원 신분 확인자료(방문 전 업소 확인 권장)","031-959-4992","지자체 공식 자료","https://www.paju.go.kr/user/soldier/BD_discountStoreList.do?q_ctgCd=1001","2026-08-15","이용 가능","ilwoo-maker","파주시 실시간 현황에 등재; 2026-01-14 공공데이터 필드로 보강; 원 공공데이터 기준일 2026-01-14"
"음식","그때그집","경기도","파주시","파주시 적성면 솥뒤로 15","경기도 파주시 적성면 마지리 45-5","37.9554284158","126.9175071931","","","재확인 필요","5%할인","파주시 관내 주둔 군 장병 및 사회복무요원","업소별 세부 조건 및 중복할인 여부는 방문 전 확인","군인 또는 사회복무요원 신분 확인자료(방문 전 업소 확인 권장)","031-958-8246","지자체 공식 자료","https://www.paju.go.kr/user/soldier/BD_discountStoreList.do?q_ctgCd=1001","2026-08-15","이용 가능","ilwoo-maker","파주시 실시간 현황에 등재; 2026-01-14 공공데이터 필드로 보강; 원 공공데이터 기준일 2026-01-14"
"음식","능이백숙오리닭칼국수","경기도","파주시","파주시 적성면 칠중2길 144","경기도 파주시 적성면 구읍리 162-4","37.9564270142","126.9272009682","","","재확인 필요","찰밥 또는 국수 제공","파주시 관내 주둔 군 장병 및 사회복무요원","업소별 세부 조건 및 중복할인 여부는 방문 전 확인","군인 또는 사회복무요원 신분 확인자료(방문 전 업소 확인 권장)","031-959-3487","지자체 공식 자료","https://www.paju.go.kr/user/soldier/BD_discountStoreList.do?q_ctgCd=1001","2026-08-15","이용 가능","ilwoo-maker","파주시 실시간 현황에 등재; 2026-01-14 공공데이터 필드로 보강; 원 공공데이터 기준일 2026-01-14"
"음식","두지리강촌매운탕","경기도","파주시","파주시 적성면 술이홀로2316번길 31","경기도 파주시 적성면 두지리 88-5","37.9633422498","126.8938211659","","","재확인 필요","5%할인","파주시 관내 주둔 군 장병 및 사회복무요원","업소별 세부 조건 및 중복할인 여부는 방문 전 확인","군인 또는 사회복무요원 신분 확인자료(방문 전 업소 확인 권장)","031-959-3858","지자체 공식 자료","https://www.paju.go.kr/user/soldier/BD_discountStoreList.do?q_ctgCd=1001","2026-08-15","이용 가능","ilwoo-maker","파주시 실시간 현황에 등재; 2026-01-14 공공데이터 필드로 보강; 원 공공데이터 기준일 2026-01-14"
"음식","두지리별장매운탕","경기도","파주시","파주시 적성면 술이홀로2316번길 18","경기도 파주시 적성면 두지리 94-9","37.9625791248","126.8939840816","","","재확인 필요","5~10%할인","파주시 관내 주둔 군 장병 및 사회복무요원","업소별 세부 조건 및 중복할인 여부는 방문 전 확인","군인 또는 사회복무요원 신분 확인자료(방문 전 업소 확인 권장)","031-959-3865","지자체 공식 자료","https://www.paju.go.kr/user/soldier/BD_discountStoreList.do?q_ctgCd=1001","2026-08-15","이용 가능","ilwoo-maker","파주시 실시간 현황에 등재; 2026-01-14 공공데이터 필드로 보강; 원 공공데이터 기준일 2026-01-14"
"음식","명랑핫도그 적성점","경기도","파주시","파주시 적성면 청송로 1022 1층","경기도 파주시 적성면 마지리 62-30","37.9542128701","126.9187986172","","","재확인 필요","10%할인","파주시 관내 주둔 군 장병 및 사회복무요원","업소별 세부 조건 및 중복할인 여부는 방문 전 확인","군인 또는 사회복무요원 신분 확인자료(방문 전 업소 확인 권장)","031-958-5558","지자체 공식 자료","https://www.paju.go.kr/user/soldier/BD_discountStoreList.do?q_ctgCd=1001","2026-08-15","이용 가능","ilwoo-maker","파주시 실시간 현황에 등재; 2026-01-14 공공데이터 필드로 보강; 원 공공데이터 기준일 2026-01-14"
"음식","산아래","경기도","파주시","파주시 적성면 감악산로1241번길 56","경기도 파주시 적성면 구읍리 577-1","37.9590772331","126.9241057705","","","재확인 필요","음료수 제공","파주시 관내 주둔 군 장병 및 사회복무요원","업소별 세부 조건 및 중복할인 여부는 방문 전 확인","군인 또는 사회복무요원 신분 확인자료(방문 전 업소 확인 권장)","031-959-0818","지자체 공식 자료","https://www.paju.go.kr/user/soldier/BD_discountStoreList.do?q_ctgCd=1001","2026-08-15","이용 가능","ilwoo-maker","파주시 실시간 현황에 등재; 2026-01-14 공공데이터 필드로 보강; 원 공공데이터 기준일 2026-01-14"
"음식","용화반점","경기도","파주시","파주시 적성면 솥뒤로 28 1층","경기도 파주시 적성면 마지리 37-4","37.9564498657","126.9169503206","","","재확인 필요","배달 시 음료수+만두 제공","파주시 관내 주둔 군 장병 및 사회복무요원","업소별 세부 조건 및 중복할인 여부는 방문 전 확인","군인 또는 사회복무요원 신분 확인자료(방문 전 업소 확인 권장)","031-959-4055","지자체 공식 자료","https://www.paju.go.kr/user/soldier/BD_discountStoreList.do?q_ctgCd=1001","2026-08-15","이용 가능","ilwoo-maker","파주시 실시간 현황에 등재; 2026-01-14 공공데이터 필드로 보강; 원 공공데이터 기준일 2026-01-14"
"음식","원조두지리매운탕 1호점","경기도","파주시","파주시 적성면 술이홀로2316번길 45","경기도 파주시 적성면 두지리 89-1","37.9639335609","126.8938518363","","","재확인 필요","10%할인","파주시 관내 주둔 군 장병 및 사회복무요원","업소별 세부 조건 및 중복할인 여부는 방문 전 확인","군인 또는 사회복무요원 신분 확인자료(방문 전 업소 확인 권장)","031-959-5377","지자체 공식 자료","https://www.paju.go.kr/user/soldier/BD_discountStoreList.do?q_ctgCd=1001","2026-08-15","이용 가능","ilwoo-maker","파주시 실시간 현황에 등재; 2026-01-14 공공데이터 필드로 보강; 원 공공데이터 기준일 2026-01-14"
"음식","유진참치","경기도","파주시","파주시 적성면 감악산로 1226","경기도 파주시 적성면 구읍리 162-1","37.9559661955","126.9273629978","","","재확인 필요","음료수 제공","파주시 관내 주둔 군 장병 및 사회복무요원","업소별 세부 조건 및 중복할인 여부는 방문 전 확인","군인 또는 사회복무요원 신분 확인자료(방문 전 업소 확인 권장)","031-959-3309","지자체 공식 자료","https://www.paju.go.kr/user/soldier/BD_discountStoreList.do?q_ctgCd=1001","2026-08-15","이용 가능","ilwoo-maker","파주시 실시간 현황에 등재; 2026-01-14 공공데이터 필드로 보강; 원 공공데이터 기준일 2026-01-14"
"음식","임진강매운탕","경기도","파주시","파주시 적성면 술이홀로2316번길 39","경기도 파주시 적성면 두지리 88-3","37.9637479009","126.8939768251","","","재확인 필요","5%할인","파주시 관내 주둔 군 장병 및 사회복무요원","업소별 세부 조건 및 중복할인 여부는 방문 전 확인","군인 또는 사회복무요원 신분 확인자료(방문 전 업소 확인 권장)","031-959-3859","지자체 공식 자료","https://www.paju.go.kr/user/soldier/BD_discountStoreList.do?q_ctgCd=1001","2026-08-15","이용 가능","ilwoo-maker","파주시 실시간 현황에 등재; 2026-01-14 공공데이터 필드로 보강; 원 공공데이터 기준일 2026-01-14"
"음식","임진강 인천식당 한우마을","경기도","파주시","파주시 적성면 솥뒤로37번길 4","경기도 파주시 적성면 마지리 39-29","37.9568787468","126.9158593079","","","재확인 필요","공기밥+음료수 제공","파주시 관내 주둔 군 장병 및 사회복무요원","업소별 세부 조건 및 중복할인 여부는 방문 전 확인","군인 또는 사회복무요원 신분 확인자료(방문 전 업소 확인 권장)","031-959-3665","지자체 공식 자료","https://www.paju.go.kr/user/soldier/BD_discountStoreList.do?q_ctgCd=1001","2026-08-15","이용 가능","ilwoo-maker","파주시 실시간 현황에 등재; 2026-01-14 공공데이터 필드로 보강; 원 공공데이터 기준일 2026-01-14"
"음식","장단콩퇴골두부","경기도","파주시","파주시 적성면 칠중3길 145","경기도 파주시 적성면 마지리 19-1","37.9499472864","126.9230753665","","","재확인 필요","5~10%할인","파주시 관내 주둔 군 장병 및 사회복무요원","업소별 세부 조건 및 중복할인 여부는 방문 전 확인","군인 또는 사회복무요원 신분 확인자료(방문 전 업소 확인 권장)","031-959-4023","지자체 공식 자료","https://www.paju.go.kr/user/soldier/BD_discountStoreList.do?q_ctgCd=1001","2026-08-15","이용 가능","ilwoo-maker","파주시 실시간 현황에 등재; 2026-01-14 공공데이터 필드로 보강; 원 공공데이터 기준일 2026-01-14"
"음식","장수인삼족발보쌈","경기도","파주시","파주시 적성면 칠중3길 15 1층","경기도 파주시 적성면 구읍리 649-34","37.9544081711","126.9204811344","","","재확인 필요","5%할인","파주시 관내 주둔 군 장병 및 사회복무요원","업소별 세부 조건 및 중복할인 여부는 방문 전 확인","군인 또는 사회복무요원 신분 확인자료(방문 전 업소 확인 권장)","031-958-4091","지자체 공식 자료","https://www.paju.go.kr/user/soldier/BD_discountStoreList.do?q_ctgCd=1001","2026-08-15","이용 가능","ilwoo-maker","파주시 실시간 현황에 등재; 2026-01-14 공공데이터 필드로 보강; 원 공공데이터 기준일 2026-01-14"
"음식","짱미엔","경기도","파주시","파주시 적성면 솥뒤로 14-1","경기도 파주시 적성면 마지리 45-12","37.9555808657","126.9177810156","","","재확인 필요","음료수+군만두 제공+곱빼기","파주시 관내 주둔 군 장병 및 사회복무요원","업소별 세부 조건 및 중복할인 여부는 방문 전 확인","군인 또는 사회복무요원 신분 확인자료(방문 전 업소 확인 권장)","031-958-2670","지자체 공식 자료","https://www.paju.go.kr/user/soldier/BD_discountStoreList.do?q_ctgCd=1001","2026-08-15","이용 가능","ilwoo-maker","파주시 실시간 현황에 등재; 2026-01-14 공공데이터 필드로 보강; 원 공공데이터 기준일 2026-01-14"
"음식","탕수육","경기도","파주시","파주시 적성면 청송로 1061 1층","경기도 파주시 적성면 구읍리 588-1","37.9564278185","126.922398296","","","재확인 필요","곱빼기(2000원 할인) 또는 음료수 제공","파주시 관내 주둔 군 장병 및 사회복무요원","업소별 세부 조건 및 중복할인 여부는 방문 전 확인","군인 또는 사회복무요원 신분 확인자료(방문 전 업소 확인 권장)","031-959-3569","지자체 공식 자료","https://www.paju.go.kr/user/soldier/BD_discountStoreList.do?q_ctgCd=1001","2026-08-15","이용 가능","ilwoo-maker","파주시 실시간 현황에 등재; 2026-01-14 공공데이터 필드로 보강; 원 공공데이터 기준일 2026-01-14"
"음식","파주연천축협 정육식당","경기도","파주시","파주시 적성면 솥뒤로 32-2","경기도 파주시 적성면 마지리 38-3","37.9568697318","126.9164835509","","","재확인 필요","음료수 제공+20%할인","파주시 관내 주둔 군 장병 및 사회복무요원","업소별 세부 조건 및 중복할인 여부는 방문 전 확인","군인 또는 사회복무요원 신분 확인자료(방문 전 업소 확인 권장)","031-958-6898","지자체 공식 자료","https://www.paju.go.kr/user/soldier/BD_discountStoreList.do?q_ctgCd=1001","2026-08-15","이용 가능","ilwoo-maker","파주시 실시간 현황에 등재; 2026-01-14 공공데이터 필드로 보강; 원 공공데이터 기준일 2026-01-14"
"음식","현대식당","경기도","파주시","파주시 적성면 청송로 1039","경기도 파주시 적성면 구읍리 650-1","37.9554871992","126.9201808321","","","재확인 필요","음료수 제공","파주시 관내 주둔 군 장병 및 사회복무요원","업소별 세부 조건 및 중복할인 여부는 방문 전 확인","군인 또는 사회복무요원 신분 확인자료(방문 전 업소 확인 권장)","031-959-3953","지자체 공식 자료","https://www.paju.go.kr/user/soldier/BD_discountStoreList.do?q_ctgCd=1001","2026-08-15","이용 가능","ilwoo-maker","파주시 실시간 현황에 등재; 2026-01-14 공공데이터 필드로 보강; 원 공공데이터 기준일 2026-01-14"
"음식","화정족발 적성점","경기도","파주시","파주시 적성면 청송로 1027","경기도 파주시 적성면 마지리 63-46","37.9549101751","126.9190315608","","","재확인 필요","음료수 제공","파주시 관내 주둔 군 장병 및 사회복무요원","업소별 세부 조건 및 중복할인 여부는 방문 전 확인","군인 또는 사회복무요원 신분 확인자료(방문 전 업소 확인 권장)","031-958-1127","지자체 공식 자료","https://www.paju.go.kr/user/soldier/BD_discountStoreList.do?q_ctgCd=1001","2026-08-15","이용 가능","ilwoo-maker","파주시 실시간 현황에 등재; 2026-01-14 공공데이터 필드로 보강; 원 공공데이터 기준일 2026-01-14"
"카페","애플트리","경기도","파주시","파주시 적성면 국사로 293","경기도 파주시 적성면 자장리 147-1","37.9603832798","126.869924467","","","재확인 필요","10%할인","파주시 관내 주둔 군 장병 및 사회복무요원","업소별 세부 조건 및 중복할인 여부는 방문 전 확인","군인 또는 사회복무요원 신분 확인자료(방문 전 업소 확인 권장)","","지자체 공식 자료","https://www.paju.go.kr/user/soldier/BD_discountStoreList.do?q_ctgCd=1001","2026-08-15","이용 가능","ilwoo-maker","파주시 실시간 현황에 등재; 2026-01-14 공공데이터 필드로 보강; 원 공공데이터 기준일 2026-01-14"
"음식","상원포크","경기도","파주시","파주시 조리읍 봉천로 63","경기도 파주시 조리읍 봉일천리 179-2","37.7444010545","126.8046093908","","","재확인 필요","10%할인","파주시 관내 주둔 군 장병 및 사회복무요원","업소별 세부 조건 및 중복할인 여부는 방문 전 확인","군인 또는 사회복무요원 신분 확인자료(방문 전 업소 확인 권장)","031-949-5100","지자체 공식 자료","https://www.paju.go.kr/user/soldier/BD_discountStoreList.do?q_ctgCd=1001","2026-08-15","이용 가능","ilwoo-maker","파주시 실시간 현황에 등재; 2026-01-14 공공데이터 필드로 보강; 원 공공데이터 기준일 2026-01-14"
"음식","샤브올데이 파주봉일천점","경기도","파주시","파주시 조리읍 통일로 292 1층","경기도 파주시 조리읍 봉일천리 215-10","37.7426378392","126.8115121346","","","재확인 필요","10%할인","파주시 관내 주둔 군 장병 및 사회복무요원","업소별 세부 조건 및 중복할인 여부는 방문 전 확인","군인 또는 사회복무요원 신분 확인자료(방문 전 업소 확인 권장)","031-942-0310","지자체 공식 자료","https://www.paju.go.kr/user/soldier/BD_discountStoreList.do?q_ctgCd=1001","2026-08-15","이용 가능","ilwoo-maker","파주시 실시간 현황에 등재; 2026-01-14 공공데이터 필드로 보강; 원 공공데이터 기준일 2026-01-14"
"숙박","굿타임","경기도","파주시","파주시 탄현면 새오리로161번길 53-34","경기도 파주시 탄현면 성동리 124-51","37.798459875","126.6837237432","","","재확인 필요","10%이상 할인(숙박요금 70000→60000원)","파주시 관내 주둔 군 장병 및 사회복무요원","업소별 세부 조건 및 중복할인 여부는 방문 전 확인","군인 또는 사회복무요원 신분 확인자료(방문 전 업소 확인 권장)","031-942-6858","지자체 공식 자료","https://www.paju.go.kr/user/soldier/BD_discountStoreList.do?q_ctgCd=1002","2026-08-15","이용 가능","ilwoo-maker","파주시 실시간 현황에 등재; 2026-01-14 공공데이터 필드로 보강; 원 공공데이터 기준일 2026-01-14"
"숙박","벨리타","경기도","파주시","파주시 탄현면 새오리로161번길 53-28","경기도 파주시 탄현면 성동리 124-50","37.7986881388","126.6838771884","","","재확인 필요","10%이상 할인(숙박요금 70000→60000원)","파주시 관내 주둔 군 장병 및 사회복무요원","업소별 세부 조건 및 중복할인 여부는 방문 전 확인","군인 또는 사회복무요원 신분 확인자료(방문 전 업소 확인 권장)","031-942-5858","지자체 공식 자료","https://www.paju.go.kr/user/soldier/BD_discountStoreList.do?q_ctgCd=1002","2026-08-15","이용 가능","ilwoo-maker","파주시 실시간 현황에 등재; 2026-01-14 공공데이터 필드로 보강; 원 공공데이터 기준일 2026-01-14"
"숙박","파주풀빌라워라밸호스텔","경기도","파주시","파주시 탄현면 엘지로 709","경기도 파주시 탄현면 낙하리 269-1","37.835848867","126.735353174","","","재확인 필요","10%할인","파주시 관내 주둔 군 장병 및 사회복무요원","업소별 세부 조건 및 중복할인 여부는 방문 전 확인","군인 또는 사회복무요원 신분 확인자료(방문 전 업소 확인 권장)","","지자체 공식 자료","https://www.paju.go.kr/user/soldier/BD_discountStoreList.do?q_ctgCd=1002","2026-08-15","이용 가능","ilwoo-maker","파주시 실시간 현황에 등재; 2026-01-14 공공데이터 필드로 보강; 원 공공데이터 기준일 2026-01-14"
"숙박","피카소","경기도","파주시","파주시 탄현면 성동로 34","경기도 파주시 탄현면 성동리 679-1","37.7774445234","126.6876938827","","","재확인 필요","20%할인","파주시 관내 주둔 군 장병 및 사회복무요원","업소별 세부 조건 및 중복할인 여부는 방문 전 확인","군인 또는 사회복무요원 신분 확인자료(방문 전 업소 확인 권장)","031-947-5512","지자체 공식 자료","https://www.paju.go.kr/user/soldier/BD_discountStoreList.do?q_ctgCd=1002","2026-08-15","이용 가능","ilwoo-maker","파주시 실시간 현황에 등재; 2026-01-14 공공데이터 필드로 보강; 원 공공데이터 기준일 2026-01-14"
"숙박","헤이리풀빌라워라밸호스텔","경기도","파주시","파주시 탄현면 샘철길 38-12","경기도 파주시 탄현면 성동리 33-24","37.7894434307","126.6887230484","","","재확인 필요","10%할인","파주시 관내 주둔 군 장병 및 사회복무요원","업소별 세부 조건 및 중복할인 여부는 방문 전 확인","군인 또는 사회복무요원 신분 확인자료(방문 전 업소 확인 권장)","031-949-7602","지자체 공식 자료","https://www.paju.go.kr/user/soldier/BD_discountStoreList.do?q_ctgCd=1002","2026-08-15","이용 가능","ilwoo-maker","파주시 실시간 현황에 등재; 2026-01-14 공공데이터 필드로 보강; 원 공공데이터 기준일 2026-01-14"
"숙박","호텔위즈","경기도","파주시","파주시 탄현면 성동로 20-45","경기도 파주시 탄현면 성동리 679-4","37.7764742311","126.6876757168","","","재확인 필요","10%할인","파주시 관내 주둔 군 장병 및 사회복무요원","업소별 세부 조건 및 중복할인 여부는 방문 전 확인","군인 또는 사회복무요원 신분 확인자료(방문 전 업소 확인 권장)","031-949-9046","지자체 공식 자료","https://www.paju.go.kr/user/soldier/BD_discountStoreList.do?q_ctgCd=1002","2026-08-15","이용 가능","ilwoo-maker","파주시 실시간 현황에 등재; 2026-01-14 공공데이터 필드로 보강; 원 공공데이터 기준일 2026-01-14"
"음식","DMZ장단콩두부마을","경기도","파주시","파주시 탄현면 평화로 902","경기도 파주시 탄현면 성동리 279","37.7861443704","126.6896376981","","","재확인 필요","10%할인","파주시 관내 주둔 군 장병 및 사회복무요원","업소별 세부 조건 및 중복할인 여부는 방문 전 확인","군인 또는 사회복무요원 신분 확인자료(방문 전 업소 확인 권장)","031-957-9820","지자체 공식 자료","https://www.paju.go.kr/user/soldier/BD_discountStoreList.do?q_ctgCd=1001","2026-08-15","이용 가능","ilwoo-maker","파주시 실시간 현황에 등재; 2026-01-14 공공데이터 필드로 보강; 원 공공데이터 기준일 2026-01-14"
"음식","더위즈(The WIZ)","경기도","파주시","파주시 탄현면 성동로 20-45","경기도 파주시 탄현면 성동리 679-4","37.7764742311","126.6876757168","","","재확인 필요","20~30%할인","파주시 관내 주둔 군 장병 및 사회복무요원","업소별 세부 조건 및 중복할인 여부는 방문 전 확인","군인 또는 사회복무요원 신분 확인자료(방문 전 업소 확인 권장)","031-944-7779","지자체 공식 자료","https://www.paju.go.kr/user/soldier/BD_discountStoreList.do?q_ctgCd=1001","2026-08-15","이용 가능","ilwoo-maker","파주시 실시간 현황에 등재; 2026-01-14 공공데이터 필드로 보강; 원 공공데이터 기준일 2026-01-14"
"음식","물고기자리","경기도","파주시","파주시 탄현면 헤이리마을길 48-48","경기도 파주시 탄현면 법흥리 1652-413","37.7872412617","126.7002410486","","","재확인 필요","10% 할인","파주시 관내 주둔 군 장병 및 사회복무요원","업소별 세부 조건 및 중복할인 여부는 방문 전 확인","군인 또는 사회복무요원 신분 확인자료(방문 전 업소 확인 권장)","031-941-2695","지자체 공식 자료","https://www.paju.go.kr/user/soldier/BD_discountStoreList.do?q_ctgCd=1001","2026-08-15","이용 가능","ilwoo-maker","파주시 실시간 현황에 등재; 2026-01-14 공공데이터 필드로 보강; 원 공공데이터 기준일 2026-01-14"
"음식","베로키오","경기도","파주시","파주시 탄현면 새오리로 74","경기도 파주시 탄현면 성동리 87-3","37.7908802915","126.6856397612","","","재확인 필요","10%할인","파주시 관내 주둔 군 장병 및 사회복무요원","업소별 세부 조건 및 중복할인 여부는 방문 전 확인","군인 또는 사회복무요원 신분 확인자료(방문 전 업소 확인 권장)","031-945-3071","지자체 공식 자료","https://www.paju.go.kr/user/soldier/BD_discountStoreList.do?q_ctgCd=1001","2026-08-15","이용 가능","ilwoo-maker","파주시 실시간 현황에 등재; 2026-01-14 공공데이터 필드로 보강; 원 공공데이터 기준일 2026-01-14"
"음식","복드림한우고기","경기도","파주시","파주시 탄현면 새오리로 48","경기도 파주시 탄현면 성동리 67-12","37.7892305336","126.6873956576","","","재확인 필요","5%할인","파주시 관내 주둔 군 장병 및 사회복무요원","업소별 세부 조건 및 중복할인 여부는 방문 전 확인","군인 또는 사회복무요원 신분 확인자료(방문 전 업소 확인 권장)","031-944-8060","지자체 공식 자료","https://www.paju.go.kr/user/soldier/BD_discountStoreList.do?q_ctgCd=1001","2026-08-15","이용 가능","ilwoo-maker","파주시 실시간 현황에 등재; 2026-01-14 공공데이터 필드로 보강; 원 공공데이터 기준일 2026-01-14"
"음식","어화둥둥","경기도","파주시","파주시 탄현면 새오리로 113-46","경기도 파주시 탄현면 성동리 118","37.7963554983","126.6850985945","","","재확인 필요","10%할인","파주시 관내 주둔 군 장병 및 사회복무요원","업소별 세부 조건 및 중복할인 여부는 방문 전 확인","군인 또는 사회복무요원 신분 확인자료(방문 전 업소 확인 권장)","031-945-1128","지자체 공식 자료","https://www.paju.go.kr/user/soldier/BD_discountStoreList.do?q_ctgCd=1001","2026-08-15","이용 가능","ilwoo-maker","파주시 실시간 현황에 등재; 2026-01-14 공공데이터 필드로 보강; 원 공공데이터 기준일 2026-01-14"
"음식","옛날시골밥상","경기도","파주시","파주시 탄현면 새오리로 10","경기도 파주시 탄현면 법흥리 752-4","37.7870551597","126.6901549698","","","재확인 필요","음료수 제공","파주시 관내 주둔 군 장병 및 사회복무요원","업소별 세부 조건 및 중복할인 여부는 방문 전 확인","군인 또는 사회복무요원 신분 확인자료(방문 전 업소 확인 권장)","031-945-5957","지자체 공식 자료","https://www.paju.go.kr/user/soldier/BD_discountStoreList.do?q_ctgCd=1001","2026-08-15","이용 가능","ilwoo-maker","파주시 실시간 현황에 등재; 2026-01-14 공공데이터 필드로 보강; 원 공공데이터 기준일 2026-01-14"
"음식","오두산막국수 통일로직영점","경기도","파주시","파주시 탄현면 성동로 17","경기도 파주시 탄현면 성동리 674","37.7792259522","126.6867285633","","","재확인 필요","10%할인","파주시 관내 주둔 군 장병 및 사회복무요원","업소별 세부 조건 및 중복할인 여부는 방문 전 확인","군인 또는 사회복무요원 신분 확인자료(방문 전 업소 확인 권장)","031-945-3370","지자체 공식 자료","https://www.paju.go.kr/user/soldier/BD_discountStoreList.do?q_ctgCd=1001","2026-08-15","이용 가능","ilwoo-maker","파주시 실시간 현황에 등재; 2026-01-14 공공데이터 필드로 보강; 원 공공데이터 기준일 2026-01-14"
"음식","용궁칼국수","경기도","파주시","파주시 탄현면 새오리로 59-52","경기도 파주시 탄현면 성동리 77-1","37.7903486074","126.6839451907","","","재확인 필요","10%할인","파주시 관내 주둔 군 장병 및 사회복무요원","업소별 세부 조건 및 중복할인 여부는 방문 전 확인","군인 또는 사회복무요원 신분 확인자료(방문 전 업소 확인 권장)","031-948-5527","지자체 공식 자료","https://www.paju.go.kr/user/soldier/BD_discountStoreList.do?q_ctgCd=1001","2026-08-15","이용 가능","ilwoo-maker","파주시 실시간 현황에 등재; 2026-01-14 공공데이터 필드로 보강; 원 공공데이터 기준일 2026-01-14"
"음식","전라도갈치찜전문점","경기도","파주시","파주시 탄현면 매봉길 12","경기도 파주시 탄현면 성동리 52-1","37.7905068782","126.6863285433","","","재확인 필요","3%할인","파주시 관내 주둔 군 장병 및 사회복무요원","업소별 세부 조건 및 중복할인 여부는 방문 전 확인","군인 또는 사회복무요원 신분 확인자료(방문 전 업소 확인 권장)","031-949-7771","지자체 공식 자료","https://www.paju.go.kr/user/soldier/BD_discountStoreList.do?q_ctgCd=1001","2026-08-15","이용 가능","ilwoo-maker","파주시 실시간 현황에 등재; 2026-01-14 공공데이터 필드로 보강; 원 공공데이터 기준일 2026-01-14"
"음식","전망대 누룽지 백숙","경기도","파주시","파주시 탄현면 새오리로 215-36","경기도 파주시 탄현면 대동리 107-11","37.8036865005","126.6870623282","","","재확인 필요","5%할인","파주시 관내 주둔 군 장병 및 사회복무요원","업소별 세부 조건 및 중복할인 여부는 방문 전 확인","군인 또는 사회복무요원 신분 확인자료(방문 전 업소 확인 권장)","031-942-9696","지자체 공식 자료","https://www.paju.go.kr/user/soldier/BD_discountStoreList.do?q_ctgCd=1001","2026-08-15","이용 가능","ilwoo-maker","파주시 실시간 현황에 등재; 2026-01-14 공공데이터 필드로 보강; 원 공공데이터 기준일 2026-01-14"
"음식","짹짹곳간","경기도","파주시","파주시 탄현면 새오리로339번길 79-48 2층","경기도 파주시 탄현면 법흥리 1652-296","37.7878410489","126.6955398798","","","재확인 필요","10%할인","파주시 관내 주둔 군 장병 및 사회복무요원","업소별 세부 조건 및 중복할인 여부는 방문 전 확인","군인 또는 사회복무요원 신분 확인자료(방문 전 업소 확인 권장)","0507-1364-8187","지자체 공식 자료","https://www.paju.go.kr/user/soldier/BD_discountStoreList.do?q_ctgCd=1001","2026-08-15","이용 가능","ilwoo-maker","파주시 실시간 현황에 등재; 2026-01-14 공공데이터 필드로 보강; 원 공공데이터 기준일 2026-01-14"
"음식","청송마루","경기도","파주시","파주시 탄현면 방촌로 1071","경기도 파주시 탄현면 낙하리 53-6","37.8262966706","126.7389362676","","","재확인 필요","10%할인","파주시 관내 주둔 군 장병 및 사회복무요원","업소별 세부 조건 및 중복할인 여부는 방문 전 확인","군인 또는 사회복무요원 신분 확인자료(방문 전 업소 확인 권장)","031-949-6143","지자체 공식 자료","https://www.paju.go.kr/user/soldier/BD_discountStoreList.do?q_ctgCd=1001","2026-08-15","이용 가능","ilwoo-maker","파주시 실시간 현황에 등재; 2026-01-14 공공데이터 필드로 보강; 원 공공데이터 기준일 2026-01-14"
"음식","초원","경기도","파주시","파주시 탄현면 엘씨디로241번길 50-2 B102호","경기도 파주시 탄현면 금승리 11-36","37.809887973","126.758202209","","","재확인 필요","10%할인","파주시 관내 주둔 군 장병 및 사회복무요원","업소별 세부 조건 및 중복할인 여부는 방문 전 확인","군인 또는 사회복무요원 신분 확인자료(방문 전 업소 확인 권장)","031-8071-3405","지자체 공식 자료","https://www.paju.go.kr/user/soldier/BD_discountStoreList.do?q_ctgCd=1001","2026-08-15","이용 가능","ilwoo-maker","파주시 실시간 현황에 등재; 2026-01-14 공공데이터 필드로 보강; 원 공공데이터 기준일 2026-01-14"
"음식","최고야짬뽕","경기도","파주시","파주시 탄현면 필승로 490","경기도 파주시 탄현면 성동리 663-5","37.7839991279","126.6891369619","","","재확인 필요","10%할인","파주시 관내 주둔 군 장병 및 사회복무요원","업소별 세부 조건 및 중복할인 여부는 방문 전 확인","군인 또는 사회복무요원 신분 확인자료(방문 전 업소 확인 권장)","031-957-9819","지자체 공식 자료","https://www.paju.go.kr/user/soldier/BD_discountStoreList.do?q_ctgCd=1001","2026-08-15","이용 가능","ilwoo-maker","파주시 실시간 현황에 등재; 2026-01-14 공공데이터 필드로 보강; 원 공공데이터 기준일 2026-01-14"
"음식","평양만두","경기도","파주시","파주시 탄현면 새오리로 193","경기도 파주시 탄현면 대동리 70","37.800747106","126.6887537371","","","재확인 필요","10%할인","파주시 관내 주둔 군 장병 및 사회복무요원","업소별 세부 조건 및 중복할인 여부는 방문 전 확인","군인 또는 사회복무요원 신분 확인자료(방문 전 업소 확인 권장)","031-945-9452","지자체 공식 자료","https://www.paju.go.kr/user/soldier/BD_discountStoreList.do?q_ctgCd=1001","2026-08-15","이용 가능","ilwoo-maker","파주시 실시간 현황에 등재; 2026-01-14 공공데이터 필드로 보강; 원 공공데이터 기준일 2026-01-14"
"음식","해민도예","경기도","파주시","파주시 탄현면 새오리로 209-19","경기도 파주시 탄현면 대동리 93-11","37.8009463192","126.6874309931","","","재확인 필요","10%할인","파주시 관내 주둔 군 장병 및 사회복무요원","업소별 세부 조건 및 중복할인 여부는 방문 전 확인","군인 또는 사회복무요원 신분 확인자료(방문 전 업소 확인 권장)","031-942-3221","지자체 공식 자료","https://www.paju.go.kr/user/soldier/BD_discountStoreList.do?q_ctgCd=1001","2026-08-15","이용 가능","ilwoo-maker","파주시 실시간 현황에 등재; 2026-01-14 공공데이터 필드로 보강; 원 공공데이터 기준일 2026-01-14"
"음식","흔적","경기도","파주시","파주시 탄현면 새오리로 59-20","경기도 파주시 탄현면 성동리 196-2","37.7895160223","126.6852204885","","","재확인 필요","20%할인","파주시 관내 주둔 군 장병 및 사회복무요원","업소별 세부 조건 및 중복할인 여부는 방문 전 확인","군인 또는 사회복무요원 신분 확인자료(방문 전 업소 확인 권장)","031-948-8585","지자체 공식 자료","https://www.paju.go.kr/user/soldier/BD_discountStoreList.do?q_ctgCd=1001","2026-08-15","이용 가능","ilwoo-maker","파주시 실시간 현황에 등재; 2026-01-14 공공데이터 필드로 보강; 원 공공데이터 기준일 2026-01-14"
"카페","디엠지라운지(DMZ LOUNGE)","경기도","파주시","파주시 탄현면 새오리로161번길 90","","37.8004048","126.6835875","Geocoding API","https://map.naver.com/p/search/%EB%94%94%EC%97%A0%EC%A7%80%EB%9D%BC%EC%9A%B4%EC%A7%80%28DMZ%20LOUNGE%29%20%EA%B2%BD%EA%B8%B0%EB%8F%84%20%ED%8C%8C%EC%A3%BC%EC%8B%9C%20%ED%83%84%ED%98%84%EB%A9%B4%20%EC%83%88%EC%98%A4%EB%A6%AC%EB%A1%9C161%EB%B2%88%EA%B8%B8%2090","확인 완료","10% 이상 할인 또는 그에 상응하는 서비스(업소별 상세는 사전 확인)","파주시 관내 주둔 군 장병 및 사회복무요원","업소별 세부 조건 및 중복할인 여부는 방문 전 확인","군인 또는 사회복무요원 신분 확인자료(방문 전 업소 확인 권장)","031-959-2353","지자체 공식 자료","https://www.paju.go.kr/user/soldier/BD_discountStoreList.do?q_ctgCd=1001","2026-08-15","이용 가능","ilwoo-maker","파주시 실시간 공식 현황 신규/변경 행; 상세 할인은 공통 사업기준; 원 공공데이터 기준일 2026-08-15"
"숙박","215카페캠핑장","경기도","파주시","경기도 파주시 탄현면 새오리로 215-91","","37.8034099","126.6848158","Geocoding API","https://map.naver.com/p/search/215%EC%B9%B4%ED%8E%98%EC%BA%A0%ED%95%91%EC%9E%A5%20%EA%B2%BD%EA%B8%B0%EB%8F%84%20%ED%8C%8C%EC%A3%BC%EC%8B%9C%20%ED%83%84%ED%98%84%EB%A9%B4%20%EC%83%88%EC%98%A4%EB%A6%AC%EB%A1%9C%20215-91","확인 완료","군인·경찰·소방관·간호사 객실 이용료 50% 할인","군인·경찰·소방관·간호사","혜택 변경 가능성이 있어 방문·예약 직전 업소 확인","대상 신분 확인자료(예약 전 문의)","0507-1392-2150","이용 후기","https://blog.naver.com/dahliart/224295421465","2026-08-15","확인 필요","ilwoo-maker","객실 할인 적용 조건과 예약 경로는 사전 문의"
"카페","카페퀴너스","경기도","파주시","경기도 파주시탄현면새오리로691층 (탄현면성동리, 프로방스힐)","","37.7905523","126.6847271","","","재확인 필요","서비스 이용료의 10% 할인","예비군(당해연도 병무청 주관 동원훈련 이수자 및 병무청 모범 예비군 선발자),복무중인 사람,병역명문가","제한없음 | 혜택기간: 2024-08-14~2026-12-31","당해년도 동원훈련이수증, 복무확인서, 병역명문가","031-947-0321","공공데이터","https://www.mma.go.kr/about/udgg/list.do?mc=mma0003357","2026-08-15","이용 가능","ilwoo-maker",""
"미용·뷰티","6000컷트","경기도","파주시","파주시 파주읍 술이홀로 470","경기도 파주시 파주읍 연풍리 294-9","37.8289732769","126.8389761324","","","재확인 필요","10%할인","파주시 관내 주둔 군 장병 및 사회복무요원","업소별 세부 조건 및 중복할인 여부는 방문 전 확인","군인 또는 사회복무요원 신분 확인자료(방문 전 업소 확인 권장)","031-952-6254","지자체 공식 자료","https://www.paju.go.kr/user/soldier/BD_discountStoreList.do?q_ctgCd=1004","2026-08-15","이용 가능","ilwoo-maker","파주시 실시간 현황에 등재; 2026-01-14 공공데이터 필드로 보강; 원 공공데이터 기준일 2026-01-14"
"미용·뷰티","로즈헤어샾","경기도","파주시","파주시 파주읍 파발로 4","경기도 파주시 파주읍 파주리 441-13","37.8323779102","126.8177795315","","","재확인 필요","12%할인","파주시 관내 주둔 군 장병 및 사회복무요원","업소별 세부 조건 및 중복할인 여부는 방문 전 확인","군인 또는 사회복무요원 신분 확인자료(방문 전 업소 확인 권장)","031-953-8128","지자체 공식 자료","https://www.paju.go.kr/user/soldier/BD_discountStoreList.do?q_ctgCd=1004","2026-08-15","이용 가능","ilwoo-maker","파주시 실시간 현황에 등재; 2026-01-14 공공데이터 필드로 보강; 원 공공데이터 기준일 2026-01-14"
"음식","남해바다","경기도","파주시","파주시 파주읍 시장거리길 59-7","경기도 파주시 파주읍 파주리 453-25","37.8319258956","126.8177757587","","","재확인 필요","10%할인","파주시 관내 주둔 군 장병 및 사회복무요원","업소별 세부 조건 및 중복할인 여부는 방문 전 확인","군인 또는 사회복무요원 신분 확인자료(방문 전 업소 확인 권장)","031-952-9282","지자체 공식 자료","https://www.paju.go.kr/user/soldier/BD_discountStoreList.do?q_ctgCd=1001","2026-08-15","이용 가능","ilwoo-maker","파주시 실시간 현황에 등재; 2026-01-14 공공데이터 필드로 보강; 원 공공데이터 기준일 2026-01-14"
"음식","뚱이네","경기도","파주시","파주시 파주읍 교육길 45-32 나동 102호","경기도 파주시 파주읍 연풍리 415-5","37.8330557499","126.8342834706","","","재확인 필요","콜라+공기밥 제공+모든 메뉴 곱빼기","파주시 관내 주둔 군 장병 및 사회복무요원","업소별 세부 조건 및 중복할인 여부는 방문 전 확인","군인 또는 사회복무요원 신분 확인자료(방문 전 업소 확인 권장)","","지자체 공식 자료","https://www.paju.go.kr/user/soldier/BD_discountStoreList.do?q_ctgCd=1001","2026-08-15","이용 가능","ilwoo-maker","파주시 실시간 현황에 등재; 2026-01-14 공공데이터 필드로 보강; 원 공공데이터 기준일 2026-01-14"
"음식","바리루스","경기도","파주시","파주시 파주읍 봉서산로 245 2층 일부호","경기도 파주시 파주읍 봉암리 3-1","37.8332953442","126.8034859516","","","재확인 필요","10% 할인","파주시 관내 주둔 군 장병 및 사회복무요원","업소별 세부 조건 및 중복할인 여부는 방문 전 확인","군인 또는 사회복무요원 신분 확인자료(방문 전 업소 확인 권장)","031-953-0060","지자체 공식 자료","https://www.paju.go.kr/user/soldier/BD_discountStoreList.do?q_ctgCd=1001","2026-08-15","이용 가능","ilwoo-maker","파주시 실시간 현황에 등재; 2026-01-14 공공데이터 필드로 보강; 원 공공데이터 기준일 2026-01-14"
"음식","봉황가","경기도","파주시","파주시 파주읍 우계로 35-1","경기도 파주시 파주읍 파주리 509-4","37.8304097125","126.8155395692","","","재확인 필요","결제금액 10% 할인+음료수 제공","파주시 관내 주둔 군 장병 및 사회복무요원","업소별 세부 조건 및 중복할인 여부는 방문 전 확인","군인 또는 사회복무요원 신분 확인자료(방문 전 업소 확인 권장)","031-953-5354","지자체 공식 자료","https://www.paju.go.kr/user/soldier/BD_discountStoreList.do?q_ctgCd=1001","2026-08-15","이용 가능","ilwoo-maker","파주시 실시간 현황에 등재; 2026-01-14 공공데이터 필드로 보강; 원 공공데이터 기준일 2026-01-14"
"음식","소풍N","경기도","파주시","파주시 파주읍 우계로 24","경기도 파주시 파주읍 파주리 543-6","37.8293987346","126.81489712","","","재확인 필요","10%할인","파주시 관내 주둔 군 장병 및 사회복무요원","업소별 세부 조건 및 중복할인 여부는 방문 전 확인","군인 또는 사회복무요원 신분 확인자료(방문 전 업소 확인 권장)","070-7725-0224","지자체 공식 자료","https://www.paju.go.kr/user/soldier/BD_discountStoreList.do?q_ctgCd=1001","2026-08-15","이용 가능","ilwoo-maker","파주시 실시간 현황에 등재; 2026-01-14 공공데이터 필드로 보강; 원 공공데이터 기준일 2026-01-14"
"음식","웅이네 의정부부대찌개","경기도","파주시","파주시 파주읍 파발로 9","경기도 파주시 파주읍 파주리 427-16","37.8326616617","126.8184479102","","","재확인 필요","음료수 제공","파주시 관내 주둔 군 장병 및 사회복무요원","업소별 세부 조건 및 중복할인 여부는 방문 전 확인","군인 또는 사회복무요원 신분 확인자료(방문 전 업소 확인 권장)","031-954-0431","지자체 공식 자료","https://www.paju.go.kr/user/soldier/BD_discountStoreList.do?q_ctgCd=1001","2026-08-15","이용 가능","ilwoo-maker","파주시 실시간 현황에 등재; 2026-01-14 공공데이터 필드로 보강; 원 공공데이터 기준일 2026-01-14"
"음식","이조맛집","경기도","파주시","파주시 파주읍 술이홀로 392","경기도 파주시 파주읍 연풍리 472-8","37.8305409747","126.8305257886","","","재확인 필요","5%할인","파주시 관내 주둔 군 장병 및 사회복무요원","업소별 세부 조건 및 중복할인 여부는 방문 전 확인","군인 또는 사회복무요원 신분 확인자료(방문 전 업소 확인 권장)","031-953-3330","지자체 공식 자료","https://www.paju.go.kr/user/soldier/BD_discountStoreList.do?q_ctgCd=1001","2026-08-15","이용 가능","ilwoo-maker","파주시 실시간 현황에 등재; 2026-01-14 공공데이터 필드로 보강; 원 공공데이터 기준일 2026-01-14"
"음식","짜장마을","경기도","파주시","파주시 파주읍 술이홀로 463","경기도 파주시 파주읍 연풍리 279-9","37.8291703482","126.838407754","","","재확인 필요","짜장 5000원","파주시 관내 주둔 군 장병 및 사회복무요원","업소별 세부 조건 및 중복할인 여부는 방문 전 확인","군인 또는 사회복무요원 신분 확인자료(방문 전 업소 확인 권장)","031-952-7744","지자체 공식 자료","https://www.paju.go.kr/user/soldier/BD_discountStoreList.do?q_ctgCd=1001","2026-08-15","이용 가능","ilwoo-maker","파주시 실시간 현황에 등재; 2026-01-14 공공데이터 필드로 보강; 원 공공데이터 기준일 2026-01-14"
"카페","조아의 하루 주내점","경기도","파주시","파주시 파주읍 우계로 6 101호","","37.8280814","126.8138604","Geocoding API","https://map.naver.com/p/search/%EC%A1%B0%EC%95%84%EC%9D%98%20%ED%95%98%EB%A3%A8%20%EC%A3%BC%EB%82%B4%EC%A0%90%20%EA%B2%BD%EA%B8%B0%EB%8F%84%20%ED%8C%8C%EC%A3%BC%EC%8B%9C%20%ED%8C%8C%EC%A3%BC%EC%9D%8D%20%EC%9A%B0%EA%B3%84%EB%A1%9C%206","확인 완료","10% 이상 할인 또는 그에 상응하는 서비스(업소별 상세는 사전 확인)","파주시 관내 주둔 군 장병 및 사회복무요원","업소별 세부 조건 및 중복할인 여부는 방문 전 확인","군인 또는 사회복무요원 신분 확인자료(방문 전 업소 확인 권장)","031-952-5492","지자체 공식 자료","https://www.paju.go.kr/user/soldier/BD_discountStoreList.do?q_ctgCd=1001","2026-08-15","이용 가능","ilwoo-maker","파주시 실시간 공식 현황 신규/변경 행; 상세 할인은 공통 사업기준; 원 공공데이터 기준일 2026-08-15"
"숙박","아비숑","경기도","파주시","파주시 파평면 화석정로126번길 122-35","경기도 파주시 파평면 율곡리 479","37.8857765502","126.8090042619","","","재확인 필요","10%할인","파주시 관내 주둔 군 장병 및 사회복무요원","업소별 세부 조건 및 중복할인 여부는 방문 전 확인","군인 또는 사회복무요원 신분 확인자료(방문 전 업소 확인 권장)","031-954-7470","지자체 공식 자료","https://www.paju.go.kr/user/soldier/BD_discountStoreList.do?q_ctgCd=1002","2026-08-15","이용 가능","ilwoo-maker","파주시 실시간 현황에 등재; 2026-01-14 공공데이터 필드로 보강; 원 공공데이터 기준일 2026-01-14"
"숙박","포시즌","경기도","파주시","파주시 파평면 화석정로126번길 144-20","경기도 파주시 파평면 율곡리 477-5","37.8861765123","126.8093020869","","","재확인 필요","10%할인","파주시 관내 주둔 군 장병 및 사회복무요원","업소별 세부 조건 및 중복할인 여부는 방문 전 확인","군인 또는 사회복무요원 신분 확인자료(방문 전 업소 확인 권장)","031-954-0021","지자체 공식 자료","https://www.paju.go.kr/user/soldier/BD_discountStoreList.do?q_ctgCd=1002","2026-08-15","이용 가능","ilwoo-maker","파주시 실시간 현황에 등재; 2026-01-14 공공데이터 필드로 보강; 원 공공데이터 기준일 2026-01-14"
"음식","샘내 손두부","경기도","파주시","파주시 파평면 청송로 551-7","경기도 파주시 파평면 덕천리 408-3","37.938380172","126.8701862204","","","재확인 필요","10%할인","파주시 관내 주둔 군 장병 및 사회복무요원","업소별 세부 조건 및 중복할인 여부는 방문 전 확인","군인 또는 사회복무요원 신분 확인자료(방문 전 업소 확인 권장)","031-958-4222","지자체 공식 자료","https://www.paju.go.kr/user/soldier/BD_discountStoreList.do?q_ctgCd=1001","2026-08-15","이용 가능","ilwoo-maker","파주시 실시간 현황에 등재; 2026-01-14 공공데이터 필드로 보강; 원 공공데이터 기준일 2026-01-14"
"음식","임꺽정 한우마을","경기도","파주시","파주시 파평면 화석정로 104","경기도 파주시 파평면 율곡리 580-6","37.8821146492","126.8027179241","","","재확인 필요","음료수 제공","파주시 관내 주둔 군 장병 및 사회복무요원","업소별 세부 조건 및 중복할인 여부는 방문 전 확인","군인 또는 사회복무요원 신분 확인자료(방문 전 업소 확인 권장)","031-954-3999","지자체 공식 자료","https://www.paju.go.kr/user/soldier/BD_discountStoreList.do?q_ctgCd=1001","2026-08-15","이용 가능","ilwoo-maker","파주시 실시간 현황에 등재; 2026-01-14 공공데이터 필드로 보강; 원 공공데이터 기준일 2026-01-14"
"음식","임진강수라상","경기도","파주시","파주시 파평면 화석정로 101","경기도 파주시 파평면 율곡리 581","37.881984697","126.802213344","","","재확인 필요","10%할인","파주시 관내 주둔 군 장병 및 사회복무요원","업소별 세부 조건 및 중복할인 여부는 방문 전 확인","군인 또는 사회복무요원 신분 확인자료(방문 전 업소 확인 권장)","031-952-9960","지자체 공식 자료","https://www.paju.go.kr/user/soldier/BD_discountStoreList.do?q_ctgCd=1001","2026-08-15","이용 가능","ilwoo-maker","파주시 실시간 현황에 등재; 2026-01-14 공공데이터 필드로 보강; 원 공공데이터 기준일 2026-01-14"
"음식","한우리매운탕","경기도","파주시","파주시 파평면 장승배기로 173-8","경기도 파주시 파평면 율곡리 277-3","37.8808101224","126.8138654223","","","재확인 필요","10%할인","파주시 관내 주둔 군 장병 및 사회복무요원","업소별 세부 조건 및 중복할인 여부는 방문 전 확인","군인 또는 사회복무요원 신분 확인자료(방문 전 업소 확인 권장)","031-945-2238","지자체 공식 자료","https://www.paju.go.kr/user/soldier/BD_discountStoreList.do?q_ctgCd=1001","2026-08-15","이용 가능","ilwoo-maker","파주시 실시간 현황에 등재; 2026-01-14 공공데이터 필드로 보강; 원 공공데이터 기준일 2026-01-14"
"카페","앵무새카페","경기도","파주시","파주시 파평면 파평산로363번길 32-9","경기도 파주시 파평면 두포리 121","37.8922217509","126.8410840125","","","재확인 필요","20%할인","파주시 관내 주둔 군 장병 및 사회복무요원","업소별 세부 조건 및 중복할인 여부는 방문 전 확인","군인 또는 사회복무요원 신분 확인자료(방문 전 업소 확인 권장)","031-952-2002","지자체 공식 자료","https://www.paju.go.kr/user/soldier/BD_discountStoreList.do?q_ctgCd=1001","2026-08-15","이용 가능","ilwoo-maker","파주시 실시간 현황에 등재; 2026-01-14 공공데이터 필드로 보강; 원 공공데이터 기준일 2026-01-14"
"음식","돈앤카우","경기도","포천시","경기도 포천시 소흘읍 송우로 53, 111호","","37.8287069","127.1431225","Geocoding API","https://map.naver.com/p/search/%EB%8F%88%EC%95%A4%EC%B9%B4%EC%9A%B0%20%EA%B2%BD%EA%B8%B0%EB%8F%84%20%ED%8F%AC%EC%B2%9C%EC%8B%9C%20%EC%86%8C%ED%9D%98%EC%9D%8D%20%EC%86%A1%EC%9A%B0%EB%A1%9C%2053%20%EC%9A%B0%EB%8D%95%ED%94%84%EB%9D%BC%EC%9E%90","확인 완료","의무복무 병사끼리 방문 시 특별 할인(할인율 미공개); 삼겹살 3인분 주문 시 우삼겹+소시지 서비스","의무복무 중인 병사 일행","혜택 변경 가능성이 있어 방문·예약 직전 업소 확인","군인 신분 확인자료(방문 전 문의)","0507-1362-4272","업체 공식 SNS","https://blog.naver.com/jw4271/224323728133","2026-08-15","확인 필요","ilwoo-maker","업소 자체 게시물에 혜택 대상·서비스가 명시됨"
"숙박","제부도디앤와이펜션","경기도","화성시","경기도 화성시 만세구서신면해안길114(서신면제부리)","","37.1662844","126.625398","","","재확인 필요","서비스 이용료의 10% 할인","동원훈련이수자,모범예비군,복무중인현역병,사회복무요원,전문산업기능요원,병역명문가","없음 | 혜택기간: 2024-08-13~","동원훈련이수증,모범예비군증,복무확인서 등","031-355-2126","공공데이터","https://www.mma.go.kr/about/udgg/list.do?mc=mma0003357","2026-08-15","이용 가능","ilwoo-maker",""
"음식","동타안","경기도","화성시","경기도 화성시 동탄구동탄반송1길231층 (반송동)","","37.2101473","127.0621366","","","재확인 필요","서비스 이용료의 10% 할인","동원훈련이수자,모범예비군,복무중인현역병,사회복무요원,전문산업기능요원,병역명문가","없음 | 혜택기간: 2024-08-13~","동원훈련이수증,모범예비군증,복무확인서 등","031-613-2121","공공데이터","https://www.mma.go.kr/about/udgg/list.do?mc=mma0003357","2026-08-15","이용 가능","ilwoo-maker",""
"미용·뷰티","고스트헤어(검단신도시점)","인천광역시","검단구","인천광역시 검단구발산로41205호(원당동, 정석프라자)","","37.5930293","126.712001","","","재확인 필요","서비스 이용료의 5~10% 할인","예비군(당해년도,모범), 복무중인 사람, 병역명문가","없음 | 혜택기간: 2024-08-08~","동원훈련이수증,모범예비군증,복무확인서,명문가증","0507-1371-3479","공공데이터","https://www.mma.go.kr/about/udgg/list.do?mc=mma0003357","2026-08-15","이용 가능","ilwoo-maker",""
"음식","성문한식뷔페","인천광역시","검단구","인천광역시 검단구이음4로42(원당동, 2층 210호~214호)","","37.59113945","126.7146962","","","재확인 필요","- 뷔페 이용료 1,000원 할인","복무중인자,모범예비군,동원훈련이수자,명문가","없음 | 혜택기간: 2026-08-14~","명문가증,복무확인서,훈련이수증,모범예비군증","0507-1419-0769","공공데이터","https://www.mma.go.kr/about/udgg/list.do?mc=mma0003357","2026-08-15","이용 가능","ilwoo-maker",""
"음식","모아닭강정","인천광역시","남동구","인천광역시 남동구구월로372번길46(만수동, 1층 101호)","","37.4527551","126.731634","","","재확인 필요","서비스 이용료의 10%(1,800원상당) 할인 또는 떡추가(2,000원상당) + 음료 1종 ( 특가로 진행중인 더블이벤트에 참여도 가능함)","예비군(당해년도,모범), 복무중인 사람, 병역명문가","없음 | 혜택기간: 2024-08-08~","동원훈련이수증,모범예비군증,복무확인서,명문가증","0507-1374-5456","공공데이터","https://www.mma.go.kr/about/udgg/list.do?mc=mma0003357","2026-08-15","이용 가능","ilwoo-maker",""
"음식","석바위칼국수","인천광역시","미추홀구","인천광역시 미추홀구경원대로852번길9(주안동)","","37.458849","126.690168","","","재확인 필요","서비스 이용료의 20% 할인 - 현역병 및 제복착용 군인은 30% 할인 - 현역군인을 제외한 할인대상자는 20% 할인","복무중인자,모범예비군,동원훈련이수자,명문가","없음 | 혜택기간: 2026-02-23~","명문가증,복무확인서,훈련이수증,모범예비군증","050713102621","공공데이터","https://www.mma.go.kr/about/udgg/list.do?mc=mma0003357","2026-08-15","이용 가능","ilwoo-maker",""
"음식","수상한 전집","인천광역시","미추홀구","인천광역시 미추홀구인하로254(주안동, 1층)","","37.4481153","126.6762408","","","재확인 필요","서비스이용료의 5%할인","예비군(당해년도,모범), 복무중인 사람, 병역명문가","없음 | 혜택기간: 2023-11-14~","훈련이수증(당해연도,모범), 복무확인서,명문가증","","공공데이터","https://www.mma.go.kr/about/udgg/list.do?mc=mma0003357","2026-08-15","이용 가능","ilwoo-maker",""
"음식","순석닭강정","인천광역시","미추홀구","인천광역시 미추홀구용정공원로83번길43,105호(용현동)","","37.4473962","126.6474949","","","재확인 필요","*이용료의 10%할인 *추가혜택: 5박스 이상구매시 감자튀김1개무료","예비군(당해년도,모범), 복무중인 사람, 병역명문가","없음 | 혜택기간: 2025-01-21~","e병무지갑(훈련이수증,복무확인서,명문가증등)","0507-1400-7824","공공데이터","https://www.mma.go.kr/about/udgg/list.do?mc=mma0003357","2026-08-15","이용 가능","ilwoo-maker",""
"음식","인천GS25(학익대박점)","인천광역시","미추홀구","인천광역시 미추홀구노적산로70(학익동)","","37.4402684","126.6569504","","","재확인 필요","서비스이용료의 10%할인(주류,담배,택배,구글기프트카드,문화상품권등 제외)","동원훈련이수자(당해년도,모범), 병역명문가, 복무중인 사람","인천시관내거주자 | 혜택기간: 2023-10-22~","훈련이수증, 모범예비군증,명문가증, 복무확인서등","032-876-8708","공공데이터","https://www.mma.go.kr/about/udgg/list.do?mc=mma0003357","2026-08-15","이용 가능","ilwoo-maker",""
"음식","족발야시장(인천용현점)","인천광역시","미추홀구","인천광역시 미추홀구매소홀로69(용현동, 1층)","","37.449876","126.6337761","","","재확인 필요","서비스이용료의 5%할인","예비군(당해년도,모범), 복무중인 사람(현역+사복+산업), 병역병문가","없음 | 혜택기간: 2023-11-24~","훈련이수증(당해연도,모범), 복무확인서,명문가증","032-888-4969","공공데이터","https://www.mma.go.kr/about/udgg/list.do?mc=mma0003357","2026-08-15","이용 가능","ilwoo-maker",""
"카페","까페신기촌","인천광역시","미추홀구","인천광역시 미추홀구인하로247번길1(주안동, 1층 까페신기촌)","","37.448451","126.6754","","","재확인 필요","서비스 이용료의 5% 할인 - 인천 대표 디저트 카페 맛집","복무중인자,모범예비군,동원훈련이수자,명문가","없음 | 혜택기간: 2026-04-09~","명문가증,복무확인서,훈련이수증,모범예비군증","050713563714","공공데이터","https://www.mma.go.kr/about/udgg/list.do?mc=mma0003357","2026-08-15","이용 가능","ilwoo-maker",""
"카페","카페 1990","인천광역시","미추홀구","인천광역시 미추홀구노적산로60(학익동)","","37.4407658","126.6559891","","","재확인 필요","음료 전메뉴의 10%할인","동원훈련이수자(모범, 당해연도), 병역명문가, 복무중인 사람","없음 | 혜택기간: 2023-10-31~","훈련이수증,병역명문가증, 복무확인서등","032-872-8339","공공데이터","https://www.mma.go.kr/about/udgg/list.do?mc=mma0003357","2026-08-15","이용 가능","ilwoo-maker",""
"카페","커피놀이터","인천광역시","미추홀구","인천광역시 미추홀구한나루로353- 1(학익동, 2층)","","37.4398083","126.661823","","","재확인 필요","커피 등 음료가격 20%할인","동원훈련이수자(당해년도), 모범예비군, 복무중인 사람, 병역명문가","없음 | 혜택기간: 2024-05-01~","훈련이수증,모범예비군증,복무확인서,명문가증등","010-8967-3531","공공데이터","https://www.mma.go.kr/about/udgg/list.do?mc=mma0003357","2026-08-15","이용 가능","ilwoo-maker",""
"미용·뷰티","헤어스케치(옥련동)","인천광역시","연수구","인천광역시 연수구능허대로79번길65(옥련동, 현대3차상가 2층)","","37.4265069","126.6439831","","","재확인 필요","서비스이용료의 5%할인","예비군(당해년도,모범), 복무중인 사람, 병역병문가","없음 | 혜택기간: 2023-11-13~","훈련이수증(당해연도,모범), 복무확인서,명문가증","032-831-8427","공공데이터","https://www.mma.go.kr/about/udgg/list.do?mc=mma0003357","2026-08-15","이용 가능","ilwoo-maker",""
"음식","계수나무집(한식)","인천광역시","연수구","인천광역시 연수구샘말로44번길13(연수동)","","37.4129756","126.6798708","","","재확인 필요","서비스이용료의 5%할인","예비군(당해년도,모범), 복무중인 사람, 병역명문가","없음 | 혜택기간: 2023-11-10~","훈련이수증(당해연도,모범), 복무확인서,명문가증","032-816-6261","공공데이터","https://www.mma.go.kr/about/udgg/list.do?mc=mma0003357","2026-08-15","이용 가능","ilwoo-maker",""
"음식","달쭈꾸미 월미도 본점","인천광역시","제물포구","인천광역시 제물포구월미문화로39(북성동1가)","","37.474781","126.5977478","","","재확인 필요","서비스 이용료의 10%할인","예비군(당해년도,모범), 복무중인 사람, 병역명문가","없음 | 혜택기간: 2025-02-05~","e병무지갑(훈련확인서,복무확인서,명문가증등)","0507-1311-7403","공공데이터","https://www.mma.go.kr/about/udgg/list.do?mc=mma0003357","2026-08-15","이용 가능","ilwoo-maker",""
"음식","더 이로운","인천광역시","제물포구","인천광역시 제물포구우현로87번길28(인현동, 1층)","","37.4752258","126.6292229","","","재확인 필요","서비스이용료의 10%할인","모범예비군(당해년도포함), 복무중인 사람, 병역명문가, 장교 및 부사관","없음 | 혜택기간: 2024-04-16~","훈련이수증,모범예비군증, 복무확인서등(e-병무지갑)","032-777-4333","공공데이터","https://www.mma.go.kr/about/udgg/list.do?mc=mma0003357","2026-08-15","이용 가능","ilwoo-maker",""
"음식","럭키차이나","인천광역시","제물포구","인천광역시 제물포구차이나타운로47- 1(북성동3가)","","37.475234","126.619081","","","재확인 필요","서비스 이용료의 10%할인","복무중인 사람(현역병, 사회복무요원, 전문산업기능요원)","없음 | 혜택기간: 2025-02-03~","복무확인서, 모바일 e-병무지갑 확인","0507-1483-8894","공공데이터","https://www.mma.go.kr/about/udgg/list.do?mc=mma0003357","2026-08-15","이용 가능","ilwoo-maker",""
"음식","럭키차이나(차이나타운점)","인천광역시","제물포구","인천광역시 제물포구차이나타운로48(송월동3가)","","37.475394","126.619097","","","재확인 필요","서비스 이용료의 10%할인","복무중인 사람(현역병, 사회복무요원, 전문산업기능요원)","없음 | 혜택기간: 2025-02-03~","복무확인서, 모바일 e-병무지갑 확인","0507-1476-8013","공공데이터","https://www.mma.go.kr/about/udgg/list.do?mc=mma0003357","2026-08-15","이용 가능","ilwoo-maker",""
"음식","미미진","인천광역시","제물포구","인천광역시 제물포구차이나타운로27(북성동3가)","","37.4767548","126.619344","","","재확인 필요","1. 서비스 이용료의 10% 할인 2. 음료수 제공","복무중인자(현역,사회복무,전문연구,산업기능요원)","없음 | 혜택기간: 2025-03-04~","복무확인서 및 e병무지갑 확인","050713318989","공공데이터","https://www.mma.go.kr/about/udgg/list.do?mc=mma0003357","2026-08-15","이용 가능","ilwoo-maker","지하1,2,3,층"
"음식","화평동372 더봉지식당","인천광역시","제물포구","인천광역시 제물포구화도진로75(화평동, 1층)","","37.4785175","126.6309933","","","재확인 필요","서비스이용료의 5%할인","예비군(당해년도,모범), 복무중인 사람(현역+사복+산업), 병역병문가","없음 | 혜택기간: 2023-11-20~","훈련이수증(당해연도,모범), 복무확인서,명문가증","032-777-0372","공공데이터","https://www.mma.go.kr/about/udgg/list.do?mc=mma0003357","2026-08-15","이용 가능","ilwoo-maker",""
"카페","미투커피","인천광역시","제물포구","인천광역시 제물포구월미문화로39(북성동1가)","","37.474781","126.5977478","","","재확인 필요","서비스 이용료의 10%","예비군(당해년도,모범), 복무중인 사람, 병역명문가","없음 | 혜택기간: 2025-02-05~","e병무지갑(훈련확인서,복무확인서,명문가증등)","0507-1328-7131","공공데이터","https://www.mma.go.kr/about/udgg/list.do?mc=mma0003357","2026-08-15","이용 가능","ilwoo-maker",""
"카페","설빙)인천월미도점","인천광역시","제물포구","인천광역시 제물포구월미문화로71(북성동1가)","","37.4720183","126.5963491","","","재확인 필요","서비스 이용료의 10%","복무중인사람(현역,사복,전문산업요원등)","없음 | 혜택기간: 2025-02-19~","e병무지갑(복무확인서)","0507-1315-5896","공공데이터","https://www.mma.go.kr/about/udgg/list.do?mc=mma0003357","2026-08-15","이용 가능","ilwoo-maker",""
"카페","엔제리너스(인천)점","인천광역시","제물포구","인천광역시 제물포구월미문화로71(북성동1가)","","37.4720183","126.5963491","","","재확인 필요","서비스 이용료의 10%","복무중인사람(현역,사복,전문산업요원등)","없음 | 혜택기간: 2025-02-19~","e병무지갑(어플)","0507-1474-7655","공공데이터","https://www.mma.go.kr/about/udgg/list.do?mc=mma0003357","2026-08-15","이용 가능","ilwoo-maker",""
"카페","월미도레미","인천광역시","제물포구","인천광역시 제물포구월미문화로35,2층 (북성동1가)","","37.4752221","126.5980097","","","재확인 필요","서비스이용료의 10%","복무중인 사람(현역,사복,전문.산업기능요원), 병역명문가","없음 | 혜택기간: 2025-02-04~","e병무지갑(복무확인서,명문가증등)","0507-1380-3941","공공데이터","https://www.mma.go.kr/about/udgg/list.do?mc=mma0003357","2026-08-15","이용 가능","ilwoo-maker",""
"기타","F45 합정","서울특별시","마포구","서울특별시 마포구 양화로 85 지하 2층","","","","","","미확인","군인 상시 10% 할인","군인","","업체 공식 Instagram 게시물","","업체 공식 SNS","https://www.instagram.com/p/DRN9ZQUElRo/","2026-08-17","이용 가능","ilwoo-maker","원본 수동 시드 ID: manual_seed_98e99591-0b43-4983-bf9d-c12536d8e146"
"기타","PROJECT HIN","서울특별시","성동구","서울특별시 성동구 성수이로7길 30 3층","","","","","","미확인","군인·경찰·소방공무원 상시 10% 할인","군인·경찰·소방공무원","공식 게시물상 공무원증 제시 시 적용","업체 공식 Instagram 게시물","","업체 공식 SNS","https://www.instagram.com/p/DN12vD3ZBPM/","2026-08-17","이용 가능","ilwoo-maker","원본 수동 시드 ID: manual_seed_d5873fe3-8fb1-4097-829f-6ab8e9897089"
"문화·여가","데일리피트니스 24시 성수점","서울특별시","성동구","서울특별시 성동구 뚝섬로 400 뚝섬쇼핑센터 3층","","","","","","미확인","소방·경찰·군인 전 상품 30% 할인","소방·경찰·군인","이벤트 조기 마감 가능","업체 공식 Instagram 게시물","","업체 공식 SNS","https://www.instagram.com/p/Da4bHtQidNo/","2026-08-17","이용 가능","ilwoo-maker","원본 수동 시드 ID: manual_seed_5cd71663-a898-4adf-807c-4bc1cbc331e3"
"기타","차심 성수","서울특별시","성동구","서울특별시 성동구 아차산로 113 2층 203호","","","","","","미확인","지영 팀장 담당 시 군인 할인","군인","지영 팀장 담당 시 적용","담당자 공식 Instagram 게시물","","업체 공식 SNS","https://www.instagram.com/p/DaJ4iE-xvm4/","2026-08-17","이용 가능","ilwoo-maker","원본 수동 시드 ID: manual_seed_07e920f5-e66a-4dd5-85f3-9b3ca26c58e7"
"미용·뷰티","오클리먼33 바버샵 성수점","서울특별시","성동구","서울특별시 성동구 연무장5가길 7 현대테라스타워 1층 132호","","","","","","미확인","주성현 바버 담당 시 군인 전 메뉴 상시 20% 할인","군인","주성현 바버 담당 시 적용","담당자 공식 Instagram 게시물","","업체 공식 SNS","https://www.instagram.com/p/DT9Z00UCQaS/","2026-08-17","이용 가능","ilwoo-maker","원본 수동 시드 ID: manual_seed_dc74ddf7-efc8-45f6-8a06-fc4dab839875"
"미용·뷰티","와이즈현헤어","서울특별시","마포구","서울특별시 마포구 양화로6길 91 3층","","","","","","미확인","군인 등 공공안전 직군 및 국가공무원 첫 방문 30% 할인","군인 등 공공안전 직군 및 국가공무원","첫 방문 및 현직 신분 확인 시 적용","담당자 공식 Instagram 게시물","","업체 공식 SNS","https://www.instagram.com/reel/DUU4hYTEiQ9/","2026-08-17","이용 가능","ilwoo-maker","원본 수동 시드 ID: manual_seed_d0cfa681-a2a8-461e-9f63-8cb51449d01c"
"미용·뷰티","이가자헤어비스 홍대점","서울특별시","마포구","서울특별시 마포구 독막로7길 63 2층","","","","","","미확인","서진 담당 군인 프로모션: 커트+디자인 다운펌 70,000원에서 42,000원으로 할인","군인","서진 담당 커트+디자인 다운펌 이용 시 적용","담당자 공식 Instagram 게시물","","업체 공식 SNS","https://www.instagram.com/p/DbizHQ1Gj6c/","2026-08-17","이용 가능","ilwoo-maker","원본 수동 시드 ID: manual_seed_141fa0a5-94ff-4040-b804-9283874932ba"
"병원","바나나성형외과의원","서울특별시","강남구","서울특별시 강남구 도산대로 110 케이비엘센터 3층","","","","","","미확인","현역·전역 군인 모든 수술비 30% 할인","현역·전역 군인","","업체 공식 Instagram 게시물 및 공식 홈페이지","02-517-9979","업체 공식 SNS","https://www.instagram.com/p/DW3RNJDCVGe/","2026-08-17","이용 가능","ilwoo-maker","원본 수동 시드 ID: manual_seed_7ba23c42-28d7-413c-b2eb-d2f0d41ed9fb"
"음식","고기꾼 김춘배 강남점","서울특별시","강남구","서울특별시 강남구 강남대로100길 13 3층, 4층","","","","","","미확인","소방·군인·경찰 방문 시 15% 할인","소방·군인·경찰","","업체 공식 Instagram 게시물","","업체 공식 SNS","https://www.instagram.com/p/DZfv8ioEiS0/","2026-08-17","이용 가능","ilwoo-maker","원본 수동 시드 ID: manual_seed_736a96fa-fdc2-40a9-9e02-0b2715a78b9a"
"문화·여가","파프짐 도곡점","서울특별시","강남구","서울특별시 강남구 언주로30길 27 우성리빙텔 B101","","","","","","미확인","군인 상시 할인","학생·군인·경찰·소방","","업체 공식 Instagram 게시물","","업체 공식 SNS","https://www.instagram.com/p/DYlDqbaE90A/","2026-08-17","이용 가능","ilwoo-maker","원본 수동 시드 ID: manual_seed_c89cf035-48b0-459d-84b8-9c05408c1bcd"
"기타","일공공일 구로오류동점","서울특별시","구로구","서울특별시 구로구 경인로 228 1층","","","","","","미확인","군인·군간부 안경 10% 상시 할인","군인·군간부","군인 신분증 또는 군간부증 확인 시 적용","업체 공식 Instagram 게시물","0507-1355-1036","업체 공식 SNS","https://www.instagram.com/1001oryu/reel/DbsH2wADsXD/","2026-08-17","이용 가능","ilwoo-maker","원본 수동 시드 ID: manual_seed_240d4ac5-bde2-401b-b3aa-25e4cee5032a"
"문화·여가","SKY GYM","서울특별시","용산구","서울특별시 용산구 한강대로 273 용산빌딩 B1층","","","","","","미확인","경찰·소방·군인 회원권 20% 할인","경찰·소방·군인","등록 시 증빙 확인 후 적용","업체 공식 Instagram 게시물 및 공식 카카오채널","02-749-7548","업체 공식 SNS","https://www.instagram.com/p/Dbr3fuYEqcA/","2026-08-17","이용 가능","ilwoo-maker","원본 수동 시드 ID: manual_seed_947ca71d-a19b-4a43-b797-eeed249378c2"
