업종명,업소명,지역명,소재지도로명주소,소재지지번주소,위도,경도,할인정보,업소전화번호,데이터기준일자,혜택대상,증빙자료,혜택시작일,혜택종료일,이용제한,비고,출처URL,출처유형,검증상태,수집일자
미용,레드폴바버샵 강남신사점,강남구,"서울특별시 강남구 논현로151길 41, 2층 201호",서울특별시 강남구 신사동 561,,,"군인·경찰·소방관 할인 커트 39,000원→29,000원",070-8211-3668,2025-03-02,군인·경찰·소방관,군인증 또는 관련 신분 확인자료,,,금·토요일 및 공휴일 할인 제외 안내가 있어 방문 전 재확인,가격·대상과 제외 요일을 공개 후기에서 확인; 현재 주소·전화 교차확인,https://blog.naver.com/brave1011/223781023634 | https://blog.naver.com/eastssunrise/223641759588,네이버 이용 후기·현재 플레이스 메뉴,B-: 공개 후기+현재 영업 교차확인,2026-08-15
미용,레드폴바버샵 강남역삼점,강남구,"서울특별시 강남구 도곡로3길 13, 르메이에르 2층 203-2호",서울특별시 강남구 역삼동 837-19,,,"군인·경찰·소방관 할인 커트 39,000원→29,000원",070-8672-9217,2026-06-03,군인·경찰·소방관,군인증 또는 관련 신분 확인자료,,,혜택 변경 가능성이 있어 방문·예약 직전 업소 확인,현재 주소·전화와 할인 메뉴를 교차확인; 적용 요일은 결제 전 문의,https://blog.naver.com/steadylog-/224304806064 | https://blog.naver.com/wbwbxoxo/223892696793,최근 네이버 이용 후기·현재 플레이스 메뉴,B-: 2026-06-03 최근 후기,2026-08-15
음식점,우동명가기리야마본진,강남구,"서울특별시 강남구강남대로84길23(역삼동, (한라클래식 지하1층))",,37.4971584,127.0304025,서비스 이용료의 20% 할인,02-567-0068,2026-08-15,복무중인사람(현역병),복무확인서,2024-11-12,,없음,우대기간: 무기한,https://www.mma.go.kr/about/udgg/list.do?mc=mma0003357,병무청 공식 나라사랑가게 실시간 DB,A: 병무청 공식 실시간 DB,2026-08-15
카페,투오프커피,강남구,"서울특별시 강남구역삼로9길20(역삼동, (1층))",,37.495297,127.0339254,서비스 이용료의 20% 할인(모든 음료가 가능하나 병 음료는 제외),070-7704-6600,2026-08-15,"동원훈련 이수자, 모범예비군, 복무중인사람","동원훈련이수증, 모범예비군증, 복무확인서",2024-04-17,2027-04-17,없음,"1년 (기간내 변경,해제 신청 없을 시 자동 재연장)",https://www.mma.go.kr/about/udgg/list.do?mc=mma0003357,병무청 공식 나라사랑가게 실시간 DB,A: 병무청 공식 실시간 DB,2026-08-15
미용,힐빌리바버샵,강동구,"서울특별시 강동구 양재대로96길 26, 광남캐스빌 근생 101호",,,,"군인·경찰·소방관 할인 제공(할인액 미공개; 일반 커트 공개가격 38,000원)",0507-1380-0176,2026-05-23,군인·경찰·소방관,군인증 또는 관련 신분 확인자료,,,혜택 변경 가능성이 있어 방문·예약 직전 업소 확인,현재 주소·전화·메뉴와 군·경·소방 할인 안내를 교차확인; 할인액은 방문 전 문의,https://blog.naver.com/edh0368/224292893974,최근 네이버 이용 후기·플레이스 안내,B-: 2026-05-23 최근 후기,2026-08-15
음식점,가운소곱창,강동구,"서울특별시 강동구상암로42(천호동, 131호)",,37.5495882,127.1279034,서비스 이용료의 10% 할인,0507-1372-6863,2026-08-15,"복무중인사람(현역병,사회복무요원,전문산업기능요원)",복무확인서,2024-05-10,2027-05-10,없음,"3년 (기간내 변경,해제 신청 없을 시 자동 재연장)",https://www.mma.go.kr/about/udgg/list.do?mc=mma0003357,병무청 공식 나라사랑가게 실시간 DB,A: 병무청 공식 실시간 DB,2026-08-15
미용,송미용실,강북구,서울특별시 강북구인수봉로78길13(수유동),,37.644609,127.0116053,서비스 이용료 면제,02-905-2225,2026-08-15,"동원훈련 이수자, 모범예비군, 복무중인사람, 병역명문가","동원훈련이수,모범예비군,명문가증,복무확인서",2025-04-14,2027-04-14,없음,"2년 (기간내 변경,해제 신청 없을 시 자동 재연장)",https://www.mma.go.kr/about/udgg/list.do?mc=mma0003357,병무청 공식 나라사랑가게 실시간 DB,A: 병무청 공식 실시간 DB,2026-08-15
미용,착한이발,강북구,"서울특별시 강북구도봉로371(수유동, (지하1층))",,37.6404577,127.0278529,서비스 이용료의 10% 할인,010-4769-2350,2026-08-15,"동원훈련 이수자, 모범예비군, 복무중인사람, 병역명문가","동원훈련이수,모범예비군,명문가증,복무확인서",2025-04-11,,없음,우대기간: 무기한,https://www.mma.go.kr/about/udgg/list.do?mc=mma0003357,병무청 공식 나라사랑가게 실시간 DB,A: 병무청 공식 실시간 DB,2026-08-15
음식점,만미정 식당,강북구,서울특별시 강북구솔매로43길96(미아동),,37.6299344,127.0228654,서비스 이용료의 10% 할인 *강북구 착한가격(모범)가게기 때문에 뭐든지 잘 드실수 있습니다.,02-983-8884,2026-08-15,"동원훈련 이수자, 모범예비군, 복무중인사람","동원훈련이수증,모범예비군증,복무확인서",2025-04-16,2027-04-16,없음,"2년 (기간내 변경,해제 신청 없을 시 자동 재연장)",https://www.mma.go.kr/about/udgg/list.do?mc=mma0003357,병무청 공식 나라사랑가게 실시간 DB,A: 병무청 공식 실시간 DB,2026-08-15
음식점,강서풍천민물장어,강서구,서울특별시 강서구양천로18길9(방화동),,37.5729726,126.812989,서비스 이용료의 10% 할인,02-2661-1033,2026-08-15,"동원훈련 이수자, 모범예비군, 복무중인사람, 병역명문가","동원훈련이수,모범예비군,명문가증,복무확인서",2025-09-25,,없음,우대기간: 무기한,https://www.mma.go.kr/about/udgg/list.do?mc=mma0003357,병무청 공식 나라사랑가게 실시간 DB,A: 병무청 공식 실시간 DB,2026-08-15
음식점,공항두루치기,강서구,서울특별시 강서구양천로28(방화동),,37.5722167,126.8065625,서비스 이용료의 10% 할인,02-2666-2272,2026-08-15,"동원훈련 이수자, 모범예비군, 복무중인사람, 병역명문가","동원훈련이수,모범예비군,명문가증,복무확인서",2025-09-25,,없음,우대기간: 무기한,https://www.mma.go.kr/about/udgg/list.do?mc=mma0003357,병무청 공식 나라사랑가게 실시간 DB,A: 병무청 공식 실시간 DB,2026-08-15
음식점,김가네 개화산역점,강서구,"서울특별시 강서구양천로28(방화동, (벽산에어트리움 C-8호)))",,37.5722167,126.8063625,서비스 이용료의 5% 할인,02-2664-2335,2026-08-15,"동원훈련 이수자, 모범예비군, 복무중인사람, 병역명문가","동원훈련이수,모범예비군,명문가증,복무확인서",2025-09-25,,없음,우대기간: 무기한,https://www.mma.go.kr/about/udgg/list.do?mc=mma0003357,병무청 공식 나라사랑가게 실시간 DB,A: 병무청 공식 실시간 DB,2026-08-15
음식점,일품사천불짬뽕,강서구,"서울특별시 강서구양천로28(방화동, (벽산에어트리움))",,37.5722167,126.8067625,서비스 이용료의 10% 할인,02-2662-6639,2026-08-15,"동원훈련 이수자, 모범예비군, 복무중인사람, 병역명문가","동원훈련이수,모범예비군,명문가증,복무확인서",2025-09-08,,없음,우대기간: 무기한,https://www.mma.go.kr/about/udgg/list.do?mc=mma0003357,병무청 공식 나라사랑가게 실시간 DB,A: 병무청 공식 실시간 DB,2026-08-15
음식점,전주콩나물 해장국&지지미 방화점,강서구,서울특별시 강서구양천로6길28(방화동),,37.5705336,126.8068242,서비스 이용료의 10% 할인,02-2665-8222,2026-08-15,"동원훈련 이수자, 모범예비군, 복무중인사람, 병역명문가","동원훈련이수,모범예비군,명문가증,복무확인서",2025-09-23,,없음,우대기간: 무기한,https://www.mma.go.kr/about/udgg/list.do?mc=mma0003357,병무청 공식 나라사랑가게 실시간 DB,A: 병무청 공식 실시간 DB,2026-08-15
음식점,칼스토랑 방화점,강서구,"서울특별시 강서구양천로28(방화동, (b106)))",,37.5722167,126.8064625,서비스 이용료의 10% 할인,070-8657-3869,2026-08-15,"동원훈련 이수자, 모범예비군, 복무중인사람, 병역명문가","동원훈련이수,모범예비군,명문가증,복무확인서",2025-09-25,,없음,우대기간: 무기한,https://www.mma.go.kr/about/udgg/list.do?mc=mma0003357,병무청 공식 나라사랑가게 실시간 DB,A: 병무청 공식 실시간 DB,2026-08-15
음식점,포아이니 개화산역점,강서구,"서울특별시 강서구양천로28(방화동, (본관동 104호))",,37.5722167,126.8066625,서비스 이용료의 10% 할인,02-2665-5599,2026-08-15,"동원훈련 이수자, 모범예비군, 복무중인사람, 병역명문가","동원훈련이수, 모범예비군, 명문가증, 복무확인서",2025-09-23,,없음,우대기간: 무기한,https://www.mma.go.kr/about/udgg/list.do?mc=mma0003357,병무청 공식 나라사랑가게 실시간 DB,A: 병무청 공식 실시간 DB,2026-08-15
카페,그로우빈스,강서구,"서울특별시 강서구양천로18길16(방화동, (1층 101호))",,37.5727689,126.812605,서비스 이용료의 10% 할인 **훈련을 마친 병사는 아메리카노 1잔 증정 (1인 1잔 한정),02-2661-0922,2026-08-15,"동원훈련 이수자, 모범예비군, 복무중인사람, 병역명문가","동원훈련이수,모범예비군,명문가증,복무확인서",2024-08-07,,없음,우대기간: 무기한,https://www.mma.go.kr/about/udgg/list.do?mc=mma0003357,병무청 공식 나라사랑가게 실시간 DB,A: 병무청 공식 실시간 DB,2026-08-15
카페,밀알카페,강서구,"서울특별시 강서구강서로33길16(화곡동, (1층))",,37.5420041,126.8388133,모든 메뉴 한 잔 당 무조건 500원 할인,0507-1389-2518,2026-08-15,"동원훈련 이수자, 모범예비군, 복무중인사람, 병역명문가","동원훈련이수,모범예비군,명문가증,복무확인서",2024-08-16,,없음,우대기간: 무기한,https://www.mma.go.kr/about/udgg/list.do?mc=mma0003357,병무청 공식 나라사랑가게 실시간 DB,A: 병무청 공식 실시간 DB,2026-08-15
미용,굿바이브바버샵,광진구,"서울특별시 광진구 용마산로21길 27, 1층",,,,군인·경찰·소방관 할인 제공(할인액 미공개),0507-1474-1258,2025-01-28,군인·경찰·소방관,군인증 또는 관련 신분 확인자료,,,혜택 변경 가능성이 있어 방문·예약 직전 업소 확인,2025년 할인 안내와 2026년 현재 네이버플레이스 주소·전화·영업정보를 교차확인,https://blog.naver.com/wedae1man/223740984350,네이버 이용 후기·현재 플레이스 영업정보,B-: 공개 후기+현재 영업 교차확인,2026-08-15
미용,굿보이즈 바버샵,광진구,"서울특별시 광진구 강변역로4길 56, 1층 7호 (구의동, 광진해모로리버뷰)",서울특별시 광진구 구의동 547-7,,,"군인·경찰·소방관 상시 5,000원 할인",0507-1315-9522,2025-03-15,군인·경찰·소방관,군인증 또는 관련 신분 확인자료,,,혜택 변경 가능성이 있어 방문·예약 직전 업소 확인,"업소 자체 글과 별도 이용 후기에서 동일한 5,000원 상시 할인 확인",https://blog.naver.com/pkang00/223797115956 | https://blog.naver.com/ymjh313/223771586135,업소 공식 네이버 블로그+최근 이용 후기,B: 업소 공식 채널+후기 교차확인,2026-08-15
미용,쵸리,광진구,"서울특별시 광진구 뚝섬로51길 57, 1층",,,,"군인·경찰·소방관 상시 5,000원 할인(업소 게시 가격 28,000원)",0507-1498-8202,2026-03-09,군인·경찰·소방관,군인증 또는 관련 신분 확인자료,,,혜택 변경 가능성이 있어 방문·예약 직전 업소 확인,업소 공식 글의 할인 문구와 현재 네이버플레이스 주소·전화·영업정보를 교차확인,https://blog.naver.com/takeman84/224210331746,업소 공식 네이버 블로그,B: 업소 공식 채널(2026-03-09),2026-08-15
음식점,무한정수제돈까스,광진구,"서울특별시 광진구군자로102(군자동, (1층))",,37.5521971,127.0715539,서비스 이용료의 30% 할인,02-469-3122,2026-08-15,복무중인사람,복무확인서,2025-04-08,2027-04-08,없음,"2년 (기간내 변경,해제 신청 없을 시 자동 재연장)",https://www.mma.go.kr/about/udgg/list.do?mc=mma0003357,병무청 공식 나라사랑가게 실시간 DB,A: 병무청 공식 실시간 DB,2026-08-15
음식점,탄토탄토,광진구,"서울특별시 광진구아차산로33길49(화양동, (2층))",,37.5425095,127.0707414,평일 점심에 한하여 서비스 이용료의 20% 할인,02-2039-2915,2026-08-15,복무중인사람,복무확인서,2025-02-27,,없음,우대기간: 무기한,https://www.mma.go.kr/about/udgg/list.do?mc=mma0003357,병무청 공식 나라사랑가게 실시간 DB,A: 병무청 공식 실시간 DB,2026-08-15
카페,보드게임카페 레드버튼 건대점,광진구,서울특별시 광진구동일로22길81(화양동),,37.5415251,127.068812,서비스 이용료의 50% 할인 (평일만 사용가능),0507-1466-3804,2026-08-15,복무중인사람,복무확인서,2025-05-28,,없음,우대기간: 무기한,https://www.mma.go.kr/about/udgg/list.do?mc=mma0003357,병무청 공식 나라사랑가게 실시간 DB,A: 병무청 공식 실시간 DB,2026-08-15
카페,9로평상,구로구,서울특별시 구로구 서해안로 2134 (항동),,,,"군인 특별가: 음료 5,000원(후기에서 군공무원증 제시 후 복숭아에이드 10,000원→5,000원 적용)",0507-1402-2382,2026-07-14,군인,군공무원증 등 군인 신분 확인자료,,,혜택 변경 가능성이 있어 방문·예약 직전 업소 확인,메뉴별 적용 여부는 업소 재확인 권장,https://blog.naver.com/27_12_25_wedding/224346593639,최근 실이용 네이버 영수증 후기,B-: 2026-07-14 실이용 후기,2026-08-15
음식점,국수집,동대문구,"서울특별시 동대문구한천로14길63(장안동, (1층))",,37.566711,127.06627,서비스 이용료의 10% 할인,02-2212-9410,2026-08-15,"동원훈련 이수자, 모범예비군","동원훈련이수증,모범예비군증",2025-04-10,2027-04-10,없음,"1년 (기간내 변경,해제 신청 없을 시 자동 재연장)",https://www.mma.go.kr/about/udgg/list.do?mc=mma0003357,병무청 공식 나라사랑가게 실시간 DB,A: 병무청 공식 실시간 DB,2026-08-15
음식점,돈벼락김치삼겹살 장안동본점,동대문구,"서울특별시 동대문구장한로26길24(장안동, (1층))",,37.5714899,127.0729639,서비스 이용료의 10% 할인,0507-1374-9597,2026-08-15,"복무중인사람, 병역명문가","복무확인서,병역명문가증",2024-08-07,,없음,우대기간: 무기한,https://www.mma.go.kr/about/udgg/list.do?mc=mma0003357,병무청 공식 나라사랑가게 실시간 DB,A: 병무청 공식 실시간 DB,2026-08-15
카페,서울쉬퐁,동대문구,"서울특별시 동대문구한천로63길17(이문동, (1층))",,37.6039396,127.0665311,서비스 이용료의 10% 할인,0507-1414-2539,2026-08-15,"동원훈련 이수자, 모범예비군, 복무중인사람, 병역명문가","동원훈련이수,모범예비군,명문가증,복무확인서",2025-04-11,2027-04-11,없음,"1년 (기간내 변경,해제 신청 없을 시 자동 재연장)",https://www.mma.go.kr/about/udgg/list.do?mc=mma0003357,병무청 공식 나라사랑가게 실시간 DB,A: 병무청 공식 실시간 DB,2026-08-15
음식점,자연석 돌구이 생삼겹살 한우,동작구,"서울특별시 동작구여의대방로202(대방동, 1층)",,37.5047875,126.9225467,서비스이용료(식대) 5% 할인,0507-1382-8744,2026-08-15,"당해연도 동원훈련 이수자, 모범 예비군","동원훈련 이수증, 모범 예비군증",2023-11-20,2026-11-20,없음,"1년 (기간내 변경,해제 신청 없을 시 자동 재연장)",https://www.mma.go.kr/about/udgg/list.do?mc=mma0003357,병무청 공식 나라사랑가게 실시간 DB,A: 병무청 공식 실시간 DB,2026-08-15
음식점,한제소곱창전골 신대방삼거리역점,동작구,"서울특별시 동작구여의대방로22길121- 0(신대방동, 상가동 1층 1444호, 1445호)",,37.498564,126.926095,서비스이용료의 5%할인(주류제외),0507-1359-9161,2026-08-15,"동원훈련이수자,모범예비군,복무중인현역병,사회복무요원,전문산업기능요원,병역명문가","동원훈련이수증, 모범예비군증, 복무확인서 등",2024-02-13,,없음,,https://www.mma.go.kr/about/udgg/list.do?mc=mma0003357,병무청 공식 나라사랑가게 실시간 DB,A: 병무청 공식 실시간 DB,2026-08-15
카페,에이치플레이스,동작구,"서울특별시 동작구여의대방로36길10(대방동, (1층))",,37.5043025,126.9231009,서비스 이용료(음료) 20% 할인,0507-1307-6193,2026-08-15,"당해연도 동원훈련 이수자, 모범예비군, 복무중인 사람(현역병, 사회복무요원, 전문​∙산업기능요원)","동원훈련 이수증, 모범 예비군증, 복무 확인서",2023-11-10,2026-11-10,없음,3년 할인기간 후 재협의 필요,https://www.mma.go.kr/about/udgg/list.do?mc=mma0003357,병무청 공식 나라사랑가게 실시간 DB,A: 병무청 공식 실시간 DB,2026-08-15
카페,카피바라 커피랩,동작구,"서울특별시 동작구대방동23길36(대방동, (1층))",,37.5041462,126.9233874,서비스 이용료의 20% 할인,0503-5260-9516,2026-08-15,"동원훈련 이수자, 모범예비군, 복무중인사람, 병역명문가","동원훈련이수,모범예비군,명문가증,복무확인서",2024-09-09,,없음,우대기간: 무기한,https://www.mma.go.kr/about/udgg/list.do?mc=mma0003357,병무청 공식 나라사랑가게 실시간 DB,A: 병무청 공식 실시간 DB,2026-08-15
미용,허슬러즈바버샵 홍대,마포구,"서울특별시 마포구 와우산로 51-6, 지하 1층",,,,군인 특별가격 제공(할인액 미공개),0507-1322-3286,2026-07-04,군인,군인 신분 확인자료,,,혜택 변경 가능성이 있어 방문·예약 직전 업소 확인,현재 주소·전화와 군인 특별가격 안내 확인; 정확한 가격은 방문 전 문의,https://blog.naver.com/dpfls3230-/224336414756,최근 네이버 이용 후기·플레이스 안내,B-: 2026-07-04 최근 후기,2026-08-15
카페,연과점 하루,마포구,"서울특별시 마포구동교로16길12(서교동, (1층))",,37.5542805,126.9153613,서비스 이용료의 5% 할인,0507-1402-7706,2026-08-15,"동원훈련 이수자, 모범예비군, 복무중인사람, 병역명문가","동원훈련이수,모범예비군,명문가증,복무확인서",2024-12-21,,없음,우대기간: 무기한,https://www.mma.go.kr/about/udgg/list.do?mc=mma0003357,병무청 공식 나라사랑가게 실시간 DB,A: 병무청 공식 실시간 DB,2026-08-15
미용,크레올 바버샵,서대문구,서울특별시 서대문구 연희로15길 35 (연희동),,,,군인·경찰·소방관 할인 제공(할인액 미공개),070-8657-0265,2026-08-09,군인·경찰·소방관,군인증 또는 관련 신분 확인자료,,,혜택 변경 가능성이 있어 방문·예약 직전 업소 확인,업소 비즈프로필의 최신 군·경·소방 할인 게시물과 주소·전화·활동 상태 확인,https://www.daangn.com/kr/business-post/%EA%B5%B0-%EA%B2%BD-%EC%86%8C%EB%B0%A9-%ED%95%A0%EC%9D%B8%ED%95%98%EA%B3%A0-%EC%9E%88%EC%8A%B5%EB%8B%88%EB%8B%A4-ze2fgwxxivji/,업소 공식 당근 비즈프로필 게시물,B: 업소 공식 채널(2026-08-09),2026-08-15
미용,예가미용실,서초구,"서울특별시 서초구남부순환로356길55(양재동, (1층))",,37.4825416,127.0385798,서비스 이용료의 20% 할인 **단골고객(3년이상이용)은 입대 및 전역시 각 1회(총2회) 면제,0507-1372-4844,2026-08-15,복무중인사람,복무확인서,2024-09-04,,없음,우대기간: 무기한,https://www.mma.go.kr/about/udgg/list.do?mc=mma0003357,병무청 공식 나라사랑가게 실시간 DB,A: 병무청 공식 실시간 DB,2026-08-15
음식점,옐로치킨07&바로돈까스,성북구,"서울특별시 성북구아리랑로19길48(정릉동, (1츧))",,37.6025432,127.0107407,서비스 이용료의 20% 할인,02-913-2360,2026-08-15,복무중인사람,복무확인서,2025-04-08,,없음,우대기간: 무기한,https://www.mma.go.kr/about/udgg/list.do?mc=mma0003357,병무청 공식 나라사랑가게 실시간 DB,A: 병무청 공식 실시간 DB,2026-08-15
미용,더벙커 맨즈헤어 바버샵 목동본점,양천구,"서울특별시 양천구 오목로 337-10, 2층 205호",,,,"군인·경찰·소방관 할인 커트 36,000원→29,000원",0507-1381-0661,2025-10-12,군인·경찰·소방관,군인증 또는 관련 신분 확인자료,,,혜택 변경 가능성이 있어 방문·예약 직전 업소 확인,주소·전화·일반가와 할인 메뉴를 함께 확인; 적용 조건은 방문 전 문의,https://blog.naver.com/b_0201/224038059722,최근 네이버 이용 후기·플레이스 메뉴,B-: 2025-10-12 구체적 후기,2026-08-15
음식점,GTS버거 문래점,영등포구,서울특별시 영등포구문래로151(문래동3가),,37.5188006,126.8987894,"서비스 이용료의 10% 할인 *최소주문금액 : 12,000원 **다른 할인과 중복 적용 불가",070-7776-4216,2026-08-15,"동원훈련 이수자, 모범예비군, 복무중인사람, 병역명문가","동원훈련이수,모범예비군,명문가증,복무확인서",2024-12-12,,없음,우대기간: 무기한,https://www.mma.go.kr/about/udgg/list.do?mc=mma0003357,병무청 공식 나라사랑가게 실시간 DB,A: 병무청 공식 실시간 DB,2026-08-15
음식점,다함압구정김밥,영등포구,서울특별시 영등포구여의대방로197(신길동),,37.5046367,126.9218606,서비스 이용료의 10% 할인,02-831-7185,2026-08-15,"당해연도 동원훈련 이수자, 모범 예비군, 복무중인 사람(현역병, 사회복무요원, 전문​∙산업기능요원)","동원훈련 이수증, 모범 예비군증, 복무 확인서",2023-11-10,2026-11-10,없음,"1년 (기간내 변경,해제 신청 없을 시 자동 재연장)",https://www.mma.go.kr/about/udgg/list.do?mc=mma0003357,병무청 공식 나라사랑가게 실시간 DB,A: 병무청 공식 실시간 DB,2026-08-15
음식점,문경밥상,영등포구,서울특별시 영등포구여의대방로47라길31(신길동),,37.5065074,126.921855,서비스(식대)10% 할인,02-842-9436,2026-08-15,"당해연도 동원훈련 이수자, 모범 예비군",동원훈련 이수증 및 모범 예비군증,2023-11-13,2026-11-13,없음,"1년 (기간내 변경,해제 신청 없을 시 자동 재연장)",https://www.mma.go.kr/about/udgg/list.do?mc=mma0003357,병무청 공식 나라사랑가게 실시간 DB,A: 병무청 공식 실시간 DB,2026-08-15
음식점,미각식당,영등포구,"서울특별시 영등포구가마산로89길3(신길동, 1층)",,37.5047875,126.9214233,서비스 이용료의 10% 할인,02-822-5822,2026-08-15,"당해연도 동원훈련 이수자, 모범 예비군","동원훈련 이수증, 모범 예비군증",2023-11-10,2026-11-10,없음,"1년 (기간내 변경,해제 신청 없을 시 자동 재연장)",https://www.mma.go.kr/about/udgg/list.do?mc=mma0003357,병무청 공식 나라사랑가게 실시간 DB,A: 병무청 공식 실시간 DB,2026-08-15
카페,마우나커피,영등포구,"서울특별시 영등포구여의대방로43길11- 5(신길동, (1층))",,37.505796,126.9214464,서비스 이용료의 10% 할인,02-2135-8839,2026-08-15,"동원훈련 이수자, 모범예비군, 복무중인사람, 병역명문가","동원훈련이수,모범예비군,명문가증,복무확인서",2024-08-19,,없음,우대기간 : 무기한,https://www.mma.go.kr/about/udgg/list.do?mc=mma0003357,병무청 공식 나라사랑가게 실시간 DB,A: 병무청 공식 실시간 DB,2026-08-15
카페,브레드05,영등포구,서울특별시 영등포구여의대방로43나길4(신길동),,37.5066273,126.9216316,제품 5만원 이상 구입시 사은품 제공,02-783-0043,2026-08-15,"당해연도 동원훈련 이수자, 모범 예비군","동원훈련 이수증, 모범 예비군증",2023-09-27,,제한없음,우대기간: 무기한,https://www.mma.go.kr/about/udgg/list.do?mc=mma0003357,병무청 공식 나라사랑가게 실시간 DB,A: 병무청 공식 실시간 DB,2026-08-15
카페,요거프레소 대방점,영등포구,서울특별시 영등포구가마산로587(신길동),,37.5044676,126.921579,서비스 이용료의 5% 할인,02-832-8137,2026-08-15,"당해연도 동원훈련 이수자, 모범예비군, 복무중인사람(현역병, 사회복무요원, 전문​∙산업기능요원)","동원훈련 이수증, 모범 예비군증, 복무 확인서",2023-10-10,,없음,우대기간: 무기한,https://www.mma.go.kr/about/udgg/list.do?mc=mma0003357,병무청 공식 나라사랑가게 실시간 DB,A: 병무청 공식 실시간 DB,2026-08-15
카페,카페보니또 영등포1호점,영등포구,서울특별시 영등포구여의대방로203(신길동),,37.5053854,126.9220173,서비스 이용료 20% 할인,02-833-3773,2026-08-15,"당해연도 동원훈련 이수자, 모범예비군","동원훈련 이수증, 모범 예비군증",2023-09-26,2026-09-26,제한없음,3년 할인기간 후 재협의 필요,https://www.mma.go.kr/about/udgg/list.do?mc=mma0003357,병무청 공식 나라사랑가게 실시간 DB,A: 병무청 공식 실시간 DB,2026-08-15
카페,해군호텔 블랙앤브라운,영등포구,"서울특별시 영등포구가마산로538(신길동, 해군호텔 1층)",,37.5029131,126.9154817,서비스 이용료의 5% 할인,02-831-4700,2026-08-15,"당해연도 동원훈련 이수자, 모범예비군","동원훈련 이수증, 모범 예비군증",2023-11-01,2026-11-01,없음,"2년 (기간내 변경,해제 신청 없을 시 자동 재연장)",https://www.mma.go.kr/about/udgg/list.do?mc=mma0003357,병무청 공식 나라사랑가게 실시간 DB,A: 병무청 공식 실시간 DB,2026-08-15
숙박,나인트리 프리미어 로카우스 호텔 서울 용산,용산구,서울특별시 용산구 한강대로23길 25,,,,군인 할인 제공(할인율·예약 경로·대상 범위는 날짜별로 달라질 수 있어 호텔 문의),,2026-07-01,군인,군인 신분 확인자료(예약 전 문의),,,혜택 변경 가능성이 있어 방문·예약 직전 업소 확인,공식 홈페이지에서 할인율은 공개 확인되지 않아 요금·조건 공란 처리,https://www.tripadvisor.co.kr/Hotel_Review-g294197-d25296583-Reviews-Nine_Tree_Premier_ROKAUS_Hotel_Seoul_Yongsan-Seoul.html,최근 실투숙자 공개 후기,B-: 2026-07 실투숙 후기,2026-08-15
음식점,아노브 이태원,용산구,"서울특별시 용산구이태원로20가길7- 5(이태원동, (1층))",,37.5337213,126.9924236,서비스 이용료의 10% 할인,02-6052-6606,2026-08-15,"복무중인사람, 병역명문가","복무확인서, 병역명문가증",2025-06-05,,없음,우대기간: 무기한,https://www.mma.go.kr/about/udgg/list.do?mc=mma0003357,병무청 공식 나라사랑가게 실시간 DB,A: 병무청 공식 실시간 DB,2026-08-15
음식점,피그가든,용산구,서울특별시 용산구한강대로270(남영동),,37.5423973,126.9730344,서비스 이용료의 10% 할인,02-6941-1244,2026-08-15,"동원훈련 이수자, 모범예비군, 복무중인사람, 병역명문가","동원훈련이수,모범예비군,명문가증,복무확인서",2025-02-26,,없음,우대기간: 무기한,https://www.mma.go.kr/about/udgg/list.do?mc=mma0003357,병무청 공식 나라사랑가게 실시간 DB,A: 병무청 공식 실시간 DB,2026-08-15
미용,가위소리,은평구,"서울특별시 은평구진관3로21(진관동, (엘크루상가 126호))",,37.6394555,126.9191948,서비스 이용료의 20% 할인,02-352-9811,2026-08-15,"동원훈련 이수자, 모범예비군, 복무중인사람, 병역명문가","동원훈련이수,모범예비군,명문가증,복무확인서",2024-08-16,2026-08-16,없음,"1년 (기간내 변경,해제 신청 없을 시 자동 재연장)",https://www.mma.go.kr/about/udgg/list.do?mc=mma0003357,병무청 공식 나라사랑가게 실시간 DB,A: 병무청 공식 실시간 DB,2026-08-15
미용,디얼스 이마트은평점,은평구,"서울특별시 은평구은평로111(응암동, (이마트 8층 디얼스 미용실))",,37.6008422,126.9205287,"서비스 이용료의 30% 할인 *부분시술포함 할인적용, 2명이상 동시 시술시 10% 추가할인",0507-1397-1096,2026-08-15,복무중인사람,복무확인서,2024-09-11,2026-09-11,없음,"1년 (기간내 변경,해제 신청 없을 시 자동 재연장)",https://www.mma.go.kr/about/udgg/list.do?mc=mma0003357,병무청 공식 나라사랑가게 실시간 DB,A: 병무청 공식 실시간 DB,2026-08-15
미용,수헤어,은평구,"서울특별시 은평구가좌로12길15(신사동, (은평신사 두산위브 2차 상가))",,37.5988251,126.907551,서비스 이용료의 20% 할인,02-357-8254,2026-08-15,"동원훈련 이수자, 모범예비군, 복무중인사람, 병역명문가","동원훈련이수,모범예비군,명문가증,복무확인서",2024-09-09,,없음,우대기간: 무기한,https://www.mma.go.kr/about/udgg/list.do?mc=mma0003357,병무청 공식 나라사랑가게 실시간 DB,A: 병무청 공식 실시간 DB,2026-08-15
미용,어반제이슨헤어 연신내점,은평구,서울특별시 은평구통일로885(갈현동),,37.6220073,126.9195416,서비스 이용료의 20% 할인,02-308-3472,2026-08-15,"동원훈련 이수자, 모범예비군, 복무중인사람, 병역명문가","동원훈련이수,모범예비군,명문가증,복무확인서",2024-08-24,2026-08-24,없음,1년 할인기간 후 재협의 필요,https://www.mma.go.kr/about/udgg/list.do?mc=mma0003357,병무청 공식 나라사랑가게 실시간 DB,A: 병무청 공식 실시간 DB,2026-08-15
미용,엘룬헤어,은평구,"서울특별시 은평구연서로29길7(갈현동, (2층))",,37.6186804,126.9194113,서비스 이용료의 10% 할인,02-388-7279,2026-08-15,복무중인사람,복무확인서,2024-08-11,,없음,우대기간 : 무기한,https://www.mma.go.kr/about/udgg/list.do?mc=mma0003357,병무청 공식 나라사랑가게 실시간 DB,A: 병무청 공식 실시간 DB,2026-08-15
음식점,솔찬 장칼국수 구파발본점,은평구,"서울특별시 은평구북한산로2(진관동, (금호어울림10단지 1028동 1층상가 102호))",,37.6422426,126.9162208,서비스 이용료의 10% 할인,0507-1433-1403,2026-08-15,"동원훈련 이수자, 모범예비군, 복무중인사람, 병역명문가","동원훈련이수,모범예비군,명문가증,복무확인서",2024-09-19,,없음,우대기간: 무기한,https://www.mma.go.kr/about/udgg/list.do?mc=mma0003357,병무청 공식 나라사랑가게 실시간 DB,A: 병무청 공식 실시간 DB,2026-08-15
음식점,인생돈카츠 불광본점,은평구,"서울특별시 은평구통일로65길12- 10(대조동, (1층))",,37.6097509,126.9295974,서비스 이용료의 10% 할인,0507-1352-3920,2026-08-15,복무중인사람,복무확인서,2024-08-23,,없음,우대기간: 무기한,https://www.mma.go.kr/about/udgg/list.do?mc=mma0003357,병무청 공식 나라사랑가게 실시간 DB,A: 병무청 공식 실시간 DB,2026-08-15
음식점,명동케이갈비,중구,"서울특별시 중구명동3길52, 3층 (명동1가)",,37.56395925,126.9833538,"대상자 본인에게만 식사금액 10%할인 (주류는 할인 제외, 다른 할인 및 쿠폰과 중복 적용 불가능)",02-3789-1108,2026-08-15,복무중인 사람,현역병으로 복무하고 있다는 사실을 증빙할 자료,2026-07-18,2999-12-31,없음,,https://www.mma.go.kr/about/udgg/list.do?mc=mma0003357,병무청 공식 나라사랑가게 실시간 DB,A: 병무청 공식 실시간 DB,2026-08-15
음식점,횃불식당,가평군,"경기도 가평군가평읍용추로171번길16(가평읍승안리, 횃불식당)",,37.842706,127.4879474,서비스 이용료의 5% 할인,031-582-8933,2026-08-15,"예비군(당해연도 병무청 주관 동원훈련 이수자 및 병무청 모범 예비군 선발자),복무중인 사람,병역명문가","당해년도 동원훈련이수증, 복무확인서, 병역명문가",2024-08-14,2026-12-31,제한없음,,https://www.mma.go.kr/about/udgg/list.do?mc=mma0003357,병무청 공식 나라사랑가게 실시간 DB,A: 병무청 공식 실시간 DB,2026-08-15
카페,플로레카페,가평군,경기도 가평군청평면에덴벚꽃길39- 1(청평면상천리),,37.7404063,127.4241436,서비스 이용료의 10% 할인,0507-1350-6864,2026-08-15,"예비군(당해연도 병무청 주관 동원훈련 이수자 및 병무청 모범 예비군 선발자),복무중인 사람,병역명문가","당해년도 동원훈련이수증, 복무확인서, 병역명문가",2023-11-23,,제한없음,,https://www.mma.go.kr/about/udgg/list.do?mc=mma0003357,병무청 공식 나라사랑가게 실시간 DB,A: 병무청 공식 실시간 DB,2026-08-15
음식점,송화,고양시,경기도 고양시 덕양구수역이길25(성사동),,37.6638412,126.8503272,"서비스 이용료의 5% 할인 세부 증빙자료 : 당해연도 동원훈련이수증,모범예비군증,복무확인서,병역명문가증",0507-1466-8906,2026-08-15,"예비군(당해연도 병무청 주관 동원훈련 이수자 및 병무청 모범 예비군 선발자),복무중인 사람,병역명문가","당해연도 동원훈련이수증,모범예비군증,복무확인서",2025-09-19,,없음,,https://www.mma.go.kr/about/udgg/list.do?mc=mma0003357,병무청 공식 나라사랑가게 실시간 DB,A: 병무청 공식 실시간 DB,2026-08-15
카페,달려라행복이 달행이네 과일&음료,고양시,경기도 고양시 덕양구토당로104번길22- 191층 (토당동),,37.751116,127.0381594,서비스 이용료의 5% 할인,031-994-0418,2026-08-15,"예비군(당해연도 병무청 주관 동원훈련 이수자 및 병무청 모범 예비군 선발자),복무중인 사람,병역명문가","당해년도 동원훈련이수증, 복무확인서, 병역명문가",2024-08-14,2026-12-31,제한없음,,https://www.mma.go.kr/about/udgg/list.do?mc=mma0003357,병무청 공식 나라사랑가게 실시간 DB,A: 병무청 공식 실시간 DB,2026-08-15
미용,순헤어,과천시,"경기도 과천시별양로28B동1069호(원문동, 슈르상가)",,37.420876,126.992337,서비스 이용료의 5% 할인,010-9292-1825,2026-08-15,"동원훈련이수자,모범예비군,복무중인현역병,사회복무요원,전문산업기능요원,병역명문가","동원훈련이수증,모범예비군증,복무확인서 등",2024-08-05,,없음,,https://www.mma.go.kr/about/udgg/list.do?mc=mma0003357,병무청 공식 나라사랑가게 실시간 DB,A: 병무청 공식 실시간 DB,2026-08-15
미용,오신우헤어,과천시,경기도 과천시별양상가2로353동204호(별양동),,37.424857,126.992504,서비스 이용료의 5% 할인,02-504-5177,2026-08-15,"동원훈련이수자,모범예비군,복무중인현역병,사회복무요원,전문산업기능요원,병역명문가","동원훈련이수증,모범예비군증,복무확인서 등",2024-06-14,,없음,,https://www.mma.go.kr/about/udgg/list.do?mc=mma0003357,병무청 공식 나라사랑가게 실시간 DB,A: 병무청 공식 실시간 DB,2026-08-15
미용,자스 아일랜드,과천시,"경기도 과천시별양로28B동1089호1층 (원문동, 건물후면 GS편의점 옆)",,37.4211738,126.9912596,서비스 이용료의 10% 할인,02-504-7924,2026-08-15,"동원훈련이수자,모범예비군,복무중인현역병,사회복무요원,전문산업기능요원,병역명문가","동원훈련이수증,모범예비군증,복무확인서,명문가증",2024-09-19,,없음,,https://www.mma.go.kr/about/udgg/list.do?mc=mma0003357,병무청 공식 나라사랑가게 실시간 DB,A: 병무청 공식 실시간 DB,2026-08-15
음식점,만나떡볶이,과천시,경기도 과천시별양상가2로35118호1층 (별양동),,37.4254868,126.9918932,서비스 이용료의 10% 할인,02-3679-0118,2026-08-15,"동원훈련이수자,모범예비군,복무중인현역병,사회복무요원,전문산업기능요원,병역명문가","동원훈련이수증,모범예비군증,복무확인서 등",2024-08-12,,없음,,https://www.mma.go.kr/about/udgg/list.do?mc=mma0003357,병무청 공식 나라사랑가게 실시간 DB,A: 병무청 공식 실시간 DB,2026-08-15
음식점,메종카소,과천시,경기도 과천시관문로92A동216호(중앙동),,37.429605,126.991013,서비스 이용료의 10% 할인,0507-1364-4227,2026-08-15,"동원훈련이수자,모범예비군,복무중인현역병,사회복무요원,전문산업기능요원,병역명문가","동원훈련이수증,모범예비군증,복무확인서 등",2024-06-05,,없음,,https://www.mma.go.kr/about/udgg/list.do?mc=mma0003357,병무청 공식 나라사랑가게 실시간 DB,A: 병무청 공식 실시간 DB,2026-08-15
음식점,바른국수 둥이네,과천시,"경기도 과천시별양상가로714호지하1층 (별양동, 벽산빌딩)",,37.428068,126.992932,서비스 이용료의 5% 할인,02-3679-1253,2026-08-15,"동원훈련이수자,모범예비군,복무중인현역병,사회복무요원,전문산업기능요원,병역명문가","동원훈련이수증,모범예비군증,복무확인서 등",2024-06-12,,없음,,https://www.mma.go.kr/about/udgg/list.do?mc=mma0003357,병무청 공식 나라사랑가게 실시간 DB,A: 병무청 공식 실시간 DB,2026-08-15
카페,스톨커피,과천시,경기도 과천시뒷골2로1(과천동),,37.45292,127.001957,서비스 이용료의 10% 할인,010-2803-2638,2026-08-15,"동원훈련이수자,모범예비군,복무중인현역병,사회복무요원,전문산업기능요원,병역명문가","동원훈련이수증,모범예비군증,복무확인서 등",2024-06-11,,없음,,https://www.mma.go.kr/about/udgg/list.do?mc=mma0003357,병무청 공식 나라사랑가게 실시간 DB,A: 병무청 공식 실시간 DB,2026-08-15
카페,카페공간,과천시,"경기도 과천시과천대로7길20150호B층 (갈현동, 스마트케이)",,37.4141254,126.979178,서비스 이용료의 5% 할인,0507-0284-4457,2026-08-15,"동원훈련이수자,모범예비군,복무중인현역병,사회복무요원,전문산업기능요원,병역명문가","동원훈련이수증,모범예비군증,복무확인서 등",2024-09-19,,없음,,https://www.mma.go.kr/about/udgg/list.do?mc=mma0003357,병무청 공식 나라사랑가게 실시간 DB,A: 병무청 공식 실시간 DB,2026-08-15
음식점,구이대장쪽갈비 광명역점,광명시,"경기도 광명시오리로169(일직동, 1층 구이대장쪽갈비 광명역점)",,37.4183533,126.8793941,서비스 이용료의 10% 할인,0507-1465-7926,2026-08-15,"복무중인자,모범예비군,동원훈련이수자,명문가","명문가증,복무확인서,훈련이수증,모범예비군증",2025-04-02,,없음,,https://www.mma.go.kr/about/udgg/list.do?mc=mma0003357,병무청 공식 나라사랑가게 실시간 DB,A: 병무청 공식 실시간 DB,2026-08-15
음식점,만복국수(철산점),광명시,"경기도 광명시철산로30번길9(철산동, 프라자빌딩 2층)",,37.47560683,126.8701644,"3,000원 할인",02-2689-9998,2026-08-15,"예비군(당해년도,모범), 복무중인 사람, 병역명문가","동원훈련이수증,모범예비군증,복무확인서,명문가증",2024-07-31,9999-09-01,없음,,https://www.mma.go.kr/about/udgg/list.do?mc=mma0003357,병무청 공식 나라사랑가게 실시간 DB,A: 병무청 공식 실시간 DB,2026-08-15
숙박,게이트호텔,광탄면,파주시 광탄면 보광로 505,경기도 파주시 광탄면 영장리 42-4,37.753640167,126.910762251,10%할인,031-947-2888,2026-08-15,파주시 관내 주둔 군 장병 및 사회복무요원,군인 또는 사회복무요원 신분 확인자료(방문 전 업소 확인 권장),,,업소별 세부 조건 및 중복할인 여부는 방문 전 확인,파주시 실시간 현황에 등재; 2026-01-14 공공데이터 필드로 보강; 원 공공데이터 기준일 2026-01-14,https://www.paju.go.kr/user/soldier/BD_discountStoreList.do?q_ctgCd=1002,지자체 공식 실시간 목록,A: 파주시 공식 현황+공공데이터,2026-08-15
음식점,두둑한한판,광탄면,파주시 광탄면 보광로 646,경기도 파주시 광탄면 영장리 357-10,37.7641974792,126.9039621459,10%할인,031-949-7646,2026-08-15,파주시 관내 주둔 군 장병 및 사회복무요원,군인 또는 사회복무요원 신분 확인자료(방문 전 업소 확인 권장),,,업소별 세부 조건 및 중복할인 여부는 방문 전 확인,파주시 실시간 현황에 등재; 2026-01-14 공공데이터 필드로 보강; 원 공공데이터 기준일 2026-01-14,https://www.paju.go.kr/user/soldier/BD_discountStoreList.do?q_ctgCd=1001,지자체 공식 실시간 목록,A: 파주시 공식 현황+공공데이터,2026-08-15
음식점,레드브릿지,광탄면,파주시 광탄면 기산로 329,경기도 파주시 광탄면 기산리 449-1,37.7739193904,126.9282001396,10%할인,070-8880-5555,2026-08-15,파주시 관내 주둔 군 장병 및 사회복무요원,군인 또는 사회복무요원 신분 확인자료(방문 전 업소 확인 권장),,,업소별 세부 조건 및 중복할인 여부는 방문 전 확인,파주시 실시간 현황에 등재; 2026-01-14 공공데이터 필드로 보강; 원 공공데이터 기준일 2026-01-14,https://www.paju.go.kr/user/soldier/BD_discountStoreList.do?q_ctgCd=1001,지자체 공식 실시간 목록,A: 파주시 공식 현황+공공데이터,2026-08-15
음식점,숙성사돈 파주광탄점,광탄면,파주시 광탄면 큰여울길 8-1,경기도 파주시 광탄면 신산리 188-97,37.7787288253,126.8492861243,10%이상 서비스제공,070-7817-7818,2026-08-15,파주시 관내 주둔 군 장병 및 사회복무요원,군인 또는 사회복무요원 신분 확인자료(방문 전 업소 확인 권장),,,업소별 세부 조건 및 중복할인 여부는 방문 전 확인,파주시 실시간 현황에 등재; 2026-01-14 공공데이터 필드로 보강; 원 공공데이터 기준일 2026-01-14,https://www.paju.go.kr/user/soldier/BD_discountStoreList.do?q_ctgCd=1001,지자체 공식 실시간 목록,A: 파주시 공식 현황+공공데이터,2026-08-15
음식점,신나는 등갈비 엔 닭발,광탄면,파주시 광탄면 혜음로 1117-1 1층,경기도 파주시 광탄면 신산리 224-12,37.7812384645,126.8477507108,5%할인,031-943-3545,2026-08-15,파주시 관내 주둔 군 장병 및 사회복무요원,군인 또는 사회복무요원 신분 확인자료(방문 전 업소 확인 권장),,,업소별 세부 조건 및 중복할인 여부는 방문 전 확인,파주시 실시간 현황에 등재; 2026-01-14 공공데이터 필드로 보강; 원 공공데이터 기준일 2026-01-14,https://www.paju.go.kr/user/soldier/BD_discountStoreList.do?q_ctgCd=1001,지자체 공식 실시간 목록,A: 파주시 공식 현황+공공데이터,2026-08-15
음식점,엘리스오븐,광탄면,"파주시 광탄면 기산로 195 1,2층",경기도 파주시 광탄면 기산리 515-1,37.7753506896,126.9195940762,5%할인,031-942-1432,2026-08-15,파주시 관내 주둔 군 장병 및 사회복무요원,군인 또는 사회복무요원 신분 확인자료(방문 전 업소 확인 권장),,,업소별 세부 조건 및 중복할인 여부는 방문 전 확인,파주시 실시간 현황에 등재; 2026-01-14 공공데이터 필드로 보강; 원 공공데이터 기준일 2026-01-14,https://www.paju.go.kr/user/soldier/BD_discountStoreList.do?q_ctgCd=1001,지자체 공식 실시간 목록,A: 파주시 공식 현황+공공데이터,2026-08-15
음식점,장단콩두부전문점,광탄면,파주시 광탄면 큰여울길 35 1층 일부,경기도 파주시 광탄면 신산리 184-14,37.7798021795,126.848262315,10%할인,031-941-1989,2026-08-15,파주시 관내 주둔 군 장병 및 사회복무요원,군인 또는 사회복무요원 신분 확인자료(방문 전 업소 확인 권장),,,업소별 세부 조건 및 중복할인 여부는 방문 전 확인,파주시 실시간 현황에 등재; 2026-01-14 공공데이터 필드로 보강; 원 공공데이터 기준일 2026-01-14,https://www.paju.go.kr/user/soldier/BD_discountStoreList.do?q_ctgCd=1001,지자체 공식 실시간 목록,A: 파주시 공식 현황+공공데이터,2026-08-15
음식점,풍미진해장국 광탄직영점,광탄면,파주시 광탄면 부흥로 30 B동 1층 전체,경기도 파주시 광탄면 방축리 386-43,37.8078608372,126.852451443,음료수 제공,031-945-1211,2026-08-15,파주시 관내 주둔 군 장병 및 사회복무요원,군인 또는 사회복무요원 신분 확인자료(방문 전 업소 확인 권장),,,업소별 세부 조건 및 중복할인 여부는 방문 전 확인,파주시 실시간 현황에 등재; 2026-01-14 공공데이터 필드로 보강; 원 공공데이터 기준일 2026-01-14,https://www.paju.go.kr/user/soldier/BD_discountStoreList.do?q_ctgCd=1001,지자체 공식 실시간 목록,A: 파주시 공식 현황+공공데이터,2026-08-15
카페,조아의 하루,광탄면,파주시 광탄면 혜음로 1191 1~2층,,,,10% 이상 할인 또는 그에 상응하는 서비스(업소별 상세는 사전 확인),031-944-1191,2026-08-15,파주시 관내 주둔 군 장병 및 사회복무요원,군인 또는 사회복무요원 신분 확인자료(방문 전 업소 확인 권장),,,업소별 세부 조건 및 중복할인 여부는 방문 전 확인,파주시 실시간 공식 현황 신규/변경 행; 상세 할인은 공통 사업기준; 원 공공데이터 기준일 2026-08-15,https://www.paju.go.kr/user/soldier/BD_discountStoreList.do?q_ctgCd=1001,지자체 공식 실시간 목록,A-: 파주시 공식 현황(일부 필드 공란),2026-08-15
카페,카페바스,광탄면,파주시 광탄면 왕수물길 4 광천목욕탕 1층 일부,경기도 파주시 광탄면 신산리 376-13,37.7808339957,126.8469649879,20%할인,0507-1329-3073,2026-08-15,파주시 관내 주둔 군 장병 및 사회복무요원,군인 또는 사회복무요원 신분 확인자료(방문 전 업소 확인 권장),,,업소별 세부 조건 및 중복할인 여부는 방문 전 확인,파주시 실시간 현황에 등재; 2026-01-14 공공데이터 필드로 보강; 원 공공데이터 기준일 2026-01-14,https://www.paju.go.kr/user/soldier/BD_discountStoreList.do?q_ctgCd=1001,지자체 공식 실시간 목록,A: 파주시 공식 현황+공공데이터,2026-08-15
음식점,민바리매운탕,교하동,파주시 쌀뚜기길 44-42 (문발동),경기도 파주시 문발동 223-5,37.7230209609,126.6963873921,5%할인,031-949-8266,2026-08-15,파주시 관내 주둔 군 장병 및 사회복무요원,군인 또는 사회복무요원 신분 확인자료(방문 전 업소 확인 권장),,,업소별 세부 조건 및 중복할인 여부는 방문 전 확인,파주시 실시간 현황에 등재; 2026-01-14 공공데이터 필드로 보강; 원 공공데이터 기준일 2026-01-14,https://www.paju.go.kr/user/soldier/BD_discountStoreList.do?q_ctgCd=1001,지자체 공식 실시간 목록,A: 파주시 공식 현황+공공데이터,2026-08-15
음식점,여명양평해장국,교하동,파주시 지목로 65 (신촌동),경기도 파주시 신촌동 70-16,37.726571373,126.6990443559,10%할인,031-946-8001,2026-08-15,파주시 관내 주둔 군 장병 및 사회복무요원,군인 또는 사회복무요원 신분 확인자료(방문 전 업소 확인 권장),,,업소별 세부 조건 및 중복할인 여부는 방문 전 확인,파주시 실시간 현황에 등재; 2026-01-14 공공데이터 필드로 보강; 원 공공데이터 기준일 2026-01-14,https://www.paju.go.kr/user/soldier/BD_discountStoreList.do?q_ctgCd=1001,지자체 공식 실시간 목록,A: 파주시 공식 현황+공공데이터,2026-08-15
음식점,해울한정식,교하동,파주시 지목로 65 (신촌동),경기도 파주시 신촌동 70-16,37.726571373,126.6990443559,10%할인,031-949-9939,2026-08-15,파주시 관내 주둔 군 장병 및 사회복무요원,군인 또는 사회복무요원 신분 확인자료(방문 전 업소 확인 권장),,,업소별 세부 조건 및 중복할인 여부는 방문 전 확인,파주시 실시간 현황에 등재; 2026-01-14 공공데이터 필드로 보강; 원 공공데이터 기준일 2026-01-14,https://www.paju.go.kr/user/soldier/BD_discountStoreList.do?q_ctgCd=1001,지자체 공식 실시간 목록,A: 파주시 공식 현황+공공데이터,2026-08-15
카페,아레볼,교하동,파주시 소라지로 309-12 (송촌동),경기도 파주시 송촌동 647-1,37.7495378368,126.6886448517,10%할인,031-949-5678,2026-08-15,파주시 관내 주둔 군 장병 및 사회복무요원,군인 또는 사회복무요원 신분 확인자료(방문 전 업소 확인 권장),,,업소별 세부 조건 및 중복할인 여부는 방문 전 확인,파주시 실시간 현황에 등재; 2026-01-14 공공데이터 필드로 보강; 원 공공데이터 기준일 2026-01-14,https://www.paju.go.kr/user/soldier/BD_discountStoreList.do?q_ctgCd=1001,지자체 공식 실시간 목록,A: 파주시 공식 현황+공공데이터,2026-08-15
미용,준하헤어,군포시,경기도 군포시대야1로8102호(대야미동),,37.327061,126.918442,서비스 이용료의 20% 할인,0507-1365-7880,2026-08-15,"동원훈련이수자,모범예비군,복무중인현역병,사회복무요원,전문산업기능요원,병역명문가","동원훈련이수증,모범예비군증,복무확인서 등",2024-07-11,,없음,,https://www.mma.go.kr/about/udgg/list.do?mc=mma0003357,병무청 공식 나라사랑가게 실시간 DB,A: 병무청 공식 실시간 DB,2026-08-15
음식점,궁안골,군포시,"경기도 군포시수리산로191- 0(산본동, 해아름빌리지)",,37.365086,126.9209674,별도 우대(음료수 제공 서비스),031-398-4667,2026-08-15,"동원훈련이수자,모범예비군,복무중인현역병,사회복무요원,전문산업기능요원,병역명문가","동원훈련이수증,모범예비군증,복무확인서 등",2024-09-19,,없음,,https://www.mma.go.kr/about/udgg/list.do?mc=mma0003357,병무청 공식 나라사랑가게 실시간 DB,A: 병무청 공식 실시간 DB,2026-08-15
음식점,남궁가 족발,군포시,경기도 군포시대야1로22- 2(대야미동),,37.327487,126.917483,서비스 이용료의 5% 할인,031-422-2227,2026-08-15,"동원훈련이수자,모범예비군,복무중인현역병,사회복무요원,전문산업기능요원,병역명문가","동원훈련이수증,모범예비군증,복무확인서 등",2024-06-05,,없음,,https://www.mma.go.kr/about/udgg/list.do?mc=mma0003357,병무청 공식 나라사랑가게 실시간 DB,A: 병무청 공식 실시간 DB,2026-08-15
음식점,선한 게장,군포시,경기도 군포시산본로431번안길3- 7(산본동),,37.3672775,126.9262502,서비스 이용료의 5%할인,010-8988-8676,2026-08-15,"동원훈련이수자,모범예비군,복무중인현역병,사회복무요원,전문산업기능요원,병역명문가","동원훈련이수증,모범예비군증,복무확인서 등",2024-09-19,,없음,,https://www.mma.go.kr/about/udgg/list.do?mc=mma0003357,병무청 공식 나라사랑가게 실시간 DB,A: 병무청 공식 실시간 DB,2026-08-15
음식점,천하수산,군포시,경기도 군포시대야1로15- 3(대야미동),,37.326859,126.917748,"오만원 이상 결제시 멍게, 해삼 서비스 육만원 이상 결제시 멍게, 해삼 서비스 칠만원 이상 결제시 멍게, 해삼, 낙지 서비스",031-438-0304,2026-08-15,"동원훈련이수자,모범예비군,복무중인현역병,사회복무요원,전문산업기능요원,병역명문가","동원훈련이수증,모범예비군증,복무확인서 등",2024-06-05,,없음,,https://www.mma.go.kr/about/udgg/list.do?mc=mma0003357,병무청 공식 나라사랑가게 실시간 DB,A: 병무청 공식 실시간 DB,2026-08-15
카페,구름상상(산본점),군포시,경기도 군포시산본천로199- 5(산본동),,37.370768,126.939422,서비스 이용료의 5% 할인,010-5395-8477,2026-08-15,"동원훈련이수자,모범예비군,복무중인현역병,사회복무요원,전문산업기능요원,병역명문가","동원훈련이수증,모범예비군증,복무확인서 등",2024-06-05,,없음,,https://www.mma.go.kr/about/udgg/list.do?mc=mma0003357,병무청 공식 나라사랑가게 실시간 DB,A: 병무청 공식 실시간 DB,2026-08-15
카페,문이네 카페,군포시,"경기도 군포시수리산로203번안길40103,104호(산본동)",,37.3674275,126.926006,서비스 이용료의 5% 할인,0507-1423-2780,2026-08-15,"동원훈련이수자,모범예비군,복무중인현역병,사회복무요원,전문산업기능요원,병역명문가","동원훈련이수증,모범예비군증,복무확인서 등",2024-09-19,,없음,,https://www.mma.go.kr/about/udgg/list.do?mc=mma0003357,병무청 공식 나라사랑가게 실시간 DB,A: 병무청 공식 실시간 DB,2026-08-15
카페,야미커피,군포시,경기도 군포시대야1로6번길22- 2103호(대야미동),,37.327487,126.917483,서비스 이용료의 10% 할인,010-9348-3927,2026-08-15,"동원훈련이수자,모범예비군,복무중인현역병,사회복무요원,전문산업기능요원,병역명문가","동원훈련이수증,모범예비군증,복무확인서 등",2024-06-05,,없음,,https://www.mma.go.kr/about/udgg/list.do?mc=mma0003357,병무청 공식 나라사랑가게 실시간 DB,A: 병무청 공식 실시간 DB,2026-08-15
카페,카카오가든,군포시,경기도 군포시대야1로192층 (대야미동),,37.327147,126.917394,서비스 이용료의 10% 할인,0507-1398-9434,2026-08-15,"동원훈련이수자,모범예비군,복무중인현역병,사회복무요원,전문산업기능요원,병역명문가","동원훈련이수증,모범예비군증,복무확인서 등",2024-06-11,,없음,,https://www.mma.go.kr/about/udgg/list.do?mc=mma0003357,병무청 공식 나라사랑가게 실시간 DB,A: 병무청 공식 실시간 DB,2026-08-15
미용,금헤어,금촌1동,파주시 금정4길 16 (금촌동),경기도 파주시 금촌동 786-11,37.7566044283,126.7772154948,10%할인,031-944-5695,2026-08-15,파주시 관내 주둔 군 장병 및 사회복무요원,군인 또는 사회복무요원 신분 확인자료(방문 전 업소 확인 권장),,,업소별 세부 조건 및 중복할인 여부는 방문 전 확인,파주시 실시간 현황에 등재; 2026-01-14 공공데이터 필드로 보강; 원 공공데이터 기준일 2026-01-14,https://www.paju.go.kr/user/soldier/BD_discountStoreList.do?q_ctgCd=1004,지자체 공식 실시간 목록,A: 파주시 공식 현황+공공데이터,2026-08-15
미용,이브 헤어샵,금촌1동,파주시 금정14길 35 (아동동),경기도 파주시 아동동 334-4,37.7606061753,126.7765131641,20%할인,031-941-1235,2026-08-15,파주시 관내 주둔 군 장병 및 사회복무요원,군인 또는 사회복무요원 신분 확인자료(방문 전 업소 확인 권장),,,업소별 세부 조건 및 중복할인 여부는 방문 전 확인,파주시 실시간 현황에 등재; 2026-01-14 공공데이터 필드로 보강; 원 공공데이터 기준일 2026-01-14,https://www.paju.go.kr/user/soldier/BD_discountStoreList.do?q_ctgCd=1004,지자체 공식 실시간 목록,A: 파주시 공식 현황+공공데이터,2026-08-15
미용,이정호 모델헤어,금촌1동,파주시 중앙로 318-1 (금촌동),경기도 파주시 금촌동 44-21,37.7640668727,126.7748583907,10%이상 할인(컷트 17000원→15000원),031-948-9439,2026-08-15,파주시 관내 주둔 군 장병 및 사회복무요원,군인 또는 사회복무요원 신분 확인자료(방문 전 업소 확인 권장),,,업소별 세부 조건 및 중복할인 여부는 방문 전 확인,파주시 실시간 현황에 등재; 2026-01-14 공공데이터 필드로 보강; 원 공공데이터 기준일 2026-01-14,https://www.paju.go.kr/user/soldier/BD_discountStoreList.do?q_ctgCd=1004,지자체 공식 실시간 목록,A: 파주시 공식 현황+공공데이터,2026-08-15
미용,헤어그린,금촌1동,파주시 새꽃로 208 (아동동),경기도 파주시 아동동 356-2,37.7656719111,126.7756464988,10%할인,031-943-6825,2026-08-15,파주시 관내 주둔 군 장병 및 사회복무요원,군인 또는 사회복무요원 신분 확인자료(방문 전 업소 확인 권장),,,업소별 세부 조건 및 중복할인 여부는 방문 전 확인,파주시 실시간 현황에 등재; 2026-01-14 공공데이터 필드로 보강; 원 공공데이터 기준일 2026-01-14,https://www.paju.go.kr/user/soldier/BD_discountStoreList.do?q_ctgCd=1004,지자체 공식 실시간 목록,A: 파주시 공식 현황+공공데이터,2026-08-15
숙박,성심모텔,금촌1동,파주시 아동로 4-3 (금촌동),경기도 파주시 금촌동 51-37,37.7637740874,126.7754869904,10%할인,031-949-8644,2026-08-15,파주시 관내 주둔 군 장병 및 사회복무요원,군인 또는 사회복무요원 신분 확인자료(방문 전 업소 확인 권장),,,업소별 세부 조건 및 중복할인 여부는 방문 전 확인,파주시 실시간 현황에 등재; 2026-01-14 공공데이터 필드로 보강; 원 공공데이터 기준일 2026-01-14,https://www.paju.go.kr/user/soldier/BD_discountStoreList.do?q_ctgCd=1002,지자체 공식 실시간 목록,A: 파주시 공식 현황+공공데이터,2026-08-15
숙박,테마모텔,금촌1동,파주시 중앙로 272 (금촌동),경기도 파주시 금촌동 768-14,37.7603522554,126.777593734,10%할인,031-944-5986,2026-08-15,파주시 관내 주둔 군 장병 및 사회복무요원,군인 또는 사회복무요원 신분 확인자료(방문 전 업소 확인 권장),,,업소별 세부 조건 및 중복할인 여부는 방문 전 확인,파주시 실시간 현황에 등재; 2026-01-14 공공데이터 필드로 보강; 원 공공데이터 기준일 2026-01-14,https://www.paju.go.kr/user/soldier/BD_discountStoreList.do?q_ctgCd=1002,지자체 공식 실시간 목록,A: 파주시 공식 현황+공공데이터,2026-08-15
음식점,덕성원,금촌1동,파주시 명동길 43 (금촌동),경기도 파주시 금촌동 323-10,37.7631137387,126.7728840778,음료수 제공 또는 5%할인,031-941-2226,2026-08-15,파주시 관내 주둔 군 장병 및 사회복무요원,군인 또는 사회복무요원 신분 확인자료(방문 전 업소 확인 권장),,,업소별 세부 조건 및 중복할인 여부는 방문 전 확인,파주시 실시간 현황에 등재; 2026-01-14 공공데이터 필드로 보강; 원 공공데이터 기준일 2026-01-14,https://www.paju.go.kr/user/soldier/BD_discountStoreList.do?q_ctgCd=1001,지자체 공식 실시간 목록,A: 파주시 공식 현황+공공데이터,2026-08-15
음식점,미몽 파주금촌점,금촌1동,파주시 동산8길 39 (금촌동),경기도 파주시 금촌동 945-33,37.7579932672,126.7723132633,10%할인,031-937-8212,2026-08-15,파주시 관내 주둔 군 장병 및 사회복무요원,군인 또는 사회복무요원 신분 확인자료(방문 전 업소 확인 권장),,,업소별 세부 조건 및 중복할인 여부는 방문 전 확인,파주시 실시간 현황에 등재; 2026-01-14 공공데이터 필드로 보강; 원 공공데이터 기준일 2026-01-14,https://www.paju.go.kr/user/soldier/BD_discountStoreList.do?q_ctgCd=1001,지자체 공식 실시간 목록,A: 파주시 공식 현황+공공데이터,2026-08-15
음식점,바삭옛날통닭,금촌1동,파주시 새꽃로 25 (금촌동) 103호,,,,10% 이상 할인 또는 그에 상응하는 서비스(업소별 상세는 사전 확인),031-942-9949,2026-08-15,파주시 관내 주둔 군 장병 및 사회복무요원,군인 또는 사회복무요원 신분 확인자료(방문 전 업소 확인 권장),,,업소별 세부 조건 및 중복할인 여부는 방문 전 확인,파주시 실시간 공식 현황 신규/변경 행; 상세 할인은 공통 사업기준; 원 공공데이터 기준일 2026-08-15,https://www.paju.go.kr/user/soldier/BD_discountStoreList.do?q_ctgCd=1001,지자체 공식 실시간 목록,A-: 파주시 공식 현황(일부 필드 공란),2026-08-15
음식점,소담촌,금촌1동,파주시 후곡로 19 (금촌동) 3층 전부,경기도 파주시 금촌동 953-5,37.755745083,126.7739012362,음료수 제공,031-944-8698,2026-08-15,파주시 관내 주둔 군 장병 및 사회복무요원,군인 또는 사회복무요원 신분 확인자료(방문 전 업소 확인 권장),,,업소별 세부 조건 및 중복할인 여부는 방문 전 확인,파주시 실시간 현황에 등재; 2026-01-14 공공데이터 필드로 보강; 원 공공데이터 기준일 2026-01-14,https://www.paju.go.kr/user/soldier/BD_discountStoreList.do?q_ctgCd=1001,지자체 공식 실시간 목록,A: 파주시 공식 현황+공공데이터,2026-08-15
음식점,여명 양평해장국,금촌1동,파주시 번영로 36 (금촌동),경기도 파주시 금촌동 942-11,37.7578969172,126.7693290127,10%할인,031-946-8001,2026-08-15,파주시 관내 주둔 군 장병 및 사회복무요원,군인 또는 사회복무요원 신분 확인자료(방문 전 업소 확인 권장),,,업소별 세부 조건 및 중복할인 여부는 방문 전 확인,파주시 실시간 현황에 등재; 2026-01-14 공공데이터 필드로 보강; 원 공공데이터 기준일 2026-01-14,https://www.paju.go.kr/user/soldier/BD_discountStoreList.do?q_ctgCd=1001,지자체 공식 실시간 목록,A: 파주시 공식 현황+공공데이터,2026-08-15
음식점,왔다삼겹살,금촌1동,파주시 원앙길 26 (금촌동),경기도 파주시 금촌동 41-1,37.7650139221,126.7758279169,음료수 제공,031-944-9254,2026-08-15,파주시 관내 주둔 군 장병 및 사회복무요원,군인 또는 사회복무요원 신분 확인자료(방문 전 업소 확인 권장),,,업소별 세부 조건 및 중복할인 여부는 방문 전 확인,파주시 실시간 현황에 등재; 2026-01-14 공공데이터 필드로 보강; 원 공공데이터 기준일 2026-01-14,https://www.paju.go.kr/user/soldier/BD_discountStoreList.do?q_ctgCd=1001,지자체 공식 실시간 목록,A: 파주시 공식 현황+공공데이터,2026-08-15
음식점,이승옥 냉 돈돼지,금촌1동,파주시 평화로 8 (금촌동),경기도 파주시 금촌동 946-20,37.7587148024,126.7732232209,10%할인,,2026-08-15,파주시 관내 주둔 군 장병 및 사회복무요원,군인 또는 사회복무요원 신분 확인자료(방문 전 업소 확인 권장),,,업소별 세부 조건 및 중복할인 여부는 방문 전 확인,파주시 실시간 현황에 등재; 2026-01-14 공공데이터 필드로 보강; 원 공공데이터 기준일 2026-01-14,https://www.paju.go.kr/user/soldier/BD_discountStoreList.do?q_ctgCd=1001,지자체 공식 실시간 목록,A: 파주시 공식 현황+공공데이터,2026-08-15
음식점,중국성,금촌1동,파주시 아동로 13 (금촌동),경기도 파주시 금촌동 42-1,37.7647723105,126.7762213262,1000원 할인,031-946-7983,2026-08-15,파주시 관내 주둔 군 장병 및 사회복무요원,군인 또는 사회복무요원 신분 확인자료(방문 전 업소 확인 권장),,,업소별 세부 조건 및 중복할인 여부는 방문 전 확인,파주시 실시간 현황에 등재; 2026-01-14 공공데이터 필드로 보강; 원 공공데이터 기준일 2026-01-14,https://www.paju.go.kr/user/soldier/BD_discountStoreList.do?q_ctgCd=1001,지자체 공식 실시간 목록,A: 파주시 공식 현황+공공데이터,2026-08-15
카페,커피에반하다(금촌역점),금촌1동,파주시 새꽃로 200 (금촌동) 1층,경기도 파주시 금촌동 329-223,37.7653013325,126.7747898445,마카롱 제공,031-945-4145,2026-08-15,파주시 관내 주둔 군 장병 및 사회복무요원,군인 또는 사회복무요원 신분 확인자료(방문 전 업소 확인 권장),,,업소별 세부 조건 및 중복할인 여부는 방문 전 확인,파주시 실시간 현황에 등재; 2026-01-14 공공데이터 필드로 보강; 원 공공데이터 기준일 2026-01-14,https://www.paju.go.kr/user/soldier/BD_discountStoreList.do?q_ctgCd=1001,지자체 공식 실시간 목록,A: 파주시 공식 현황+공공데이터,2026-08-15
음식점,미술관속 족발집,금촌2동,파주시 한마음1길 43 (금촌동) 2층,경기도 파주시 금촌동 960-7,37.7573146752,126.7706943956,10%할인,031-949-2345,2026-08-15,파주시 관내 주둔 군 장병 및 사회복무요원,군인 또는 사회복무요원 신분 확인자료(방문 전 업소 확인 권장),,,업소별 세부 조건 및 중복할인 여부는 방문 전 확인,파주시 실시간 현황에 등재; 2026-01-14 공공데이터 필드로 보강; 원 공공데이터 기준일 2026-01-14,https://www.paju.go.kr/user/soldier/BD_discountStoreList.do?q_ctgCd=1001,지자체 공식 실시간 목록,A: 파주시 공식 현황+공공데이터,2026-08-15
음식점,소스와 꼬꼬,금촌2동,파주시 한마음1길 40 (금촌동),경기도 파주시 금촌동 959-11,37.7572990842,126.771062913,5%할인,031-948-5527,2026-08-15,파주시 관내 주둔 군 장병 및 사회복무요원,군인 또는 사회복무요원 신분 확인자료(방문 전 업소 확인 권장),,,업소별 세부 조건 및 중복할인 여부는 방문 전 확인,파주시 실시간 현황에 등재; 2026-01-14 공공데이터 필드로 보강; 원 공공데이터 기준일 2026-01-14,https://www.paju.go.kr/user/soldier/BD_discountStoreList.do?q_ctgCd=1001,지자체 공식 실시간 목록,A: 파주시 공식 현황+공공데이터,2026-08-15
음식점,할머니가래떡볶이(금촌점),금촌2동,파주시 한마음1길 9 (금촌동) 광성프라자 105호,경기도 파주시 금촌동 246-23,37.7557078877,126.7705984734,음료수 제공,031-944-9920,2026-08-15,파주시 관내 주둔 군 장병 및 사회복무요원,군인 또는 사회복무요원 신분 확인자료(방문 전 업소 확인 권장),,,업소별 세부 조건 및 중복할인 여부는 방문 전 확인,파주시 실시간 현황에 등재; 2026-01-14 공공데이터 필드로 보강; 원 공공데이터 기준일 2026-01-14,https://www.paju.go.kr/user/soldier/BD_discountStoreList.do?q_ctgCd=1001,지자체 공식 실시간 목록,A: 파주시 공식 현황+공공데이터,2026-08-15
음식점,일품양평해장국 파주검산점,금촌3동,파주시 평화로 330 (검산동),경기도 파주시 검산동 135-11,37.7727583399,126.7458659391,10%할인,031-944-4866,2026-08-15,파주시 관내 주둔 군 장병 및 사회복무요원,군인 또는 사회복무요원 신분 확인자료(방문 전 업소 확인 권장),,,업소별 세부 조건 및 중복할인 여부는 방문 전 확인,파주시 실시간 현황에 등재; 2026-01-14 공공데이터 필드로 보강; 원 공공데이터 기준일 2026-01-14,https://www.paju.go.kr/user/soldier/BD_discountStoreList.do?q_ctgCd=1001,지자체 공식 실시간 목록,A: 파주시 공식 현황+공공데이터,2026-08-15
음식점,파주새말육심,금촌3동,파주시 정담길 41 (아동동) 1층,,,,10% 이상 할인 또는 그에 상응하는 서비스(업소별 상세는 사전 확인),031-946-8895,2026-08-15,파주시 관내 주둔 군 장병 및 사회복무요원,군인 또는 사회복무요원 신분 확인자료(방문 전 업소 확인 권장),,,업소별 세부 조건 및 중복할인 여부는 방문 전 확인,파주시 실시간 공식 현황 신규/변경 행; 상세 할인은 공통 사업기준; 원 공공데이터 기준일 2026-08-15,https://www.paju.go.kr/user/soldier/BD_discountStoreList.do?q_ctgCd=1001,지자체 공식 실시간 목록,A-: 파주시 공식 현황(일부 필드 공란),2026-08-15
미용,수민헤어,김포시,"경기도 김포시통진읍조강로98(통진읍서암리, 1층)",,37.6929395,126.5959984,"서비스 이용료의 약30%할인 기타우대사항: 남자컷15,000원->10,000원, 일반남자컷보다 5,000원할인",031-983-2510,2026-08-15,"예비군(당해년도,모범), 복무중인 사람, 병역명문가","동원훈련이수증,모범예비군증,복무확인서,명문가증",2024-09-26,,없음,,https://www.mma.go.kr/about/udgg/list.do?mc=mma0003357,병무청 공식 나라사랑가게 실시간 DB,A: 병무청 공식 실시간 DB,2026-08-15
미용,개성연출,동두천시,"경기도 동두천시 정장로31-12, 1층(생연동)",,,,"커트 2,000원",031-863-4570,2026-08-13,군 장병,군인 신분 확인자료(방문 전 문의),,,업소별 할인율·적용 품목·중복 할인 여부는 방문 전 문의,사용자 제공 확장 파일 중 동두천시 공식 출처 행을 정규화,https://www.ddc.go.kr/ddc/contents.do?key=1570,지자체 공식 목록,A: 동두천시 공식 목록,2026-08-15
미용,고미나 헤어모드,동두천시,경기도 동두천시 동광로75-1(생연동),,,,"커트 2,000원",031-862-4203,2026-08-13,군 장병,군인 신분 확인자료(방문 전 문의),,,업소별 할인율·적용 품목·중복 할인 여부는 방문 전 문의,사용자 제공 확장 파일 중 동두천시 공식 출처 행을 정규화,https://www.ddc.go.kr/ddc/contents.do?key=1570,지자체 공식 목록,A: 동두천시 공식 목록,2026-08-15
미용,김희정헤어샵,동두천시,"경기도 동두천시 지행로65, 2층(지행동)",,,,커트 10%,0507-1427-5681,2026-08-13,군 장병,군인 신분 확인자료(방문 전 문의),,,업소별 할인율·적용 품목·중복 할인 여부는 방문 전 문의,사용자 제공 확장 파일 중 동두천시 공식 출처 행을 정규화,https://www.ddc.go.kr/ddc/contents.do?key=1570,지자체 공식 목록,A: 동두천시 공식 목록,2026-08-15
미용,까미헤어,동두천시,경기도 동두천시 평화로2261번길 52(지행동),,,,"커트 5,000원",031-859-4600,2026-08-13,군 장병,군인 신분 확인자료(방문 전 문의),,,업소별 할인율·적용 품목·중복 할인 여부는 방문 전 문의,사용자 제공 확장 파일 중 동두천시 공식 출처 행을 정규화,https://www.ddc.go.kr/ddc/contents.do?key=1570,지자체 공식 목록,A: 동두천시 공식 목록,2026-08-15
미용,노블헤어,동두천시,"경기도 동두천시 거북마루로45, 상가동 202호(생연동)",,,,커트 20%,031-862-4321,2026-08-13,군 장병,군인 신분 확인자료(방문 전 문의),,,업소별 할인율·적용 품목·중복 할인 여부는 방문 전 문의,사용자 제공 확장 파일 중 동두천시 공식 출처 행을 정규화,https://www.ddc.go.kr/ddc/contents.do?key=1570,지자체 공식 목록,A: 동두천시 공식 목록,2026-08-15
미용,리안헤어 동두천지행역점,동두천시,"경기도 동두천시 지행로56, 205호(지행동)",,,,"커트 5,000원",0507-1404-8667,2026-08-13,군 장병,군인 신분 확인자료(방문 전 문의),,,업소별 할인율·적용 품목·중복 할인 여부는 방문 전 문의,사용자 제공 확장 파일 중 동두천시 공식 출처 행을 정규화,https://www.ddc.go.kr/ddc/contents.do?key=1570,지자체 공식 목록,A: 동두천시 공식 목록,2026-08-15
미용,마샹스헤어살롱,동두천시,"경기도 동두천시 중앙로134-20, 202호(지행동)",,,,"커트 3,000원",0507-1390-5021,2026-08-13,군 장병,군인 신분 확인자료(방문 전 문의),,,업소별 할인율·적용 품목·중복 할인 여부는 방문 전 문의,사용자 제공 확장 파일 중 동두천시 공식 출처 행을 정규화,https://www.ddc.go.kr/ddc/contents.do?key=1570,지자체 공식 목록,A: 동두천시 공식 목록,2026-08-15
미용,박미라 헤어스토리,동두천시,경기도 동두천시 평화로2452-1(생연동),,,,"커트 2,000원",031-867-5116,2026-08-13,군 장병,군인 신분 확인자료(방문 전 문의),,,업소별 할인율·적용 품목·중복 할인 여부는 방문 전 문의,사용자 제공 확장 파일 중 동두천시 공식 출처 행을 정규화,https://www.ddc.go.kr/ddc/contents.do?key=1570,지자체 공식 목록,A: 동두천시 공식 목록,2026-08-15
미용,보배헤어샵,동두천시,경기도 동두천시 중앙로286번길 21-3(생연동),,,,"커트 1,000원",031-861-9858,2026-08-13,군 장병,군인 신분 확인자료(방문 전 문의),,,업소별 할인율·적용 품목·중복 할인 여부는 방문 전 문의,사용자 제공 확장 파일 중 동두천시 공식 출처 행을 정규화,https://www.ddc.go.kr/ddc/contents.do?key=1570,지자체 공식 목록,A: 동두천시 공식 목록,2026-08-15
미용,삐삐머리방,동두천시,경기도 동두천시 평화로2530번길 35(보산동),,,,"커트 2,000원",031-865-6039,2026-08-13,군 장병,군인 신분 확인자료(방문 전 문의),,,업소별 할인율·적용 품목·중복 할인 여부는 방문 전 문의,사용자 제공 확장 파일 중 동두천시 공식 출처 행을 정규화,https://www.ddc.go.kr/ddc/contents.do?key=1570,지자체 공식 목록,A: 동두천시 공식 목록,2026-08-15
미용,샤론의꽃 미용아카데미,동두천시,경기도 동두천시 중앙로7번길 15(송내동),,,,커트 20%,031-821-4438,2026-08-13,군 장병,군인 신분 확인자료(방문 전 문의),,,업소별 할인율·적용 품목·중복 할인 여부는 방문 전 문의,사용자 제공 확장 파일 중 동두천시 공식 출처 행을 정규화,https://www.ddc.go.kr/ddc/contents.do?key=1570,지자체 공식 목록,A: 동두천시 공식 목록,2026-08-15
미용,세아떼바버샵,동두천시,"경기도 동두천시 이담로89, 상가동 106호(지행동)",,,,"카드 5%, 현금 10%",,2026-08-13,군 장병,군인 신분 확인자료(방문 전 문의),,,업소별 할인율·적용 품목·중복 할인 여부는 방문 전 문의,사용자 제공 확장 파일 중 동두천시 공식 출처 행을 정규화,https://www.ddc.go.kr/ddc/contents.do?key=1570,지자체 공식 목록,A: 동두천시 공식 목록,2026-08-15
미용,신성순 헤어아트,동두천시,"경기도 동두천시 중앙로278, 2층(생연동)",,,,"커트 3,000원",031-862-7652,2026-08-13,군 장병,군인 신분 확인자료(방문 전 문의),,,업소별 할인율·적용 품목·중복 할인 여부는 방문 전 문의,사용자 제공 확장 파일 중 동두천시 공식 출처 행을 정규화,https://www.ddc.go.kr/ddc/contents.do?key=1570,지자체 공식 목록,A: 동두천시 공식 목록,2026-08-15
미용,신지미헤어라인,동두천시,경기도 동두천시 광암로33번길 13-10(광암동),,,,"커트 1,000원",031-867-2951,2026-08-13,군 장병,군인 신분 확인자료(방문 전 문의),,,업소별 할인율·적용 품목·중복 할인 여부는 방문 전 문의,사용자 제공 확장 파일 중 동두천시 공식 출처 행을 정규화,https://www.ddc.go.kr/ddc/contents.do?key=1570,지자체 공식 목록,A: 동두천시 공식 목록,2026-08-15
미용,안다미로,동두천시,경기도 동두천시 지행로107번길 13(지행동),,,,"커트 4,000원",0507-1309-7605,2026-08-13,군 장병,군인 신분 확인자료(방문 전 문의),,,업소별 할인율·적용 품목·중복 할인 여부는 방문 전 문의,사용자 제공 확장 파일 중 동두천시 공식 출처 행을 정규화,https://www.ddc.go.kr/ddc/contents.do?key=1570,지자체 공식 목록,A: 동두천시 공식 목록,2026-08-15
미용,에이치H헤어,동두천시,"경기도 동두천시 중앙로134-26, 1층 105호(지행동)",,,,10%,031-858-8934,2026-08-13,군 장병,군인 신분 확인자료(방문 전 문의),,,업소별 할인율·적용 품목·중복 할인 여부는 방문 전 문의,사용자 제공 확장 파일 중 동두천시 공식 출처 행을 정규화,https://www.ddc.go.kr/ddc/contents.do?key=1570,지자체 공식 목록,A: 동두천시 공식 목록,2026-08-15
미용,이선희헤어샵,동두천시,"경기도 동두천시 삼육사로896, 1층(생연동)",,,,커트 20%,031-862-8359,2026-08-13,군 장병,군인 신분 확인자료(방문 전 문의),,,업소별 할인율·적용 품목·중복 할인 여부는 방문 전 문의,사용자 제공 확장 파일 중 동두천시 공식 출처 행을 정규화,https://www.ddc.go.kr/ddc/contents.do?key=1570,지자체 공식 목록,A: 동두천시 공식 목록,2026-08-15
미용,이지현미용실,동두천시,경기도 동두천시 중앙로295번길 26(생연동),,,,"커트 2,000원",0507-1417-3089,2026-08-13,군 장병,군인 신분 확인자료(방문 전 문의),,,업소별 할인율·적용 품목·중복 할인 여부는 방문 전 문의,사용자 제공 확장 파일 중 동두천시 공식 출처 행을 정규화,https://www.ddc.go.kr/ddc/contents.do?key=1570,지자체 공식 목록,A: 동두천시 공식 목록,2026-08-15
미용,인헤어,동두천시,"경기도 동두천시 삼육사로902, 2동 104호(생연동)",,,,"커트 2,000원",031-858-9785,2026-08-13,군 장병,군인 신분 확인자료(방문 전 문의),,,업소별 할인율·적용 품목·중복 할인 여부는 방문 전 문의,사용자 제공 확장 파일 중 동두천시 공식 출처 행을 정규화,https://www.ddc.go.kr/ddc/contents.do?key=1570,지자체 공식 목록,A: 동두천시 공식 목록,2026-08-15
미용,잔디이발관,동두천시,경기도 동두천시 중앙로369(보산동),,,,"커트 3,000원",,2026-08-13,군 장병,군인 신분 확인자료(방문 전 문의),,,업소별 할인율·적용 품목·중복 할인 여부는 방문 전 문의,사용자 제공 확장 파일 중 동두천시 공식 출처 행을 정규화,https://www.ddc.go.kr/ddc/contents.do?key=1570,지자체 공식 목록,A: 동두천시 공식 목록,2026-08-15
미용,쟝스헤어,동두천시,경기도 동두천시 평화로2915(상봉암동),,,,"커트 1,000원",031-865-7857,2026-08-13,군 장병,군인 신분 확인자료(방문 전 문의),,,업소별 할인율·적용 품목·중복 할인 여부는 방문 전 문의,사용자 제공 확장 파일 중 동두천시 공식 출처 행을 정규화,https://www.ddc.go.kr/ddc/contents.do?key=1570,지자체 공식 목록,A: 동두천시 공식 목록,2026-08-15
미용,정헤어샾,동두천시,경기도 동두천시 동광로83-1(생연동),,,,"커트 1,000원",,2026-08-13,군 장병,군인 신분 확인자료(방문 전 문의),,,업소별 할인율·적용 품목·중복 할인 여부는 방문 전 문의,사용자 제공 확장 파일 중 동두천시 공식 출처 행을 정규화,https://www.ddc.go.kr/ddc/contents.do?key=1570,지자체 공식 목록,A: 동두천시 공식 목록,2026-08-15
미용,제이제이 남성컷트전문,동두천시,경기도 동두천시 평화로2530번길 30(보산동),,,,"커트 2,000원",,2026-08-13,군 장병,군인 신분 확인자료(방문 전 문의),,,업소별 할인율·적용 품목·중복 할인 여부는 방문 전 문의,사용자 제공 확장 파일 중 동두천시 공식 출처 행을 정규화,https://www.ddc.go.kr/ddc/contents.do?key=1570,지자체 공식 목록,A: 동두천시 공식 목록,2026-08-15
미용,젠틀맨,동두천시,경기도 동두천시 중앙로362번길 8(생연동),,,,"커트 2,000원",,2026-08-13,군 장병,군인 신분 확인자료(방문 전 문의),,,업소별 할인율·적용 품목·중복 할인 여부는 방문 전 문의,사용자 제공 확장 파일 중 동두천시 공식 출처 행을 정규화,https://www.ddc.go.kr/ddc/contents.do?key=1570,지자체 공식 목록,A: 동두천시 공식 목록,2026-08-15
미용,차희에스 머리사랑,동두천시,경기도 동두천시 행선로98(생연동),,,,"커트 10,000원",031-863-6131,2026-08-13,군 장병,군인 신분 확인자료(방문 전 문의),,,업소별 할인율·적용 품목·중복 할인 여부는 방문 전 문의,사용자 제공 확장 파일 중 동두천시 공식 출처 행을 정규화,https://www.ddc.go.kr/ddc/contents.do?key=1570,지자체 공식 목록,A: 동두천시 공식 목록,2026-08-15
미용,최재실 원헤어,동두천시,"경기도 동두천시 평화로2397번길 17, 2층(생연동)",,,,"커트 5,000원",0507-1346-7739,2026-08-13,군 장병,군인 신분 확인자료(방문 전 문의),,,업소별 할인율·적용 품목·중복 할인 여부는 방문 전 문의,사용자 제공 확장 파일 중 동두천시 공식 출처 행을 정규화,https://www.ddc.go.kr/ddc/contents.do?key=1570,지자체 공식 목록,A: 동두천시 공식 목록,2026-08-15
미용,추은옥머리쟁이,동두천시,경기도 동두천시 행선로102(생연동),,,,20%,031-862-5955,2026-08-13,군 장병,군인 신분 확인자료(방문 전 문의),,,업소별 할인율·적용 품목·중복 할인 여부는 방문 전 문의,사용자 제공 확장 파일 중 동두천시 공식 출처 행을 정규화,https://www.ddc.go.kr/ddc/contents.do?key=1570,지자체 공식 목록,A: 동두천시 공식 목록,2026-08-15
미용,쿨헤어샵,동두천시,경기도 동두천시 중앙로311(생연동),,,,"커트 2,000원",,2026-08-13,군 장병,군인 신분 확인자료(방문 전 문의),,,업소별 할인율·적용 품목·중복 할인 여부는 방문 전 문의,사용자 제공 확장 파일 중 동두천시 공식 출처 행을 정규화,https://www.ddc.go.kr/ddc/contents.do?key=1570,지자체 공식 목록,A: 동두천시 공식 목록,2026-08-15
미용,하니머리나라,동두천시,경기도 동두천시 삼육사로1002번길 97(지행동),,,,"커트 1,000원",031-867-6674,2026-08-13,군 장병,군인 신분 확인자료(방문 전 문의),,,업소별 할인율·적용 품목·중복 할인 여부는 방문 전 문의,사용자 제공 확장 파일 중 동두천시 공식 출처 행을 정규화,https://www.ddc.go.kr/ddc/contents.do?key=1570,지자체 공식 목록,A: 동두천시 공식 목록,2026-08-15
미용,헤어고,동두천시,"경기도 동두천시 중앙로230-1, 1층(생연동)",,,,커트 20%,,2026-08-13,군 장병,군인 신분 확인자료(방문 전 문의),,,업소별 할인율·적용 품목·중복 할인 여부는 방문 전 문의,사용자 제공 확장 파일 중 동두천시 공식 출처 행을 정규화,https://www.ddc.go.kr/ddc/contents.do?key=1570,지자체 공식 목록,A: 동두천시 공식 목록,2026-08-15
미용,헤어바이 미정,동두천시,경기도 동두천시 중앙로265번길 8(생연동),,,,"커트 2,000원",031-858-5936,2026-08-13,군 장병,군인 신분 확인자료(방문 전 문의),,,업소별 할인율·적용 품목·중복 할인 여부는 방문 전 문의,사용자 제공 확장 파일 중 동두천시 공식 출처 행을 정규화,https://www.ddc.go.kr/ddc/contents.do?key=1570,지자체 공식 목록,A: 동두천시 공식 목록,2026-08-15
미용,헤어뱅크,동두천시,"경기도 동두천시 중앙로297, 1층 104호(생연동)",,,,"커트 2,000원",,2026-08-13,군 장병,군인 신분 확인자료(방문 전 문의),,,업소별 할인율·적용 품목·중복 할인 여부는 방문 전 문의,사용자 제공 확장 파일 중 동두천시 공식 출처 행을 정규화,https://www.ddc.go.kr/ddc/contents.do?key=1570,지자체 공식 목록,A: 동두천시 공식 목록,2026-08-15
미용,헤어카페,동두천시,"경기도 동두천시 행선로110번길 9, 상가동 102호(생연동)",,,,커트 10%,031-868-1535,2026-08-13,군 장병,군인 신분 확인자료(방문 전 문의),,,업소별 할인율·적용 품목·중복 할인 여부는 방문 전 문의,사용자 제공 확장 파일 중 동두천시 공식 출처 행을 정규화,https://www.ddc.go.kr/ddc/contents.do?key=1570,지자체 공식 목록,A: 동두천시 공식 목록,2026-08-15
숙박,그린파크모텔,동두천시,경기도 동두천시 어수로91-10(생연동),,,,10%,031-862-1497,2026-08-13,군 장병,군인 신분 확인자료(방문 전 문의),,,업소별 할인율·적용 품목·중복 할인 여부는 방문 전 문의,사용자 제공 확장 파일 중 동두천시 공식 출처 행을 정규화,https://www.ddc.go.kr/ddc/contents.do?key=1570,지자체 공식 목록,A: 동두천시 공식 목록,2026-08-15
숙박,제이(J)모텔,동두천시,경기도 동두천시 동두천로247-13(생연동),,,,10%,031-864-4235,2026-08-13,군 장병,군인 신분 확인자료(방문 전 문의),,,업소별 할인율·적용 품목·중복 할인 여부는 방문 전 문의,사용자 제공 확장 파일 중 동두천시 공식 출처 행을 정규화,https://www.ddc.go.kr/ddc/contents.do?key=1570,지자체 공식 목록,A: 동두천시 공식 목록,2026-08-15
음식점,강스시,동두천시,"경기도 동두천시 어수로83번길 38, 1층(생연동)",,,,"메뉴당 1,000원",031-865-8266,2026-08-13,군 장병,군인 신분 확인자료(방문 전 문의),,,업소별 할인율·적용 품목·중복 할인 여부는 방문 전 문의,사용자 제공 확장 파일 중 동두천시 공식 출처 행을 정규화,https://www.ddc.go.kr/ddc/contents.do?key=1570,지자체 공식 목록,A: 동두천시 공식 목록,2026-08-15
음식점,거북이삼겹살,동두천시,"경기도 동두천시 생연로175, 1층(생연동)",,,,5%,031-864-3229,2026-08-13,군 장병,군인 신분 확인자료(방문 전 문의),,,업소별 할인율·적용 품목·중복 할인 여부는 방문 전 문의,사용자 제공 확장 파일 중 동두천시 공식 출처 행을 정규화,https://www.ddc.go.kr/ddc/contents.do?key=1570,지자체 공식 목록,A: 동두천시 공식 목록,2026-08-15
음식점,고기싸롱,동두천시,경기도 동두천시 평화로2313번길 7-26(지행동),,,,5%,031-867-9233,2026-08-13,군 장병,군인 신분 확인자료(방문 전 문의),,,업소별 할인율·적용 품목·중복 할인 여부는 방문 전 문의,사용자 제공 확장 파일 중 동두천시 공식 출처 행을 정규화,https://www.ddc.go.kr/ddc/contents.do?key=1570,지자체 공식 목록,A: 동두천시 공식 목록,2026-08-15
음식점,고봉민김밥 지행역점,동두천시,"경기도 동두천시 중앙로126, 107호(지행동)",,,,10%,031-863-2340,2026-08-13,군 장병,군인 신분 확인자료(방문 전 문의),,,업소별 할인율·적용 품목·중복 할인 여부는 방문 전 문의,사용자 제공 확장 파일 중 동두천시 공식 출처 행을 정규화,https://www.ddc.go.kr/ddc/contents.do?key=1570,지자체 공식 목록,A: 동두천시 공식 목록,2026-08-15
음식점,그집순대국,동두천시,"경기도 동두천시 장고갯로157, 제1동(생연동)",,,,5%,031-863-2254,2026-08-13,군 장병,군인 신분 확인자료(방문 전 문의),,,업소별 할인율·적용 품목·중복 할인 여부는 방문 전 문의,사용자 제공 확장 파일 중 동두천시 공식 출처 행을 정규화,https://www.ddc.go.kr/ddc/contents.do?key=1570,지자체 공식 목록,A: 동두천시 공식 목록,2026-08-15
음식점,깐부치킨 동두천지행역점,동두천시,"경기도 동두천시 중앙로134-20, 1층(지행동)",,,,5% (포장·방문),031-858-9300,2026-08-13,군 장병,군인 신분 확인자료(방문 전 문의),,,업소별 할인율·적용 품목·중복 할인 여부는 방문 전 문의,사용자 제공 확장 파일 중 동두천시 공식 출처 행을 정규화,https://www.ddc.go.kr/ddc/contents.do?key=1570,지자체 공식 목록,A: 동두천시 공식 목록,2026-08-15
음식점,넓은공간,동두천시,경기도 동두천시 평화로2910번길 82(상봉암동),,,,5%,031-865-6787,2026-08-13,군 장병,군인 신분 확인자료(방문 전 문의),,,업소별 할인율·적용 품목·중복 할인 여부는 방문 전 문의,사용자 제공 확장 파일 중 동두천시 공식 출처 행을 정규화,https://www.ddc.go.kr/ddc/contents.do?key=1570,지자체 공식 목록,A: 동두천시 공식 목록,2026-08-15
음식점,다복식당,동두천시,경기도 동두천시 생연로177(생연동),,,,5%,031-866-1463,2026-08-13,군 장병,군인 신분 확인자료(방문 전 문의),,,업소별 할인율·적용 품목·중복 할인 여부는 방문 전 문의,사용자 제공 확장 파일 중 동두천시 공식 출처 행을 정규화,https://www.ddc.go.kr/ddc/contents.do?key=1570,지자체 공식 목록,A: 동두천시 공식 목록,2026-08-15
음식점,다원,동두천시,경기도 동두천시 어수로102번길 6(생연동),,,,10%,031-862-0841,2026-08-13,군 장병,군인 신분 확인자료(방문 전 문의),,,업소별 할인율·적용 품목·중복 할인 여부는 방문 전 문의,사용자 제공 확장 파일 중 동두천시 공식 출처 행을 정규화,https://www.ddc.go.kr/ddc/contents.do?key=1570,지자체 공식 목록,A: 동두천시 공식 목록,2026-08-15
음식점,대왕미가,동두천시,경기도 동두천시 삼육사로1009(생연동),,,,5%,031-865-5346,2026-08-13,군 장병,군인 신분 확인자료(방문 전 문의),,,업소별 할인율·적용 품목·중복 할인 여부는 방문 전 문의,사용자 제공 확장 파일 중 동두천시 공식 출처 행을 정규화,https://www.ddc.go.kr/ddc/contents.do?key=1570,지자체 공식 목록,A: 동두천시 공식 목록,2026-08-15
음식점,대호숯불갈비,동두천시,경기도 동두천시 중앙로265번길 19(생연동),,,,10%,031-868-0092,2026-08-13,군 장병,군인 신분 확인자료(방문 전 문의),,,업소별 할인율·적용 품목·중복 할인 여부는 방문 전 문의,사용자 제공 확장 파일 중 동두천시 공식 출처 행을 정규화,https://www.ddc.go.kr/ddc/contents.do?key=1570,지자체 공식 목록,A: 동두천시 공식 목록,2026-08-15
음식점,동태한그릇,동두천시,경기도 동두천시 생연로155(생연동),,,,10%,031-862-0066,2026-08-13,군 장병,군인 신분 확인자료(방문 전 문의),,,업소별 할인율·적용 품목·중복 할인 여부는 방문 전 문의,사용자 제공 확장 파일 중 동두천시 공식 출처 행을 정규화,https://www.ddc.go.kr/ddc/contents.do?key=1570,지자체 공식 목록,A: 동두천시 공식 목록,2026-08-15
음식점,소요산명품한우식당,동두천시,경기도 동두천시 평화로2910번길 1(상봉암동),,,,5% 및 음료 서비스,031-866-8820,2026-08-13,군 장병,군인 신분 확인자료(방문 전 문의),,,업소별 할인율·적용 품목·중복 할인 여부는 방문 전 문의,사용자 제공 확장 파일 중 동두천시 공식 출처 행을 정규화,https://www.ddc.go.kr/ddc/contents.do?key=1570,지자체 공식 목록,A: 동두천시 공식 목록,2026-08-15
음식점,슈퍼크리스피 동두천지행점,동두천시,"경기도 동두천시 중앙로132, 105호(지행동)",,,,10%,031-862-5509,2026-08-13,군 장병,군인 신분 확인자료(방문 전 문의),,,업소별 할인율·적용 품목·중복 할인 여부는 방문 전 문의,사용자 제공 확장 파일 중 동두천시 공식 출처 행을 정규화,https://www.ddc.go.kr/ddc/contents.do?key=1570,지자체 공식 목록,A: 동두천시 공식 목록,2026-08-15
음식점,쌍둥이족발,동두천시,"경기도 동두천시 생연로122, 1층(생연동)",,,,10% (포장·방문),031-863-4593,2026-08-13,군 장병,군인 신분 확인자료(방문 전 문의),,,업소별 할인율·적용 품목·중복 할인 여부는 방문 전 문의,사용자 제공 확장 파일 중 동두천시 공식 출처 행을 정규화,https://www.ddc.go.kr/ddc/contents.do?key=1570,지자체 공식 목록,A: 동두천시 공식 목록,2026-08-15
음식점,압구정 화로구이,동두천시,"경기도 동두천시 지행로52, 108~110호(지행동)",,,,5%,0507-1482-9993,2026-08-13,군 장병,군인 신분 확인자료(방문 전 문의),,,업소별 할인율·적용 품목·중복 할인 여부는 방문 전 문의,사용자 제공 확장 파일 중 동두천시 공식 출처 행을 정규화,https://www.ddc.go.kr/ddc/contents.do?key=1570,지자체 공식 목록,A: 동두천시 공식 목록,2026-08-15
음식점,어멍생고기,동두천시,"경기도 동두천시 동두천로119, 1층(지행동)",,,,음료·된장찌개 서비스,0507-1430-1253,2026-08-13,군 장병,군인 신분 확인자료(방문 전 문의),,,업소별 할인율·적용 품목·중복 할인 여부는 방문 전 문의,사용자 제공 확장 파일 중 동두천시 공식 출처 행을 정규화,https://www.ddc.go.kr/ddc/contents.do?key=1570,지자체 공식 목록,A: 동두천시 공식 목록,2026-08-15
음식점,요리하는경더기,동두천시,"경기도 동두천시 중앙로134-20, 3층(지행동)",,,,10%,0507-1335-5030,2026-08-13,군 장병,군인 신분 확인자료(방문 전 문의),,,업소별 할인율·적용 품목·중복 할인 여부는 방문 전 문의,사용자 제공 확장 파일 중 동두천시 공식 출처 행을 정규화,https://www.ddc.go.kr/ddc/contents.do?key=1570,지자체 공식 목록,A: 동두천시 공식 목록,2026-08-15
음식점,우막산순대국,동두천시,경기도 동두천시 평화로2261번길 22(지행동),,,,10%,031-928-5835,2026-08-13,군 장병,군인 신분 확인자료(방문 전 문의),,,업소별 할인율·적용 품목·중복 할인 여부는 방문 전 문의,사용자 제공 확장 파일 중 동두천시 공식 출처 행을 정규화,https://www.ddc.go.kr/ddc/contents.do?key=1570,지자체 공식 목록,A: 동두천시 공식 목록,2026-08-15
음식점,유경장작구이,동두천시,경기도 동두천시 평화로2910번길 10(상봉암동),,,,5%,031-865-5292,2026-08-13,군 장병,군인 신분 확인자료(방문 전 문의),,,업소별 할인율·적용 품목·중복 할인 여부는 방문 전 문의,사용자 제공 확장 파일 중 동두천시 공식 출처 행을 정규화,https://www.ddc.go.kr/ddc/contents.do?key=1570,지자체 공식 목록,A: 동두천시 공식 목록,2026-08-15
음식점,육꼬집,동두천시,"경기도 동두천시 중앙로110-9, 106~108호(지행동)",,,,5%,031-866-1236,2026-08-13,군 장병,군인 신분 확인자료(방문 전 문의),,,업소별 할인율·적용 품목·중복 할인 여부는 방문 전 문의,사용자 제공 확장 파일 중 동두천시 공식 출처 행을 정규화,https://www.ddc.go.kr/ddc/contents.do?key=1570,지자체 공식 목록,A: 동두천시 공식 목록,2026-08-15
음식점,으뜸코다리냉면,동두천시,"경기도 동두천시 생연로170-2, 1층(생연동)",,,,10%,031-868-0017,2026-08-13,군 장병,군인 신분 확인자료(방문 전 문의),,,업소별 할인율·적용 품목·중복 할인 여부는 방문 전 문의,사용자 제공 확장 파일 중 동두천시 공식 출처 행을 정규화,https://www.ddc.go.kr/ddc/contents.do?key=1570,지자체 공식 목록,A: 동두천시 공식 목록,2026-08-15
음식점,일미담,동두천시,"경기도 동두천시 동광로73, 1층(생연동)",,,,5%,031-866-4063,2026-08-13,군 장병,군인 신분 확인자료(방문 전 문의),,,업소별 할인율·적용 품목·중복 할인 여부는 방문 전 문의,사용자 제공 확장 파일 중 동두천시 공식 출처 행을 정규화,https://www.ddc.go.kr/ddc/contents.do?key=1570,지자체 공식 목록,A: 동두천시 공식 목록,2026-08-15
음식점,장단콩터,동두천시,"경기도 동두천시 생연로119-1, 1층(생연동)",,,,10%,031-857-7756,2026-08-13,군 장병,군인 신분 확인자료(방문 전 문의),,,업소별 할인율·적용 품목·중복 할인 여부는 방문 전 문의,사용자 제공 확장 파일 중 동두천시 공식 출처 행을 정규화,https://www.ddc.go.kr/ddc/contents.do?key=1570,지자체 공식 목록,A: 동두천시 공식 목록,2026-08-15
음식점,좋은날식당,동두천시,경기도 동두천시 중앙로265번길 23(생연동),,,,15%,031-862-2716,2026-08-13,군 장병,군인 신분 확인자료(방문 전 문의),,,업소별 할인율·적용 품목·중복 할인 여부는 방문 전 문의,사용자 제공 확장 파일 중 동두천시 공식 출처 행을 정규화,https://www.ddc.go.kr/ddc/contents.do?key=1570,지자체 공식 목록,A: 동두천시 공식 목록,2026-08-15
음식점,처가집(부대찌개),동두천시,경기도 동두천시 어수로91-3(생연동),,,,10%,031-862-6640,2026-08-13,군 장병,군인 신분 확인자료(방문 전 문의),,,업소별 할인율·적용 품목·중복 할인 여부는 방문 전 문의,사용자 제공 확장 파일 중 동두천시 공식 출처 행을 정규화,https://www.ddc.go.kr/ddc/contents.do?key=1570,지자체 공식 목록,A: 동두천시 공식 목록,2026-08-15
음식점,초코파이,동두천시,경기도 동두천시 큰시장로 42(생연동),,,,10%(포장·방문),031-861-7922,2026-08-13,군 장병,군인 신분 확인자료(방문 전 문의),,,업소별 할인율·적용 품목·중복 할인 여부는 방문 전 문의,사용자 제공 확장 파일 중 동두천시 공식 출처 행을 정규화,https://www.ddc.go.kr/ddc/contents.do?key=1570,지자체 공식 목록,A: 동두천시 공식 목록,2026-08-15
음식점,촌가,동두천시,"경기도 동두천시 중앙로273번길 30, 1층(생연동)",,,,10%,031-857-3369,2026-08-13,군 장병,군인 신분 확인자료(방문 전 문의),,,업소별 할인율·적용 품목·중복 할인 여부는 방문 전 문의,사용자 제공 확장 파일 중 동두천시 공식 출처 행을 정규화,https://www.ddc.go.kr/ddc/contents.do?key=1570,지자체 공식 목록,A: 동두천시 공식 목록,2026-08-15
음식점,통큰부대찌개,동두천시,경기도 동두천시 생연로39-60(지행동),,,,10%,031-868-4270,2026-08-13,군 장병,군인 신분 확인자료(방문 전 문의),,,업소별 할인율·적용 품목·중복 할인 여부는 방문 전 문의,사용자 제공 확장 파일 중 동두천시 공식 출처 행을 정규화,https://www.ddc.go.kr/ddc/contents.do?key=1570,지자체 공식 목록,A: 동두천시 공식 목록,2026-08-15
음식점,특허받은 마늘콩짜장,동두천시,경기도 동두천시 평화로 2351(생연동),,,,10%,031-858-3110,2026-08-13,군 장병,군인 신분 확인자료(방문 전 문의),,,업소별 할인율·적용 품목·중복 할인 여부는 방문 전 문의,사용자 제공 확장 파일 중 동두천시 공식 출처 행을 정규화,https://www.ddc.go.kr/ddc/contents.do?key=1570,지자체 공식 목록,A: 동두천시 공식 목록,2026-08-15
음식점,팔각도 동두천지행점,동두천시,"경기도 동두천시 중앙로116, 1층(지행동)",,,,10%,0507-1388-8121,2026-08-13,군 장병,군인 신분 확인자료(방문 전 문의),,,업소별 할인율·적용 품목·중복 할인 여부는 방문 전 문의,사용자 제공 확장 파일 중 동두천시 공식 출처 행을 정규화,https://www.ddc.go.kr/ddc/contents.do?key=1570,지자체 공식 목록,A: 동두천시 공식 목록,2026-08-15
음식점,페리카나역전점,동두천시,경기도 동두천시 생연로120(생연동),,,,10% (포장·방문),031-862-2973,2026-08-13,군 장병,군인 신분 확인자료(방문 전 문의),,,업소별 할인율·적용 품목·중복 할인 여부는 방문 전 문의,사용자 제공 확장 파일 중 동두천시 공식 출처 행을 정규화,https://www.ddc.go.kr/ddc/contents.do?key=1570,지자체 공식 목록,A: 동두천시 공식 목록,2026-08-15
음식점,페리카나 터미널점,동두천시,경기도 동두천시 중앙로265번길 15(생연동),,,,10% (포장·방문),031-862-7853,2026-08-13,군 장병,군인 신분 확인자료(방문 전 문의),,,업소별 할인율·적용 품목·중복 할인 여부는 방문 전 문의,사용자 제공 확장 파일 중 동두천시 공식 출처 행을 정규화,https://www.ddc.go.kr/ddc/contents.do?key=1570,지자체 공식 목록,A: 동두천시 공식 목록,2026-08-15
음식점,황주생고기,동두천시,경기도 동두천시 생연로142(생연동),,,,3%,031-865-2026,2026-08-13,군 장병,군인 신분 확인자료(방문 전 문의),,,업소별 할인율·적용 품목·중복 할인 여부는 방문 전 문의,사용자 제공 확장 파일 중 동두천시 공식 출처 행을 정규화,https://www.ddc.go.kr/ddc/contents.do?key=1570,지자체 공식 목록,A: 동두천시 공식 목록,2026-08-15
카페,롯데리아 동두천점,동두천시,경기도 동두천시 중앙로270(생연동),,,,10%,031-867-5057,2026-08-13,군 장병,군인 신분 확인자료(방문 전 문의),,,업소별 할인율·적용 품목·중복 할인 여부는 방문 전 문의,사용자 제공 확장 파일 중 동두천시 공식 출처 행을 정규화,https://www.ddc.go.kr/ddc/contents.do?key=1570,지자체 공식 목록,A: 동두천시 공식 목록,2026-08-15
카페,빨간풍차제과점,동두천시,경기도 동두천시 동광로78번길 4(생연동),,,,5%,031-868-3111,2026-08-13,군 장병,군인 신분 확인자료(방문 전 문의),,,업소별 할인율·적용 품목·중복 할인 여부는 방문 전 문의,사용자 제공 확장 파일 중 동두천시 공식 출처 행을 정규화,https://www.ddc.go.kr/ddc/contents.do?key=1570,지자체 공식 목록,A: 동두천시 공식 목록,2026-08-15
카페,뿌리깊은나무,동두천시,"경기도 동두천시 안흥로78, 3·4동(안흥동)",,,,10%,031-865-1500,2026-08-13,군 장병,군인 신분 확인자료(방문 전 문의),,,업소별 할인율·적용 품목·중복 할인 여부는 방문 전 문의,사용자 제공 확장 파일 중 동두천시 공식 출처 행을 정규화,https://www.ddc.go.kr/ddc/contents.do?key=1570,지자체 공식 목록,A: 동두천시 공식 목록,2026-08-15
카페,청년다방,동두천시,경기도 동두천시 평화로2261번길 9-6(지행동),,,,5%,031-866-5055,2026-08-13,군 장병,군인 신분 확인자료(방문 전 문의),,,업소별 할인율·적용 품목·중복 할인 여부는 방문 전 문의,사용자 제공 확장 파일 중 동두천시 공식 출처 행을 정규화,https://www.ddc.go.kr/ddc/contents.do?key=1570,지자체 공식 목록,A: 동두천시 공식 목록,2026-08-15
카페,커피&유,동두천시,"경기도 동두천시 정장로17번길 20, 1층(생연동)",,,,10%,031-868-3212,2026-08-13,군 장병,군인 신분 확인자료(방문 전 문의),,,업소별 할인율·적용 품목·중복 할인 여부는 방문 전 문의,사용자 제공 확장 파일 중 동두천시 공식 출처 행을 정규화,https://www.ddc.go.kr/ddc/contents.do?key=1570,지자체 공식 목록,A: 동두천시 공식 목록,2026-08-15
미용,나포리미용실,문산읍,파주시 문산읍 문향로56번길 19,경기도 파주시 문산읍 문산리 9-3,37.8575548597,126.7860838208,20%할인,031-952-3868,2026-08-15,파주시 관내 주둔 군 장병 및 사회복무요원,군인 또는 사회복무요원 신분 확인자료(방문 전 업소 확인 권장),,,업소별 세부 조건 및 중복할인 여부는 방문 전 확인,파주시 실시간 현황에 등재; 2026-01-14 공공데이터 필드로 보강; 원 공공데이터 기준일 2026-01-14,https://www.paju.go.kr/user/soldier/BD_discountStoreList.do?q_ctgCd=1004,지자체 공식 실시간 목록,A: 파주시 공식 현황+공공데이터,2026-08-15
미용,라헬헤어,문산읍,파주시 문산읍 문향로75번길 19-12 1층 일부,경기도 파주시 문산읍 문산리 73-29,37.8586564518,126.7844539498,15%할인,070-4006-0357,2026-08-15,파주시 관내 주둔 군 장병 및 사회복무요원,군인 또는 사회복무요원 신분 확인자료(방문 전 업소 확인 권장),,,업소별 세부 조건 및 중복할인 여부는 방문 전 확인,파주시 실시간 현황에 등재; 2026-01-14 공공데이터 필드로 보강; 원 공공데이터 기준일 2026-01-14,https://www.paju.go.kr/user/soldier/BD_discountStoreList.do?q_ctgCd=1004,지자체 공식 실시간 목록,A: 파주시 공식 현황+공공데이터,2026-08-15
미용,박준 뷰티랩,문산읍,파주시 문산읍 방촌로 1719,경기도 파주시 문산읍 당동리 899,37.8660760413,126.7843576738,10%할인,031-954-0454,2026-08-15,파주시 관내 주둔 군 장병 및 사회복무요원,군인 또는 사회복무요원 신분 확인자료(방문 전 업소 확인 권장),,,업소별 세부 조건 및 중복할인 여부는 방문 전 확인,파주시 실시간 현황에 등재; 2026-01-14 공공데이터 필드로 보강; 원 공공데이터 기준일 2026-01-14,https://www.paju.go.kr/user/soldier/BD_discountStoreList.do?q_ctgCd=1004,지자체 공식 실시간 목록,A: 파주시 공식 현황+공공데이터,2026-08-15
미용,샴푸의요정,문산읍,파주시 문산읍 문향로 60-1,경기도 파주시 문산읍 문산리 10-209,37.8572806596,126.7852198656,10%할인,031-953-6639,2026-08-15,파주시 관내 주둔 군 장병 및 사회복무요원,군인 또는 사회복무요원 신분 확인자료(방문 전 업소 확인 권장),,,업소별 세부 조건 및 중복할인 여부는 방문 전 확인,파주시 실시간 현황에 등재; 2026-01-14 공공데이터 필드로 보강; 원 공공데이터 기준일 2026-01-14,https://www.paju.go.kr/user/soldier/BD_discountStoreList.do?q_ctgCd=1004,지자체 공식 실시간 목록,A: 파주시 공식 현황+공공데이터,2026-08-15
미용,씨케이미용실(CK 헤어),문산읍,파주시 문산읍 당동2로 11-5,경기도 파주시 문산읍 당동리 889-2,37.8674416249,126.7845633759,20%할인,070-4240-1112,2026-08-15,파주시 관내 주둔 군 장병 및 사회복무요원,군인 또는 사회복무요원 신분 확인자료(방문 전 업소 확인 권장),,,업소별 세부 조건 및 중복할인 여부는 방문 전 확인,파주시 실시간 현황에 등재; 2026-01-14 공공데이터 필드로 보강; 원 공공데이터 기준일 2026-01-14,https://www.paju.go.kr/user/soldier/BD_discountStoreList.do?q_ctgCd=1004,지자체 공식 실시간 목록,A: 파주시 공식 현황+공공데이터,2026-08-15
미용,에이바헤어 문산당동점,문산읍,파주시 문산읍 방촌로 1719-62,경기도 파주시 문산읍 당동리 890,37.8672498942,126.7837230499,10%할인,031-954-0503,2026-08-15,파주시 관내 주둔 군 장병 및 사회복무요원,군인 또는 사회복무요원 신분 확인자료(방문 전 업소 확인 권장),,,업소별 세부 조건 및 중복할인 여부는 방문 전 확인,파주시 실시간 현황에 등재; 2026-01-14 공공데이터 필드로 보강; 원 공공데이터 기준일 2026-01-14,https://www.paju.go.kr/user/soldier/BD_discountStoreList.do?q_ctgCd=1004,지자체 공식 실시간 목록,A: 파주시 공식 현황+공공데이터,2026-08-15
미용,헤어갤러리,문산읍,파주시 문산읍 문산로26번길 2,경기도 파주시 문산읍 문산리 42-23,37.8572216994,126.7821096753,20%할인,031-954-3060,2026-08-15,파주시 관내 주둔 군 장병 및 사회복무요원,군인 또는 사회복무요원 신분 확인자료(방문 전 업소 확인 권장),,,업소별 세부 조건 및 중복할인 여부는 방문 전 확인,파주시 실시간 현황에 등재; 2026-01-14 공공데이터 필드로 보강; 원 공공데이터 기준일 2026-01-14,https://www.paju.go.kr/user/soldier/BD_discountStoreList.do?q_ctgCd=1004,지자체 공식 실시간 목록,A: 파주시 공식 현황+공공데이터,2026-08-15
숙박,M 모텔,문산읍,파주시 문산읍 문향로 87-1,경기도 파주시 문산읍 선유리 950-85,37.8594487596,126.7865381201,10%할인,031-953-3263,2026-08-15,파주시 관내 주둔 군 장병 및 사회복무요원,군인 또는 사회복무요원 신분 확인자료(방문 전 업소 확인 권장),,,업소별 세부 조건 및 중복할인 여부는 방문 전 확인,파주시 실시간 현황에 등재; 2026-01-14 공공데이터 필드로 보강; 원 공공데이터 기준일 2026-01-14,https://www.paju.go.kr/user/soldier/BD_discountStoreList.do?q_ctgCd=1002,지자체 공식 실시간 목록,A: 파주시 공식 현황+공공데이터,2026-08-15
숙박,로얄모텔,문산읍,파주시 문산읍 문향로49번길 20,경기도 파주시 문산읍 문산리 10-42,37.8565137708,126.7842832642,20%할인,031-953-6667,2026-08-15,파주시 관내 주둔 군 장병 및 사회복무요원,군인 또는 사회복무요원 신분 확인자료(방문 전 업소 확인 권장),,,업소별 세부 조건 및 중복할인 여부는 방문 전 확인,파주시 실시간 현황에 등재; 2026-01-14 공공데이터 필드로 보강; 원 공공데이터 기준일 2026-01-14,https://www.paju.go.kr/user/soldier/BD_discountStoreList.do?q_ctgCd=1002,지자체 공식 실시간 목록,A: 파주시 공식 현황+공공데이터,2026-08-15
숙박,모텔청화,문산읍,파주시 문산읍 문향로 69-15,경기도 파주시 문산읍 문산리 61-78,37.8584144109,126.7845765847,25%할인,031-952-2626,2026-08-15,파주시 관내 주둔 군 장병 및 사회복무요원,군인 또는 사회복무요원 신분 확인자료(방문 전 업소 확인 권장),,,업소별 세부 조건 및 중복할인 여부는 방문 전 확인,파주시 실시간 현황에 등재; 2026-01-14 공공데이터 필드로 보강; 원 공공데이터 기준일 2026-01-14,https://www.paju.go.kr/user/soldier/BD_discountStoreList.do?q_ctgCd=1002,지자체 공식 실시간 목록,A: 파주시 공식 현황+공공데이터,2026-08-15
음식점,59쌀피자,문산읍,파주시 문산읍 문향로68번길 8 1층,경기도 파주시 문산읍 문산리 61-40,37.8581891142,126.7847905323,음료수500ml 제공+주문 시 사이즈 업,031-952-5909,2026-08-15,파주시 관내 주둔 군 장병 및 사회복무요원,군인 또는 사회복무요원 신분 확인자료(방문 전 업소 확인 권장),,,업소별 세부 조건 및 중복할인 여부는 방문 전 확인,파주시 실시간 현황에 등재; 2026-01-14 공공데이터 필드로 보강; 원 공공데이터 기준일 2026-01-14,https://www.paju.go.kr/user/soldier/BD_discountStoreList.do?q_ctgCd=1001,지자체 공식 실시간 목록,A: 파주시 공식 현황+공공데이터,2026-08-15
음식점,갈비도둑,문산읍,파주시 문산읍 문향로39번길 8,경기도 파주시 문산읍 문산리 11-9,37.8556016496,126.7851706491,고기주문시 음료+공기밥+주류 서비스,031-952-9296,2026-08-15,파주시 관내 주둔 군 장병 및 사회복무요원,군인 또는 사회복무요원 신분 확인자료(방문 전 업소 확인 권장),,,업소별 세부 조건 및 중복할인 여부는 방문 전 확인,파주시 실시간 현황에 등재; 2026-01-14 공공데이터 필드로 보강; 원 공공데이터 기준일 2026-01-14,https://www.paju.go.kr/user/soldier/BD_discountStoreList.do?q_ctgCd=1001,지자체 공식 실시간 목록,A: 파주시 공식 현황+공공데이터,2026-08-15
음식점,누구나홀딱반한닭 문산당동점,문산읍,파주시 문산읍 당동2로 11-5,경기도 파주시 문산읍 당동리 889-2,37.8674416249,126.7845633759,5~10%할인,031-942-7617,2026-08-15,파주시 관내 주둔 군 장병 및 사회복무요원,군인 또는 사회복무요원 신분 확인자료(방문 전 업소 확인 권장),,,업소별 세부 조건 및 중복할인 여부는 방문 전 확인,파주시 실시간 현황에 등재; 2026-01-14 공공데이터 필드로 보강; 원 공공데이터 기준일 2026-01-14,https://www.paju.go.kr/user/soldier/BD_discountStoreList.do?q_ctgCd=1001,지자체 공식 실시간 목록,A: 파주시 공식 현황+공공데이터,2026-08-15
음식점,두근두근,문산읍,파주시 문산읍 당동2로 11-1,경기도 파주시 문산읍 당동리 888,37.8676550313,126.783859722,10%할인,031-953-3396,2026-08-15,파주시 관내 주둔 군 장병 및 사회복무요원,군인 또는 사회복무요원 신분 확인자료(방문 전 업소 확인 권장),,,업소별 세부 조건 및 중복할인 여부는 방문 전 확인,파주시 실시간 현황에 등재; 2026-01-14 공공데이터 필드로 보강; 원 공공데이터 기준일 2026-01-14,https://www.paju.go.kr/user/soldier/BD_discountStoreList.do?q_ctgCd=1001,지자체 공식 실시간 목록,A: 파주시 공식 현황+공공데이터,2026-08-15
음식점,또봉이통닭(문산점),문산읍,파주시 문산읍 봉미로 19,경기도 파주시 문산읍 선유리 907-2,37.8620658649,126.7859082771,음료수 제공,031-948-5511,2026-08-15,파주시 관내 주둔 군 장병 및 사회복무요원,군인 또는 사회복무요원 신분 확인자료(방문 전 업소 확인 권장),,,업소별 세부 조건 및 중복할인 여부는 방문 전 확인,파주시 실시간 현황에 등재; 2026-01-14 공공데이터 필드로 보강; 원 공공데이터 기준일 2026-01-14,https://www.paju.go.kr/user/soldier/BD_discountStoreList.do?q_ctgCd=1001,지자체 공식 실시간 목록,A: 파주시 공식 현황+공공데이터,2026-08-15
음식점,말랭이비빔국수,문산읍,파주시 문산읍 방촌로 1463,경기도 파주시 문산읍 내포리 553-4,37.8498020601,126.7647609346,음료수 제공,031-952-2898,2026-08-15,파주시 관내 주둔 군 장병 및 사회복무요원,군인 또는 사회복무요원 신분 확인자료(방문 전 업소 확인 권장),,,업소별 세부 조건 및 중복할인 여부는 방문 전 확인,파주시 실시간 현황에 등재; 2026-01-14 공공데이터 필드로 보강; 원 공공데이터 기준일 2026-01-14,https://www.paju.go.kr/user/soldier/BD_discountStoreList.do?q_ctgCd=1001,지자체 공식 실시간 목록,A: 파주시 공식 현황+공공데이터,2026-08-15
음식점,바른생고기정육점 소풍정육식당,문산읍,파주시 문산읍 문향로 12 1~2층,경기도 파주시 문산읍 문산리 17-522,37.8530792776,126.786617845,테이블당 5000원 할인+계란찜+찌개 제공,031-953-2140,2026-08-15,파주시 관내 주둔 군 장병 및 사회복무요원,군인 또는 사회복무요원 신분 확인자료(방문 전 업소 확인 권장),,,업소별 세부 조건 및 중복할인 여부는 방문 전 확인,파주시 실시간 현황에 등재; 2026-01-14 공공데이터 필드로 보강; 원 공공데이터 기준일 2026-01-14,https://www.paju.go.kr/user/soldier/BD_discountStoreList.do?q_ctgCd=1001,지자체 공식 실시간 목록,A: 파주시 공식 현황+공공데이터,2026-08-15
음식점,박여사미락감자탕,문산읍,파주시 문산읍 봉미로 9,경기도 파주시 문산읍 선유리 945-7,37.8613295022,126.7868424765,음료수제공(또는 라면사리+공기밥 제공),031-954-1210,2026-08-15,파주시 관내 주둔 군 장병 및 사회복무요원,군인 또는 사회복무요원 신분 확인자료(방문 전 업소 확인 권장),,,업소별 세부 조건 및 중복할인 여부는 방문 전 확인,파주시 실시간 현황에 등재; 2026-01-14 공공데이터 필드로 보강; 원 공공데이터 기준일 2026-01-14,https://www.paju.go.kr/user/soldier/BD_discountStoreList.do?q_ctgCd=1001,지자체 공식 실시간 목록,A: 파주시 공식 현황+공공데이터,2026-08-15
음식점,밥꼬 문산점,문산읍,파주시 문산읍 문향로67번길 15 1층,경기도 파주시 문산읍 문산리 61-28,37.8581190416,126.7843589255,소주 무제한,031-953-2088,2026-08-15,파주시 관내 주둔 군 장병 및 사회복무요원,군인 또는 사회복무요원 신분 확인자료(방문 전 업소 확인 권장),,,업소별 세부 조건 및 중복할인 여부는 방문 전 확인,파주시 실시간 현황에 등재; 2026-01-14 공공데이터 필드로 보강; 원 공공데이터 기준일 2026-01-14,https://www.paju.go.kr/user/soldier/BD_discountStoreList.do?q_ctgCd=1001,지자체 공식 실시간 목록,A: 파주시 공식 현황+공공데이터,2026-08-15
음식점,별하(BYULHA),문산읍,파주시 문산읍 방촌로 1744 (파주힐스테이트1차) 에이상가동 지하1층 104호,경기도 파주시 문산읍 당동리 935,37.8683550259,126.786254898,5%할인,,2026-08-15,파주시 관내 주둔 군 장병 및 사회복무요원,군인 또는 사회복무요원 신분 확인자료(방문 전 업소 확인 권장),,,업소별 세부 조건 및 중복할인 여부는 방문 전 확인,파주시 실시간 현황에 등재; 2026-01-14 공공데이터 필드로 보강; 원 공공데이터 기준일 2026-01-14,https://www.paju.go.kr/user/soldier/BD_discountStoreList.do?q_ctgCd=1001,지자체 공식 실시간 목록,A: 파주시 공식 현황+공공데이터,2026-08-15
음식점,북촌손만두 파주문산점,문산읍,파주시 문산읍 우계로 424 1층 110호,경기도 파주시 문산읍 선유리 611-1,37.8567343257,126.7974747549,20000원 이상 2000원 할인+20000원 이하 1000원 할인,031-953-5988,2026-08-15,파주시 관내 주둔 군 장병 및 사회복무요원,군인 또는 사회복무요원 신분 확인자료(방문 전 업소 확인 권장),,,업소별 세부 조건 및 중복할인 여부는 방문 전 확인,파주시 실시간 현황에 등재; 2026-01-14 공공데이터 필드로 보강; 원 공공데이터 기준일 2026-01-14,https://www.paju.go.kr/user/soldier/BD_discountStoreList.do?q_ctgCd=1001,지자체 공식 실시간 목록,A: 파주시 공식 현황+공공데이터,2026-08-15
음식점,삼겹살에 소주한잔,문산읍,파주시 문산읍 문향로84번길 2 2층,경기도 파주시 문산읍 문산리 17-45,37.8589161751,126.7865695422,1인분당 1000원 할인,031-953-0068,2026-08-15,파주시 관내 주둔 군 장병 및 사회복무요원,군인 또는 사회복무요원 신분 확인자료(방문 전 업소 확인 권장),,,업소별 세부 조건 및 중복할인 여부는 방문 전 확인,파주시 실시간 현황에 등재; 2026-01-14 공공데이터 필드로 보강; 원 공공데이터 기준일 2026-01-14,https://www.paju.go.kr/user/soldier/BD_discountStoreList.do?q_ctgCd=1001,지자체 공식 실시간 목록,A: 파주시 공식 현황+공공데이터,2026-08-15
음식점,삼산회관 파주문산점,문산읍,파주시 문산읍 문향로 71,경기도 파주시 문산읍 문산리 6-2,37.8583643974,126.7852118347,10% 할인,031-959-5609,2026-08-15,파주시 관내 주둔 군 장병 및 사회복무요원,군인 또는 사회복무요원 신분 확인자료(방문 전 업소 확인 권장),,,업소별 세부 조건 및 중복할인 여부는 방문 전 확인,파주시 실시간 현황에 등재; 2026-01-14 공공데이터 필드로 보강; 원 공공데이터 기준일 2026-01-14,https://www.paju.go.kr/user/soldier/BD_discountStoreList.do?q_ctgCd=1001,지자체 공식 실시간 목록,A: 파주시 공식 현황+공공데이터,2026-08-15
음식점,상원각,문산읍,파주시 문산읍 문향로 35,경기도 파주시 문산읍 문산리 15-5,37.8550642959,126.7856996773,5%할인,031-952-7303,2026-08-15,파주시 관내 주둔 군 장병 및 사회복무요원,군인 또는 사회복무요원 신분 확인자료(방문 전 업소 확인 권장),,,업소별 세부 조건 및 중복할인 여부는 방문 전 확인,파주시 실시간 현황에 등재; 2026-01-14 공공데이터 필드로 보강; 원 공공데이터 기준일 2026-01-14,https://www.paju.go.kr/user/soldier/BD_discountStoreList.do?q_ctgCd=1001,지자체 공식 실시간 목록,A: 파주시 공식 현황+공공데이터,2026-08-15
음식점,숯불에닭 문산점,문산읍,"파주시 문산읍 문산로40번길 41 상가 118호, 119호",경기도 파주시 문산읍 문산리 37-3,37.8555076252,126.7843517609,사이드 메뉴 서비스,031-953-3660,2026-08-15,파주시 관내 주둔 군 장병 및 사회복무요원,군인 또는 사회복무요원 신분 확인자료(방문 전 업소 확인 권장),,,업소별 세부 조건 및 중복할인 여부는 방문 전 확인,파주시 실시간 현황에 등재; 2026-01-14 공공데이터 필드로 보강; 원 공공데이터 기준일 2026-01-14,https://www.paju.go.kr/user/soldier/BD_discountStoreList.do?q_ctgCd=1001,지자체 공식 실시간 목록,A: 파주시 공식 현황+공공데이터,2026-08-15
음식점,쑝쑝돈까스 문산점,문산읍,파주시 문산읍 문향로67번길 10 1층,경기도 파주시 문산읍 문산리 61-65,37.8582369953,126.7846649406,공기밥 제공,031-953-0339,2026-08-15,파주시 관내 주둔 군 장병 및 사회복무요원,군인 또는 사회복무요원 신분 확인자료(방문 전 업소 확인 권장),,,업소별 세부 조건 및 중복할인 여부는 방문 전 확인,파주시 실시간 현황에 등재; 2026-01-14 공공데이터 필드로 보강; 원 공공데이터 기준일 2026-01-14,https://www.paju.go.kr/user/soldier/BD_discountStoreList.do?q_ctgCd=1001,지자체 공식 실시간 목록,A: 파주시 공식 현황+공공데이터,2026-08-15
음식점,아리비스트로,문산읍,파주시 문산읍 당동1로 53-5,경기도 파주시 문산읍 당동리 168,37.8635969435,126.77348781,10% 할인,0507-1390-5354,2026-08-15,파주시 관내 주둔 군 장병 및 사회복무요원,군인 또는 사회복무요원 신분 확인자료(방문 전 업소 확인 권장),,,업소별 세부 조건 및 중복할인 여부는 방문 전 확인,파주시 실시간 현황에 등재; 2026-01-14 공공데이터 필드로 보강; 원 공공데이터 기준일 2026-01-14,https://www.paju.go.kr/user/soldier/BD_discountStoreList.do?q_ctgCd=1001,지자체 공식 실시간 목록,A: 파주시 공식 현황+공공데이터,2026-08-15
음식점,아서원,문산읍,파주시 문산읍 문향로49번길 20,경기도 파주시 문산읍 문산리 10-206,37.8570685381,126.785297865,음료수+공기밥 제공,031-952-6635,2026-08-15,파주시 관내 주둔 군 장병 및 사회복무요원,군인 또는 사회복무요원 신분 확인자료(방문 전 업소 확인 권장),,,업소별 세부 조건 및 중복할인 여부는 방문 전 확인,파주시 실시간 현황에 등재; 2026-01-14 공공데이터 필드로 보강; 원 공공데이터 기준일 2026-01-14,https://www.paju.go.kr/user/soldier/BD_discountStoreList.do?q_ctgCd=1001,지자체 공식 실시간 목록,A: 파주시 공식 현황+공공데이터,2026-08-15
음식점,육해공떠오르는집,문산읍,파주시 문산읍 문향로84번길 7-1,경기도 파주시 문산읍 선유리 955-7,37.859245845,126.7868250682,10% 할인,031-954-9200,2026-08-15,파주시 관내 주둔 군 장병 및 사회복무요원,군인 또는 사회복무요원 신분 확인자료(방문 전 업소 확인 권장),,,업소별 세부 조건 및 중복할인 여부는 방문 전 확인,파주시 실시간 현황에 등재; 2026-01-14 공공데이터 필드로 보강; 원 공공데이터 기준일 2026-01-14,https://www.paju.go.kr/user/soldier/BD_discountStoreList.do?q_ctgCd=1001,지자체 공식 실시간 목록,A: 파주시 공식 현황+공공데이터,2026-08-15
음식점,임진강나루,문산읍,파주시 문산읍 반구정로 53-51,경기도 파주시 문산읍 사목리 183,37.8666618743,126.7532662351,10%할인,031-954-9898,2026-08-15,파주시 관내 주둔 군 장병 및 사회복무요원,군인 또는 사회복무요원 신분 확인자료(방문 전 업소 확인 권장),,,업소별 세부 조건 및 중복할인 여부는 방문 전 확인,파주시 실시간 현황에 등재; 2026-01-14 공공데이터 필드로 보강; 원 공공데이터 기준일 2026-01-14,https://www.paju.go.kr/user/soldier/BD_discountStoreList.do?q_ctgCd=1001,지자체 공식 실시간 목록,A: 파주시 공식 현황+공공데이터,2026-08-15
음식점,장단가든,문산읍,파주시 문산읍 임진나루길 133-12,경기도 파주시 문산읍 임진리 8-72,37.8861287125,126.7942377945,5%할인,031-954-1559,2026-08-15,파주시 관내 주둔 군 장병 및 사회복무요원,군인 또는 사회복무요원 신분 확인자료(방문 전 업소 확인 권장),,,업소별 세부 조건 및 중복할인 여부는 방문 전 확인,파주시 실시간 현황에 등재; 2026-01-14 공공데이터 필드로 보강; 원 공공데이터 기준일 2026-01-14,https://www.paju.go.kr/user/soldier/BD_discountStoreList.do?q_ctgCd=1001,지자체 공식 실시간 목록,A: 파주시 공식 현황+공공데이터,2026-08-15
음식점,장단콩전문점,문산읍,파주시 문산읍 문향로 59 1층 일부,경기도 파주시 문산읍 문산리 10-6,37.8570710824,126.7849641183,10%할인,031-953-1953,2026-08-15,파주시 관내 주둔 군 장병 및 사회복무요원,군인 또는 사회복무요원 신분 확인자료(방문 전 업소 확인 권장),,,업소별 세부 조건 및 중복할인 여부는 방문 전 확인,파주시 실시간 현황에 등재; 2026-01-14 공공데이터 필드로 보강; 원 공공데이터 기준일 2026-01-14,https://www.paju.go.kr/user/soldier/BD_discountStoreList.do?q_ctgCd=1001,지자체 공식 실시간 목록,A: 파주시 공식 현황+공공데이터,2026-08-15
음식점,(주)반구정나루터집,문산읍,파주시 문산읍 반구정로85번길 13,경기도 파주시 문산읍 사목리 208-2,37.8684147965,126.751784189,10%할인,031-952-3472,2026-08-15,파주시 관내 주둔 군 장병 및 사회복무요원,군인 또는 사회복무요원 신분 확인자료(방문 전 업소 확인 권장),,,업소별 세부 조건 및 중복할인 여부는 방문 전 확인,파주시 실시간 현황에 등재; 2026-01-14 공공데이터 필드로 보강; 원 공공데이터 기준일 2026-01-14,https://www.paju.go.kr/user/soldier/BD_discountStoreList.do?q_ctgCd=1001,지자체 공식 실시간 목록,A: 파주시 공식 현황+공공데이터,2026-08-15
음식점,천하곱창,문산읍,파주시 문산읍 문향로 81,경기도 파주시 문산읍 선유리 955-19,37.8590190233,126.7859517491,10%할인,031-952-8188,2026-08-15,파주시 관내 주둔 군 장병 및 사회복무요원,군인 또는 사회복무요원 신분 확인자료(방문 전 업소 확인 권장),,,업소별 세부 조건 및 중복할인 여부는 방문 전 확인,파주시 실시간 현황에 등재; 2026-01-14 공공데이터 필드로 보강; 원 공공데이터 기준일 2026-01-14,https://www.paju.go.kr/user/soldier/BD_discountStoreList.do?q_ctgCd=1001,지자체 공식 실시간 목록,A: 파주시 공식 현황+공공데이터,2026-08-15
음식점,한성회관,문산읍,파주시 문산읍 당동1로 44 1층,경기도 파주시 문산읍 당동리 175-5,37.8633090692,126.774227366,3인 이상시 소주 3000원,031-953-3392,2026-08-15,파주시 관내 주둔 군 장병 및 사회복무요원,군인 또는 사회복무요원 신분 확인자료(방문 전 업소 확인 권장),,,업소별 세부 조건 및 중복할인 여부는 방문 전 확인,파주시 실시간 현황에 등재; 2026-01-14 공공데이터 필드로 보강; 원 공공데이터 기준일 2026-01-14,https://www.paju.go.kr/user/soldier/BD_discountStoreList.do?q_ctgCd=1001,지자체 공식 실시간 목록,A: 파주시 공식 현황+공공데이터,2026-08-15
카페,커피베이스,문산읍,파주시 문산읍 독산로 48,경기도 파주시 문산읍 문산리 63-3,37.8581274952,126.7841539045,10%할인,031-954-0468,2026-08-15,파주시 관내 주둔 군 장병 및 사회복무요원,군인 또는 사회복무요원 신분 확인자료(방문 전 업소 확인 권장),,,업소별 세부 조건 및 중복할인 여부는 방문 전 확인,파주시 실시간 현황에 등재; 2026-01-14 공공데이터 필드로 보강; 원 공공데이터 기준일 2026-01-14,https://www.paju.go.kr/user/soldier/BD_discountStoreList.do?q_ctgCd=1001,지자체 공식 실시간 목록,A: 파주시 공식 현황+공공데이터,2026-08-15
카페,한반도카페 플라츠(platz)907,문산읍,파주시 문산읍 마정로 174 1층 일부,경기도 파주시 문산읍 마정리 907-8,37.8916228298,126.7551538108,커피류 10%할인,031-937-8218,2026-08-15,파주시 관내 주둔 군 장병 및 사회복무요원,군인 또는 사회복무요원 신분 확인자료(방문 전 업소 확인 권장),,,업소별 세부 조건 및 중복할인 여부는 방문 전 확인,파주시 실시간 현황에 등재; 2026-01-14 공공데이터 필드로 보강; 원 공공데이터 기준일 2026-01-14,https://www.paju.go.kr/user/soldier/BD_discountStoreList.do?q_ctgCd=1001,지자체 공식 실시간 목록,A: 파주시 공식 현황+공공데이터,2026-08-15
미용,느낌헤어,법원읍,파주시 법원읍 사임당로 851 1층,경기도 파주시 법원읍 대능리 81-31,37.8490141108,126.8754026881,10% 할인,031-958-9972,2026-08-15,파주시 관내 주둔 군 장병 및 사회복무요원,군인 또는 사회복무요원 신분 확인자료(방문 전 업소 확인 권장),,,업소별 세부 조건 및 중복할인 여부는 방문 전 확인,파주시 실시간 현황에 등재; 2026-01-14 공공데이터 필드로 보강; 원 공공데이터 기준일 2026-01-14,https://www.paju.go.kr/user/soldier/BD_discountStoreList.do?q_ctgCd=1004,지자체 공식 실시간 목록,A: 파주시 공식 현황+공공데이터,2026-08-15
미용,더벅머리,법원읍,파주시 법원읍 사임당로 864 1층,경기도 파주시 법원읍 법원리 435-17,37.8485433737,126.8766965869,10% 할인,,2026-08-15,파주시 관내 주둔 군 장병 및 사회복무요원,군인 또는 사회복무요원 신분 확인자료(방문 전 업소 확인 권장),,,업소별 세부 조건 및 중복할인 여부는 방문 전 확인,파주시 실시간 현황에 등재; 2026-01-14 공공데이터 필드로 보강; 원 공공데이터 기준일 2026-01-14,https://www.paju.go.kr/user/soldier/BD_discountStoreList.do?q_ctgCd=1004,지자체 공식 실시간 목록,A: 파주시 공식 현황+공공데이터,2026-08-15
미용,미미미용실,법원읍,파주시 법원읍 술이홀로 869 1층,경기도 파주시 법원읍 대능리 94-105,37.8490751263,126.8724766279,10% 할인,031-958-2393,2026-08-15,파주시 관내 주둔 군 장병 및 사회복무요원,군인 또는 사회복무요원 신분 확인자료(방문 전 업소 확인 권장),,,업소별 세부 조건 및 중복할인 여부는 방문 전 확인,파주시 실시간 현황에 등재; 2026-01-14 공공데이터 필드로 보강; 원 공공데이터 기준일 2026-01-14,https://www.paju.go.kr/user/soldier/BD_discountStoreList.do?q_ctgCd=1004,지자체 공식 실시간 목록,A: 파주시 공식 현황+공공데이터,2026-08-15
미용,백합미용실,법원읍,파주시 법원읍 사임당로 815 1층,경기도 파주시 법원읍 대능리 94-58,37.8497165696,126.8714504294,10% 할인,031-959-3722,2026-08-15,파주시 관내 주둔 군 장병 및 사회복무요원,군인 또는 사회복무요원 신분 확인자료(방문 전 업소 확인 권장),,,업소별 세부 조건 및 중복할인 여부는 방문 전 확인,파주시 실시간 현황에 등재; 2026-01-14 공공데이터 필드로 보강; 원 공공데이터 기준일 2026-01-14,https://www.paju.go.kr/user/soldier/BD_discountStoreList.do?q_ctgCd=1004,지자체 공식 실시간 목록,A: 파주시 공식 현황+공공데이터,2026-08-15
미용,솔리드헤어,법원읍,파주시 법원읍 사임당로 832-2 1층,경기도 파주시 법원읍 대능리 85-13,37.8490629493,126.8732982393,10% 할인,031-958-8294,2026-08-15,파주시 관내 주둔 군 장병 및 사회복무요원,군인 또는 사회복무요원 신분 확인자료(방문 전 업소 확인 권장),,,업소별 세부 조건 및 중복할인 여부는 방문 전 확인,파주시 실시간 현황에 등재; 2026-01-14 공공데이터 필드로 보강; 원 공공데이터 기준일 2026-01-14,https://www.paju.go.kr/user/soldier/BD_discountStoreList.do?q_ctgCd=1004,지자체 공식 실시간 목록,A: 파주시 공식 현황+공공데이터,2026-08-15
미용,신디헤어,법원읍,파주시 법원읍 사임당로 850-2 1층,경기도 파주시 법원읍 대능리 81-40,37.8487920122,126.8752194517,10% 할인,031-959-1414,2026-08-15,파주시 관내 주둔 군 장병 및 사회복무요원,군인 또는 사회복무요원 신분 확인자료(방문 전 업소 확인 권장),,,업소별 세부 조건 및 중복할인 여부는 방문 전 확인,파주시 실시간 현황에 등재; 2026-01-14 공공데이터 필드로 보강; 원 공공데이터 기준일 2026-01-14,https://www.paju.go.kr/user/soldier/BD_discountStoreList.do?q_ctgCd=1004,지자체 공식 실시간 목록,A: 파주시 공식 현황+공공데이터,2026-08-15
미용,엣지머리방,법원읍,파주시 법원읍 사임당로 836-1 1층,경기도 파주시 법원읍 대능리 85-4,37.8490169753,126.8736938309,10% 할인,031-959-9137,2026-08-15,파주시 관내 주둔 군 장병 및 사회복무요원,군인 또는 사회복무요원 신분 확인자료(방문 전 업소 확인 권장),,,업소별 세부 조건 및 중복할인 여부는 방문 전 확인,파주시 실시간 현황에 등재; 2026-01-14 공공데이터 필드로 보강; 원 공공데이터 기준일 2026-01-14,https://www.paju.go.kr/user/soldier/BD_discountStoreList.do?q_ctgCd=1004,지자체 공식 실시간 목록,A: 파주시 공식 현황+공공데이터,2026-08-15
미용,이혜숙헤어,법원읍,파주시 법원읍 사임당로 839 1층,경기도 파주시 법원읍 대능리 87-20,37.8492258322,126.8742983919,10% 할인,,2026-08-15,파주시 관내 주둔 군 장병 및 사회복무요원,군인 또는 사회복무요원 신분 확인자료(방문 전 업소 확인 권장),,,업소별 세부 조건 및 중복할인 여부는 방문 전 확인,파주시 실시간 현황에 등재; 2026-01-14 공공데이터 필드로 보강; 원 공공데이터 기준일 2026-01-14,https://www.paju.go.kr/user/soldier/BD_discountStoreList.do?q_ctgCd=1004,지자체 공식 실시간 목록,A: 파주시 공식 현황+공공데이터,2026-08-15
미용,자유미용실,법원읍,파주시 법원읍 사임당로 841-1 1층,경기도 파주시 법원읍 대능리 87-23,37.849245045,126.8744039131,10% 할인,031-958-5559,2026-08-15,파주시 관내 주둔 군 장병 및 사회복무요원,군인 또는 사회복무요원 신분 확인자료(방문 전 업소 확인 권장),,,업소별 세부 조건 및 중복할인 여부는 방문 전 확인,파주시 실시간 현황에 등재; 2026-01-14 공공데이터 필드로 보강; 원 공공데이터 기준일 2026-01-14,https://www.paju.go.kr/user/soldier/BD_discountStoreList.do?q_ctgCd=1004,지자체 공식 실시간 목록,A: 파주시 공식 현황+공공데이터,2026-08-15
미용,챠밍미용실,법원읍,파주시 법원읍 사임당로857번길 6-1 1층,경기도 파주시 법원읍 법원리 436-26,37.8491083901,126.8761235661,10% 할인,031-959-5341,2026-08-15,파주시 관내 주둔 군 장병 및 사회복무요원,군인 또는 사회복무요원 신분 확인자료(방문 전 업소 확인 권장),,,업소별 세부 조건 및 중복할인 여부는 방문 전 확인,파주시 실시간 현황에 등재; 2026-01-14 공공데이터 필드로 보강; 원 공공데이터 기준일 2026-01-14,https://www.paju.go.kr/user/soldier/BD_discountStoreList.do?q_ctgCd=1004,지자체 공식 실시간 목록,A: 파주시 공식 현황+공공데이터,2026-08-15
음식점,BBQ파주법원점,법원읍,파주시 법원읍 사임당로 821-2 1층,경기도 파주시 법원읍 대능리 94-170,37.8496257938,126.8722324161,10%이상 서비스제공,031-958-5515,2026-08-15,파주시 관내 주둔 군 장병 및 사회복무요원,군인 또는 사회복무요원 신분 확인자료(방문 전 업소 확인 권장),,,업소별 세부 조건 및 중복할인 여부는 방문 전 확인,파주시 실시간 현황에 등재; 2026-01-14 공공데이터 필드로 보강; 원 공공데이터 기준일 2026-01-14,https://www.paju.go.kr/user/soldier/BD_discountStoreList.do?q_ctgCd=1001,지자체 공식 실시간 목록,A: 파주시 공식 현황+공공데이터,2026-08-15
음식점,김밥나라,법원읍,파주시 법원읍 사임당로 839,경기도 파주시 법원읍 대능리 87-19,37.8492513016,126.8741882501,음료수 제공 또는 공기밥 무료,031-959-0526,2026-08-15,파주시 관내 주둔 군 장병 및 사회복무요원,군인 또는 사회복무요원 신분 확인자료(방문 전 업소 확인 권장),,,업소별 세부 조건 및 중복할인 여부는 방문 전 확인,파주시 실시간 현황에 등재; 2026-01-14 공공데이터 필드로 보강; 원 공공데이터 기준일 2026-01-14,https://www.paju.go.kr/user/soldier/BD_discountStoreList.do?q_ctgCd=1001,지자체 공식 실시간 목록,A: 파주시 공식 현황+공공데이터,2026-08-15
음식점,네네치킨,법원읍,파주시 법원읍 사임당로 791,경기도 파주시 법원읍 가야리 37-7,37.850200357,126.8688145743,음료수 또는 치즈볼 제공,031-959-1017,2026-08-15,파주시 관내 주둔 군 장병 및 사회복무요원,군인 또는 사회복무요원 신분 확인자료(방문 전 업소 확인 권장),,,업소별 세부 조건 및 중복할인 여부는 방문 전 확인,파주시 실시간 현황에 등재; 2026-01-14 공공데이터 필드로 보강; 원 공공데이터 기준일 2026-01-14,https://www.paju.go.kr/user/soldier/BD_discountStoreList.do?q_ctgCd=1001,지자체 공식 실시간 목록,A: 파주시 공식 현황+공공데이터,2026-08-15
음식점,능심,법원읍,파주시 법원읍 애룡길 168 1층,경기도 파주시 법원읍 삼방리 515-29,37.8274805089,126.8567835261,10% 할인,0507-1393-8253,2026-08-15,파주시 관내 주둔 군 장병 및 사회복무요원,군인 또는 사회복무요원 신분 확인자료(방문 전 업소 확인 권장),,,업소별 세부 조건 및 중복할인 여부는 방문 전 확인,파주시 실시간 현황에 등재; 2026-01-14 공공데이터 필드로 보강; 원 공공데이터 기준일 2026-01-14,https://www.paju.go.kr/user/soldier/BD_discountStoreList.do?q_ctgCd=1001,지자체 공식 실시간 목록,A: 파주시 공식 현황+공공데이터,2026-08-15
음식점,대가감자탕,법원읍,파주시 법원읍 술이홀로 873 1층,경기도 파주시 법원읍 대능리 94-72,37.8492666541,126.8726295727,음료수 제공,031-959-9285,2026-08-15,파주시 관내 주둔 군 장병 및 사회복무요원,군인 또는 사회복무요원 신분 확인자료(방문 전 업소 확인 권장),,,업소별 세부 조건 및 중복할인 여부는 방문 전 확인,파주시 실시간 현황에 등재; 2026-01-14 공공데이터 필드로 보강; 원 공공데이터 기준일 2026-01-14,https://www.paju.go.kr/user/soldier/BD_discountStoreList.do?q_ctgCd=1001,지자체 공식 실시간 목록,A: 파주시 공식 현황+공공데이터,2026-08-15
음식점,대덕가든,법원읍,파주시 법원읍 애룡길 175 1층,경기도 파주시 법원읍 삼방리 514-1,37.8277049608,126.8571742887,10% 할인,031-959-7788,2026-08-15,파주시 관내 주둔 군 장병 및 사회복무요원,군인 또는 사회복무요원 신분 확인자료(방문 전 업소 확인 권장),,,업소별 세부 조건 및 중복할인 여부는 방문 전 확인,파주시 실시간 현황에 등재; 2026-01-14 공공데이터 필드로 보강; 원 공공데이터 기준일 2026-01-14,https://www.paju.go.kr/user/soldier/BD_discountStoreList.do?q_ctgCd=1001,지자체 공식 실시간 목록,A: 파주시 공식 현황+공공데이터,2026-08-15
음식점,로얄치킨/곱창매니아,법원읍,파주시 법원읍 술이홀로 890-3,경기도 파주시 법원읍 대능리 89-16,37.8503863304,126.8741971156,음료수 제공 또는 10%할인,031-958-4214,2026-08-15,파주시 관내 주둔 군 장병 및 사회복무요원,군인 또는 사회복무요원 신분 확인자료(방문 전 업소 확인 권장),,,업소별 세부 조건 및 중복할인 여부는 방문 전 확인,파주시 실시간 현황에 등재; 2026-01-14 공공데이터 필드로 보강; 원 공공데이터 기준일 2026-01-14,https://www.paju.go.kr/user/soldier/BD_discountStoreList.do?q_ctgCd=1001,지자체 공식 실시간 목록,A: 파주시 공식 현황+공공데이터,2026-08-15
음식점,무진장순대국,법원읍,파주시 법원읍 사임당로 816,경기도 파주시 법원읍 대능리 94-46,37.8494749915,126.8714203983,음료수 제공,031-958-8446,2026-08-15,파주시 관내 주둔 군 장병 및 사회복무요원,군인 또는 사회복무요원 신분 확인자료(방문 전 업소 확인 권장),,,업소별 세부 조건 및 중복할인 여부는 방문 전 확인,파주시 실시간 현황에 등재; 2026-01-14 공공데이터 필드로 보강; 원 공공데이터 기준일 2026-01-14,https://www.paju.go.kr/user/soldier/BD_discountStoreList.do?q_ctgCd=1001,지자체 공식 실시간 목록,A: 파주시 공식 현황+공공데이터,2026-08-15
음식점,바다수퍼 해물천하 조개구이.찜,법원읍,파주시 법원읍 사임당로 820,경기도 파주시 법원읍 대능리 94-144,37.8493992807,126.8717225346,음료수 제공,031-958-5277,2026-08-15,파주시 관내 주둔 군 장병 및 사회복무요원,군인 또는 사회복무요원 신분 확인자료(방문 전 업소 확인 권장),,,업소별 세부 조건 및 중복할인 여부는 방문 전 확인,파주시 실시간 현황에 등재; 2026-01-14 공공데이터 필드로 보강; 원 공공데이터 기준일 2026-01-14,https://www.paju.go.kr/user/soldier/BD_discountStoreList.do?q_ctgCd=1001,지자체 공식 실시간 목록,A: 파주시 공식 현황+공공데이터,2026-08-15
음식점,버섯집 초리골,법원읍,파주시 법원읍 초리골길 12,경기도 파주시 법원읍 법원리 385-12,37.848588411,126.8859853894,공기밥 제공,031-958-6200,2026-08-15,파주시 관내 주둔 군 장병 및 사회복무요원,군인 또는 사회복무요원 신분 확인자료(방문 전 업소 확인 권장),,,업소별 세부 조건 및 중복할인 여부는 방문 전 확인,파주시 실시간 현황에 등재; 2026-01-14 공공데이터 필드로 보강; 원 공공데이터 기준일 2026-01-14,https://www.paju.go.kr/user/soldier/BD_discountStoreList.do?q_ctgCd=1001,지자체 공식 실시간 목록,A: 파주시 공식 현황+공공데이터,2026-08-15
음식점,솥뚜껑삼겹살,법원읍,파주시 법원읍 사임당로 814,,,,10% 이상 할인 또는 그에 상응하는 서비스(업소별 상세는 사전 확인),031-958-1971,2026-08-15,파주시 관내 주둔 군 장병 및 사회복무요원,군인 또는 사회복무요원 신분 확인자료(방문 전 업소 확인 권장),,,업소별 세부 조건 및 중복할인 여부는 방문 전 확인,파주시 실시간 공식 현황 신규/변경 행; 상세 할인은 공통 사업기준; 원 공공데이터 기준일 2026-08-15,https://www.paju.go.kr/user/soldier/BD_discountStoreList.do?q_ctgCd=1001,지자체 공식 실시간 목록,A-: 파주시 공식 현황(일부 필드 공란),2026-08-15
음식점,숙성사돈 파주 법원리 본점,법원읍,파주시 법원읍 술이홀로 888-2 1층,경기도 파주시 법원읍 대능리 89-20,37.8501248575,126.8740972314,음료수 제공+10%할인,031-958-1253,2026-08-15,파주시 관내 주둔 군 장병 및 사회복무요원,군인 또는 사회복무요원 신분 확인자료(방문 전 업소 확인 권장),,,업소별 세부 조건 및 중복할인 여부는 방문 전 확인,파주시 실시간 현황에 등재; 2026-01-14 공공데이터 필드로 보강; 원 공공데이터 기준일 2026-01-14,https://www.paju.go.kr/user/soldier/BD_discountStoreList.do?q_ctgCd=1001,지자체 공식 실시간 목록,A: 파주시 공식 현황+공공데이터,2026-08-15
음식점,신양꼬치&마라탕,법원읍,파주시 법원읍 술이홀로 868-2 1층,경기도 파주시 법원읍 대능리 97-8,37.8488443729,126.8726250725,10% 할인,0507-1306-0792,2026-08-15,파주시 관내 주둔 군 장병 및 사회복무요원,군인 또는 사회복무요원 신분 확인자료(방문 전 업소 확인 권장),,,업소별 세부 조건 및 중복할인 여부는 방문 전 확인,파주시 실시간 현황에 등재; 2026-01-14 공공데이터 필드로 보강; 원 공공데이터 기준일 2026-01-14,https://www.paju.go.kr/user/soldier/BD_discountStoreList.do?q_ctgCd=1001,지자체 공식 실시간 목록,A: 파주시 공식 현황+공공데이터,2026-08-15
음식점,오태식해바라기치킨,법원읍,파주시 법원읍 사임당로 844,경기도 파주시 법원읍 대능리 84-34,37.8489124647,126.8744519705,5%할인,031-958-1180,2026-08-15,파주시 관내 주둔 군 장병 및 사회복무요원,군인 또는 사회복무요원 신분 확인자료(방문 전 업소 확인 권장),,,업소별 세부 조건 및 중복할인 여부는 방문 전 확인,파주시 실시간 현황에 등재; 2026-01-14 공공데이터 필드로 보강; 원 공공데이터 기준일 2026-01-14,https://www.paju.go.kr/user/soldier/BD_discountStoreList.do?q_ctgCd=1001,지자체 공식 실시간 목록,A: 파주시 공식 현황+공공데이터,2026-08-15
음식점,왕가네,법원읍,파주시 법원읍 법원로 20,경기도 파주시 법원읍 법원리 434-28,37.8481812797,126.8771263297,음료수 제공 또는 10%할인,070-4084-2788,2026-08-15,파주시 관내 주둔 군 장병 및 사회복무요원,군인 또는 사회복무요원 신분 확인자료(방문 전 업소 확인 권장),,,업소별 세부 조건 및 중복할인 여부는 방문 전 확인,파주시 실시간 현황에 등재; 2026-01-14 공공데이터 필드로 보강; 원 공공데이터 기준일 2026-01-14,https://www.paju.go.kr/user/soldier/BD_discountStoreList.do?q_ctgCd=1001,지자체 공식 실시간 목록,A: 파주시 공식 현황+공공데이터,2026-08-15
음식점,장단콩콩사임당두부 3호점,법원읍,파주시 법원읍 애룡길 179-6 1층,경기도 파주시 법원읍 삼방리 515-5,37.8277769294,126.8576061248,10% 할인,,2026-08-15,파주시 관내 주둔 군 장병 및 사회복무요원,군인 또는 사회복무요원 신분 확인자료(방문 전 업소 확인 권장),,,업소별 세부 조건 및 중복할인 여부는 방문 전 확인,파주시 실시간 현황에 등재; 2026-01-14 공공데이터 필드로 보강; 원 공공데이터 기준일 2026-01-14,https://www.paju.go.kr/user/soldier/BD_discountStoreList.do?q_ctgCd=1001,지자체 공식 실시간 목록,A: 파주시 공식 현황+공공데이터,2026-08-15
음식점,종단 아구찜,법원읍,파주시 법원읍 법원로 21 가동,경기도 파주시 법원읍 법원리 435-6,37.8483077794,126.8767010695,공기밥 또는 음료수 제공,031-959-2333,2026-08-15,파주시 관내 주둔 군 장병 및 사회복무요원,군인 또는 사회복무요원 신분 확인자료(방문 전 업소 확인 권장),,,업소별 세부 조건 및 중복할인 여부는 방문 전 확인,파주시 실시간 현황에 등재; 2026-01-14 공공데이터 필드로 보강; 원 공공데이터 기준일 2026-01-14,https://www.paju.go.kr/user/soldier/BD_discountStoreList.do?q_ctgCd=1001,지자체 공식 실시간 목록,A: 파주시 공식 현황+공공데이터,2026-08-15
음식점,(주)함지박,법원읍,파주시 법원읍 사임당로 800-8,경기도 파주시 법원읍 대능리 247-1,37.8495878738,126.8694487578,음료수 제공,031-958-9295,2026-08-15,파주시 관내 주둔 군 장병 및 사회복무요원,군인 또는 사회복무요원 신분 확인자료(방문 전 업소 확인 권장),,,업소별 세부 조건 및 중복할인 여부는 방문 전 확인,파주시 실시간 현황에 등재; 2026-01-14 공공데이터 필드로 보강; 원 공공데이터 기준일 2026-01-14,https://www.paju.go.kr/user/soldier/BD_discountStoreList.do?q_ctgCd=1001,지자체 공식 실시간 목록,A: 파주시 공식 현황+공공데이터,2026-08-15
음식점,차향만당,법원읍,파주시 법원읍 초리골길 70,경기도 파주시 법원읍 법원리 388-6,37.8500282517,126.8876088768,10%할인,031-958-3320,2026-08-15,파주시 관내 주둔 군 장병 및 사회복무요원,군인 또는 사회복무요원 신분 확인자료(방문 전 업소 확인 권장),,,업소별 세부 조건 및 중복할인 여부는 방문 전 확인,파주시 실시간 현황에 등재; 2026-01-14 공공데이터 필드로 보강; 원 공공데이터 기준일 2026-01-14,https://www.paju.go.kr/user/soldier/BD_discountStoreList.do?q_ctgCd=1001,지자체 공식 실시간 목록,A: 파주시 공식 현황+공공데이터,2026-08-15
음식점,초리연,법원읍,파주시 법원읍 초리골길 357-18,경기도 파주시 법원읍 법원리 112-1,37.8606692416,126.8959801437,10~15%할인,031-959-2179,2026-08-15,파주시 관내 주둔 군 장병 및 사회복무요원,군인 또는 사회복무요원 신분 확인자료(방문 전 업소 확인 권장),,,업소별 세부 조건 및 중복할인 여부는 방문 전 확인,파주시 실시간 현황에 등재; 2026-01-14 공공데이터 필드로 보강; 원 공공데이터 기준일 2026-01-14,https://www.paju.go.kr/user/soldier/BD_discountStoreList.do?q_ctgCd=1001,지자체 공식 실시간 목록,A: 파주시 공식 현황+공공데이터,2026-08-15
음식점,콩마루 사임당두부,법원읍,파주시 법원읍 사임당로 808-1 1층,경기도 파주시 법원읍 대능리 95-25,37.84963184,126.8705912575,10%이상 서비스제공,031-935-0609,2026-08-15,파주시 관내 주둔 군 장병 및 사회복무요원,군인 또는 사회복무요원 신분 확인자료(방문 전 업소 확인 권장),,,업소별 세부 조건 및 중복할인 여부는 방문 전 확인,파주시 실시간 현황에 등재; 2026-01-14 공공데이터 필드로 보강; 원 공공데이터 기준일 2026-01-14,https://www.paju.go.kr/user/soldier/BD_discountStoreList.do?q_ctgCd=1001,지자체 공식 실시간 목록,A: 파주시 공식 현황+공공데이터,2026-08-15
음식점,통일식당,법원읍,파주시 법원읍 사임당로 842,경기도 파주시 법원읍 대능리 84-51,37.8489182306,126.8742828936,10%할인,031-958-5353,2026-08-15,파주시 관내 주둔 군 장병 및 사회복무요원,군인 또는 사회복무요원 신분 확인자료(방문 전 업소 확인 권장),,,업소별 세부 조건 및 중복할인 여부는 방문 전 확인,파주시 실시간 현황에 등재; 2026-01-14 공공데이터 필드로 보강; 원 공공데이터 기준일 2026-01-14,https://www.paju.go.kr/user/soldier/BD_discountStoreList.do?q_ctgCd=1001,지자체 공식 실시간 목록,A: 파주시 공식 현황+공공데이터,2026-08-15
음식점,훌랄라,법원읍,파주시 법원읍 사임당로 820 1층,경기도 파주시 법원읍 대능리 94-144,37.8493992807,126.8717225346,10% 할인,031-959-1182,2026-08-15,파주시 관내 주둔 군 장병 및 사회복무요원,군인 또는 사회복무요원 신분 확인자료(방문 전 업소 확인 권장),,,업소별 세부 조건 및 중복할인 여부는 방문 전 확인,파주시 실시간 현황에 등재; 2026-01-14 공공데이터 필드로 보강; 원 공공데이터 기준일 2026-01-14,https://www.paju.go.kr/user/soldier/BD_discountStoreList.do?q_ctgCd=1001,지자체 공식 실시간 목록,A: 파주시 공식 현황+공공데이터,2026-08-15
카페,7042 카페,법원읍,파주시 법원읍 사임당로770번길 27 1층,경기도 파주시 법원읍 가야리 380-26,37.8485428935,126.866744291,10% 할인,,2026-08-15,파주시 관내 주둔 군 장병 및 사회복무요원,군인 또는 사회복무요원 신분 확인자료(방문 전 업소 확인 권장),,,업소별 세부 조건 및 중복할인 여부는 방문 전 확인,파주시 실시간 현황에 등재; 2026-01-14 공공데이터 필드로 보강; 원 공공데이터 기준일 2026-01-14,https://www.paju.go.kr/user/soldier/BD_discountStoreList.do?q_ctgCd=1001,지자체 공식 실시간 목록,A: 파주시 공식 현황+공공데이터,2026-08-15
카페,초리골 제빵소,법원읍,파주시 법원읍 초리골길 77,경기도 파주시 법원읍 법원리 389-1,37.8506294681,126.8878095314,20%할인,031-958-9522,2026-08-15,파주시 관내 주둔 군 장병 및 사회복무요원,군인 또는 사회복무요원 신분 확인자료(방문 전 업소 확인 권장),,,업소별 세부 조건 및 중복할인 여부는 방문 전 확인,파주시 실시간 현황에 등재; 2026-01-14 공공데이터 필드로 보강; 원 공공데이터 기준일 2026-01-14,https://www.paju.go.kr/user/soldier/BD_discountStoreList.do?q_ctgCd=1001,지자체 공식 실시간 목록,A: 파주시 공식 현황+공공데이터,2026-08-15
카페,커피먹고가세,법원읍,파주시 법원읍 애룡길 179-11 1층,경기도 파주시 법원읍 삼방리 515-22,37.8278967648,126.8571665358,10% 할인,,2026-08-15,파주시 관내 주둔 군 장병 및 사회복무요원,군인 또는 사회복무요원 신분 확인자료(방문 전 업소 확인 권장),,,업소별 세부 조건 및 중복할인 여부는 방문 전 확인,파주시 실시간 현황에 등재; 2026-01-14 공공데이터 필드로 보강; 원 공공데이터 기준일 2026-01-14,https://www.paju.go.kr/user/soldier/BD_discountStoreList.do?q_ctgCd=1001,지자체 공식 실시간 목록,A: 파주시 공식 현황+공공데이터,2026-08-15
카페,테라스커피(애룡커피테라스),법원읍,파주시 법원읍 애룡길 179 1층,경기도 파주시 법원읍 삼방리 514-4,37.8276827279,126.8573400561,10% 할인,0507-1396-3680,2026-08-15,파주시 관내 주둔 군 장병 및 사회복무요원,군인 또는 사회복무요원 신분 확인자료(방문 전 업소 확인 권장),,,업소별 세부 조건 및 중복할인 여부는 방문 전 확인,파주시 실시간 현황에 등재; 2026-01-14 공공데이터 필드로 보강; 원 공공데이터 기준일 2026-01-14,https://www.paju.go.kr/user/soldier/BD_discountStoreList.do?q_ctgCd=1001,지자체 공식 실시간 목록,A: 파주시 공식 현황+공공데이터,2026-08-15
미용,맨즈헤어,부천시,"경기도 부천시 원미구중동로248번길86106호(중동, 현해탑프라자)",,37.501006,126.773471,서비스 이용료의 10% 할인(컷트 한정),0507-1460-7947,2026-08-15,"동원훈련이수자,모범예비군,복무중인현역병,사회복무요원,전문산업기능요원,병역명문가","동원훈련이수증,모범예비군증,복무확인서 등",2024-06-04,,없음,,https://www.mma.go.kr/about/udgg/list.do?mc=mma0003357,병무청 공식 나라사랑가게 실시간 DB,A: 병무청 공식 실시간 DB,2026-08-15
미용,쁘띠뜨메종,부천시,"경기도 부천시 원미구상동로84206호(상동, 영플러스)",,37.50454,126.753461,서비스 이용료의 10% 할인(컷트 한정),032-325-7143,2026-08-15,"동원훈련이수자,모범예비군,복무중인현역병,사회복무요원,전문산업기능요원,병역명문가","동원훈련이수증,모범예비군증,복무확인서 등",2024-05-10,,없음,,https://www.mma.go.kr/about/udgg/list.do?mc=mma0003357,병무청 공식 나라사랑가게 실시간 DB,A: 병무청 공식 실시간 DB,2026-08-15
음식점,59쌀피자 (송내남부점),부천시,경기도 부천시 소사구송내대로42번길58(송내동),,37.4870256,126.7564921,-라지사이즈 구매시 한판당 천원할인 -단체주문시 할인 또는 음료증정 (부천페이제외),032-655-5955,2026-08-15,"예비군(당해년도,모범), 복무중인 사람, 병역명문가","e병무지갑(훈련확인서,복무확인서,명문가증등)",2025-01-08,,없음,,https://www.mma.go.kr/about/udgg/list.do?mc=mma0003357,병무청 공식 나라사랑가게 실시간 DB,A: 병무청 공식 실시간 DB,2026-08-15
음식점,경복궁누룽지백숙,부천시,경기도 부천시 원미구신흥로170- 1(중동),,37.49875,126.778518,-서비스 이용료의 5% 할인 (부천페이 중복(추가) 할인 제외),0507-1435-8866,2026-08-15,"동원훈련이수자,모범예비군,복무중인현역병,사회복무요원,전문산업기능요원,병역명문가","동원훈련이수증,모범예비군증,복무확인서 등",2024-07-09,,없음,,https://www.mma.go.kr/about/udgg/list.do?mc=mma0003357,병무청 공식 나라사랑가게 실시간 DB,A: 병무청 공식 실시간 DB,2026-08-15
음식점,눈높은 돼지,부천시,"경기도 부천시 소사구송내대로42번길161층 (송내동, 성민빌딩)",,37.487033,126.754181,"* 아래사항 중 하나 서비스제공 1. 소주,맥주 음료중 택1 제공 2. 버섯 한접시 공짜",0507-1489-3498,2026-08-15,"동원훈련이수자,모범예비군,복무중인현역병,사회복무요원,전문산업기능요원,병역명문가","동원훈련이수증,모범예비군증,복무확인서 등",2024-07-09,,없음,,https://www.mma.go.kr/about/udgg/list.do?mc=mma0003357,병무청 공식 나라사랑가게 실시간 DB,A: 병무청 공식 실시간 DB,2026-08-15
음식점,솔안골먹장어(송내본점),부천시,경기도 부천시 소사구송내대로29(송내동),,37.48614015,126.7527747,"5,000원 할인",070-8899-7669,2026-08-15,"예비군(당해년도,모범), 복무중인 사람, 병역명문가","동원훈련이수증,모범예비군증,복무확인서,명문가증",2024-07-31,9999-09-01,없음,,https://www.mma.go.kr/about/udgg/list.do?mc=mma0003357,병무청 공식 나라사랑가게 실시간 DB,A: 병무청 공식 실시간 DB,2026-08-15
음식점,송내팔방상회,부천시,경기도 부천시 소사구송내대로42(송내동),,37.4873779,126.7539211,서비스 이용료의 3%할인,032-651-2644,2026-08-15,"예비군(당해년도,모범), 복무중인 사람, 병역명문가","동원훈련이수증,모범예비군증,복무확인서,명문가증",2025-01-08,,없음,,https://www.mma.go.kr/about/udgg/list.do?mc=mma0003357,병무청 공식 나라사랑가게 실시간 DB,A: 병무청 공식 실시간 DB,2026-08-15
음식점,신천차이나,부천시,경기도 부천시 원미구송내대로265번길73- 46201호(상동),,37.490571,126.751542,음료 또는 군만두 서비스,010-4357-3050,2026-08-15,"동원훈련이수자,모범예비군,복무중인현역병,사회복무요원,전문산업기능요원,병역명문가","동원훈련이수증,모범예비군증,복무확인서 등",2024-06-11,,없음,,https://www.mma.go.kr/about/udgg/list.do?mc=mma0003357,병무청 공식 나라사랑가게 실시간 DB,A: 병무청 공식 실시간 DB,2026-08-15
음식점,엉터리분식,부천시,경기도 부천시 원미구부일로445- 45(심곡동),,37.488398,126.779342,군복입고오면 1천원 할인,032-613-7744,2026-08-15,"동원훈련이수자,모범예비군,복무중인현역병,사회복무요원,전문산업기능요원,병역명문가","동원훈련이수증,모범예비군증,복무확인서 등",2024-06-11,,없음,,https://www.mma.go.kr/about/udgg/list.do?mc=mma0003357,병무청 공식 나라사랑가게 실시간 DB,A: 병무청 공식 실시간 DB,2026-08-15
음식점,육회바른연어 부천상동역점,부천시,"경기도 부천시 원미구상동로69(상동, 새롬프라자 1층 105호)",,37.5038,126.752045,서비스 이용료의 10% 할인,0507-1392-4766,2026-08-15,"복무중인자,모범예비군,동원훈련이수자,명문가","명문가증,복무확인서,훈련이수증,모범예비군증",2026-01-27,,없음,,https://www.mma.go.kr/about/udgg/list.do?mc=mma0003357,병무청 공식 나라사랑가게 실시간 DB,A: 병무청 공식 실시간 DB,2026-08-15
음식점,준스이,부천시,"경기도 부천시 원미구상동로69(상동, 새롬프라자 15차 101호)",,37.503731,126.752199,"서비스 이용료의 10% 할인 - 본인한정, 기타 중복 할인 불가",070-4334-3699,2026-08-15,"복무중인자,모범예비군,동원훈련이수자,명문가","명문가증,복무확인서,훈련이수증,모범예비군증",2025-10-24,,없음,,https://www.mma.go.kr/about/udgg/list.do?mc=mma0003357,병무청 공식 나라사랑가게 실시간 DB,A: 병무청 공식 실시간 DB,2026-08-15
음식점,키키포차,부천시,경기도 부천시 소사구양지로171번길38(옥길동),,37.46868,126.822551,서비스 이용료의 10% 할인,010-5293-8902,2026-08-15,"동원훈련이수자,모범예비군,복무중인현역병,사회복무요원,전문산업기능요원,병역명문가","동원훈련이수증,모범예비군증,복무확인서 등",2024-04-19,,없음,,https://www.mma.go.kr/about/udgg/list.do?mc=mma0003357,병무청 공식 나라사랑가게 실시간 DB,A: 병무청 공식 실시간 DB,2026-08-15
음식점,통양갈비,부천시,"경기도 부천시 소사구송내대로28(송내동, 106호)",,37.48597672,126.7536834,양갈비 주문 시 국수 음료수 무료제공,0507-1378-9283,2026-08-15,"예비군(당해년도,모범), 복무중인 사람, 병역명문가","동원훈련이수증,모범예비군증,복무확인서,명문가증",2024-07-31,9999-09-09,없음,,https://www.mma.go.kr/about/udgg/list.do?mc=mma0003357,병무청 공식 나라사랑가게 실시간 DB,A: 병무청 공식 실시간 DB,2026-08-15
음식점,청정여수동갈매기살,성남시,경기도 성남시 분당구장미로100번길222층 (야탑동),,37.4120987,127.1311923,서비스 이용료의 5% 할인,031-706-8832,2026-08-15,"예비군(당해연도 병무청 주관 동원훈련 이수자 및 병무청 모범 예비군 선발자),복무중인 사람,병역명문가","당해년도 동원훈련이수증, 복무확인서, 병역명문가",2024-08-14,2026-12-31,제한없음,,https://www.mma.go.kr/about/udgg/list.do?mc=mma0003357,병무청 공식 나라사랑가게 실시간 DB,A: 병무청 공식 실시간 DB,2026-08-15
미용,고려이발관,수원시,"경기도 수원시 팔달구 팔달로 135, 1층 (화서동)",,,,"입영 시 무료 이발, 입영 후 제대 시까지 이용요금 50% 할인",031-255-7060,2026-05-28,군 입영예정자 및 복무 중인 장병 본인(수원시민),입영통지서 또는 휴가 확인 서류와 신분증,,,수원시민 본인 대상; 방문 전 영업 및 적용 여부 확인,수원시 2026년 참여업소 PDF 18개소 전수,https://www.suwon.go.kr/webcontent/ckeditor/2026/5/28/4e5d92bd-869b-41d9-8179-cbc3ffba48c7.pdf,지자체 공식 PDF,A: 수원시 공식 2026 PDF,2026-08-15
미용,대성이발관,수원시,"경기도 수원시 팔달구 인계로68번길 52, 창조의집 (인계동)",,,,"입영 시 무료 이발, 입영 후 제대 시까지 이용요금 50% 할인",031-235-1653,2026-05-28,군 입영예정자 및 복무 중인 장병 본인(수원시민),입영통지서 또는 휴가 확인 서류와 신분증,,,수원시민 본인 대상; 방문 전 영업 및 적용 여부 확인,수원시 2026년 참여업소 PDF 18개소 전수,https://www.suwon.go.kr/webcontent/ckeditor/2026/5/28/4e5d92bd-869b-41d9-8179-cbc3ffba48c7.pdf,지자체 공식 PDF,A: 수원시 공식 2026 PDF,2026-08-15
미용,로이스바버샵&로이스SMP 수원성대점,수원시,"경기도 수원시 장안구 서부로2181번길 55, 3층 일부호 (율전동)",,,,"입영 시 무료 이발, 입영 후 제대 시까지 이용요금 50% 할인",031-292-5677,2026-05-28,군 입영예정자 및 복무 중인 장병 본인(수원시민),입영통지서 또는 휴가 확인 서류와 신분증,,,수원시민 본인 대상; 방문 전 영업 및 적용 여부 확인,수원시 2026년 참여업소 PDF 18개소 전수,https://www.suwon.go.kr/webcontent/ckeditor/2026/5/28/4e5d92bd-869b-41d9-8179-cbc3ffba48c7.pdf,지자체 공식 PDF,A: 수원시 공식 2026 PDF,2026-08-15
미용,베스트헤어,수원시,"경기도 수원시 장안구정자로42번길52203호(천천동, 베스트상가)",,37.2980849,126.9808552,-커트시 서비스 이용료의 20% 할인 * 현역 10% 추가 할인,031-268-5535,2026-08-15,"동원훈련이수자,모범예비군,복무중인현역병,사회복무요원,전문산업기능요원,병역명문가","동원훈련이수증,모범예비군증,복무확인서,명문가증",2025-11-11,,없음,,https://www.mma.go.kr/about/udgg/list.do?mc=mma0003357,병무청 공식 나라사랑가게 실시간 DB,A: 병무청 공식 실시간 DB,2026-08-15
미용,부흥이발관,수원시,경기도 수원시 영통구 동수원로514번길 59 (매탄동),,,,"입영 시 무료 이발, 입영 후 제대 시까지 이용요금 50% 할인",031-212-4603,2026-05-28,군 입영예정자 및 복무 중인 장병 본인(수원시민),입영통지서 또는 휴가 확인 서류와 신분증,,,수원시민 본인 대상; 방문 전 영업 및 적용 여부 확인,수원시 2026년 참여업소 PDF 18개소 전수,https://www.suwon.go.kr/webcontent/ckeditor/2026/5/28/4e5d92bd-869b-41d9-8179-cbc3ffba48c7.pdf,지자체 공식 PDF,A: 수원시 공식 2026 PDF,2026-08-15
미용,새현이용원,수원시,"경기도 수원시 권선구 세권로43번길 26-6 (세류동, 세류종합상가 117호)",,,,"입영 시 무료 이발, 입영 후 제대 시까지 이용요금 50% 할인",031-267-4962,2026-05-28,군 입영예정자 및 복무 중인 장병 본인(수원시민),입영통지서 또는 휴가 확인 서류와 신분증,,,수원시민 본인 대상; 방문 전 영업 및 적용 여부 확인,수원시 2026년 참여업소 PDF 18개소 전수,https://www.suwon.go.kr/webcontent/ckeditor/2026/5/28/4e5d92bd-869b-41d9-8179-cbc3ffba48c7.pdf,지자체 공식 PDF,A: 수원시 공식 2026 PDF,2026-08-15
미용,세동이발관,수원시,경기도 수원시 권선구 세권로 66 (세류동),,,,"입영 시 무료 이발, 입영 후 제대 시까지 이용요금 50% 할인",031-233-0285,2026-05-28,군 입영예정자 및 복무 중인 장병 본인(수원시민),입영통지서 또는 휴가 확인 서류와 신분증,,,수원시민 본인 대상; 방문 전 영업 및 적용 여부 확인,수원시 2026년 참여업소 PDF 18개소 전수,https://www.suwon.go.kr/webcontent/ckeditor/2026/5/28/4e5d92bd-869b-41d9-8179-cbc3ffba48c7.pdf,지자체 공식 PDF,A: 수원시 공식 2026 PDF,2026-08-15
미용,시저스맨,수원시,경기도 수원시 영통구 매탄로140번길 54-18 (매탄동),,,,"입영 시 무료 이발, 입영 후 제대 시까지 이용요금 50% 할인",031-214-7999,2026-05-28,군 입영예정자 및 복무 중인 장병 본인(수원시민),입영통지서 또는 휴가 확인 서류와 신분증,,,수원시민 본인 대상; 방문 전 영업 및 적용 여부 확인,수원시 2026년 참여업소 PDF 18개소 전수,https://www.suwon.go.kr/webcontent/ckeditor/2026/5/28/4e5d92bd-869b-41d9-8179-cbc3ffba48c7.pdf,지자체 공식 PDF,A: 수원시 공식 2026 PDF,2026-08-15
미용,아름다운사람들 헤어,수원시,"경기도 수원시 장안구송정로83134호(송죽동, 로얄팰리스상가)",,37.296093,127.0071325,- 서비스 이용료의 15% 할인 - 현역병 면제,031-257-9555,2026-08-15,"동원훈련이수자,모범예비군,복무중인현역병,사회복무요원,전문산업기능요원,병역명문가","동원훈련이수증,모범예비군증,복무확인서 등",2026-08-14,,없음,,https://www.mma.go.kr/about/udgg/list.do?mc=mma0003357,병무청 공식 나라사랑가게 실시간 DB,A: 병무청 공식 실시간 DB,2026-08-15
미용,아엠헤드,수원시,경기도 수원시 장안구서부로2207번길18(율전동),,37.305548,126.971517,서비스 이용료의 30% 할인,0507-1483-1235,2026-08-15,"동원훈련이수자,모범예비군,복무중인현역병,사회복무요원,전문산업기능요원,병역명문가","동원훈련이수증,모범예비군증,복무확인서 등",2024-08-20,,없음,,https://www.mma.go.kr/about/udgg/list.do?mc=mma0003357,병무청 공식 나라사랑가게 실시간 DB,A: 병무청 공식 실시간 DB,2026-08-15
미용,아임남자머리,수원시,"경기도 수원시 팔달구 팔달문로175번길 7, 1층 (우만동)",,,,"입영 시 무료 이발, 입영 후 제대 시까지 이용요금 50% 할인",031-251-2520,2026-05-28,군 입영예정자 및 복무 중인 장병 본인(수원시민),입영통지서 또는 휴가 확인 서류와 신분증,,,수원시민 본인 대상; 방문 전 영업 및 적용 여부 확인,수원시 2026년 참여업소 PDF 18개소 전수,https://www.suwon.go.kr/webcontent/ckeditor/2026/5/28/4e5d92bd-869b-41d9-8179-cbc3ffba48c7.pdf,지자체 공식 PDF,A: 수원시 공식 2026 PDF,2026-08-15
미용,안양승이용원,수원시,"경기도 수원시 영통구 영통로 323, 3층 (매탄동)",,,,"입영 시 무료 이발, 입영 후 제대 시까지 이용요금 50% 할인",031-273-0554,2026-05-28,군 입영예정자 및 복무 중인 장병 본인(수원시민),입영통지서 또는 휴가 확인 서류와 신분증,,,수원시민 본인 대상; 방문 전 영업 및 적용 여부 확인,수원시 2026년 참여업소 PDF 18개소 전수,https://www.suwon.go.kr/webcontent/ckeditor/2026/5/28/4e5d92bd-869b-41d9-8179-cbc3ffba48c7.pdf,지자체 공식 PDF,A: 수원시 공식 2026 PDF,2026-08-15
미용,양성현 헤어아트,수원시,"경기도 수원시 권선구 권광로91번길 55, 오가기린 302호 (권선동)",,,,"입영 시 무료 이발, 입영 후 제대 시까지 이용요금 50% 할인",,2026-05-28,군 입영예정자 및 복무 중인 장병 본인(수원시민),입영통지서 또는 휴가 확인 서류와 신분증,,,수원시민 본인 대상; 방문 전 영업 및 적용 여부 확인,수원시 2026년 참여업소 PDF 18개소 전수,https://www.suwon.go.kr/webcontent/ckeditor/2026/5/28/4e5d92bd-869b-41d9-8179-cbc3ffba48c7.pdf,지자체 공식 PDF,A: 수원시 공식 2026 PDF,2026-08-15
미용,엘지이용원,수원시,경기도 수원시 장안구 파장로68번길 46 (파장동),,,,"입영 시 무료 이발, 입영 후 제대 시까지 이용요금 50% 할인",031-244-0460,2026-05-28,군 입영예정자 및 복무 중인 장병 본인(수원시민),입영통지서 또는 휴가 확인 서류와 신분증,,,수원시민 본인 대상; 방문 전 영업 및 적용 여부 확인,수원시 2026년 참여업소 PDF 18개소 전수,https://www.suwon.go.kr/webcontent/ckeditor/2026/5/28/4e5d92bd-869b-41d9-8179-cbc3ffba48c7.pdf,지자체 공식 PDF,A: 수원시 공식 2026 PDF,2026-08-15
미용,영길이용원,수원시,"경기도 수원시 권선구 고현로5번길 25 (고색동, 거산아파트 상가 113호)",,,,"입영 시 무료 이발, 입영 후 제대 시까지 이용요금 50% 할인",031-291-8972,2026-05-28,군 입영예정자 및 복무 중인 장병 본인(수원시민),입영통지서 또는 휴가 확인 서류와 신분증,,,수원시민 본인 대상; 방문 전 영업 및 적용 여부 확인,수원시 2026년 참여업소 PDF 18개소 전수,https://www.suwon.go.kr/webcontent/ckeditor/2026/5/28/4e5d92bd-869b-41d9-8179-cbc3ffba48c7.pdf,지자체 공식 PDF,A: 수원시 공식 2026 PDF,2026-08-15
미용,우리이용원,수원시,경기도 수원시 장안구 장안로103번길 5 (정자동),,,,"입영 시 무료 이발, 입영 후 제대 시까지 이용요금 50% 할인",,2026-05-28,군 입영예정자 및 복무 중인 장병 본인(수원시민),입영통지서 또는 휴가 확인 서류와 신분증,,,수원시민 본인 대상; 방문 전 영업 및 적용 여부 확인,수원시 2026년 참여업소 PDF 18개소 전수,https://www.suwon.go.kr/webcontent/ckeditor/2026/5/28/4e5d92bd-869b-41d9-8179-cbc3ffba48c7.pdf,지자체 공식 PDF,A: 수원시 공식 2026 PDF,2026-08-15
미용,원천이발관,수원시,"경기도 수원시 영통구 매영로 141, 원천훼밀리타운 2층 202호 (원천동)",,,,"입영 시 무료 이발, 입영 후 제대 시까지 이용요금 50% 할인",031-212-9394,2026-05-28,군 입영예정자 및 복무 중인 장병 본인(수원시민),입영통지서 또는 휴가 확인 서류와 신분증,,,수원시민 본인 대상; 방문 전 영업 및 적용 여부 확인,수원시 2026년 참여업소 PDF 18개소 전수,https://www.suwon.go.kr/webcontent/ckeditor/2026/5/28/4e5d92bd-869b-41d9-8179-cbc3ffba48c7.pdf,지자체 공식 PDF,A: 수원시 공식 2026 PDF,2026-08-15
미용,조만억헤어마당,수원시,경기도 수원시 장안구 송정로177번길 4 (조원동),,,,"입영 시 무료 이발, 입영 후 제대 시까지 이용요금 50% 할인",031-241-7910,2026-05-28,군 입영예정자 및 복무 중인 장병 본인(수원시민),입영통지서 또는 휴가 확인 서류와 신분증,,,수원시민 본인 대상; 방문 전 영업 및 적용 여부 확인,수원시 2026년 참여업소 PDF 18개소 전수,https://www.suwon.go.kr/webcontent/ckeditor/2026/5/28/4e5d92bd-869b-41d9-8179-cbc3ffba48c7.pdf,지자체 공식 PDF,A: 수원시 공식 2026 PDF,2026-08-15
미용,좋은헤어,수원시,"경기도 수원시 권선구 경수대로235번길 56, 1층 (세류동)",,,,"입영 시 무료 이발, 입영 후 제대 시까지 이용요금 50% 할인",031-234-0109,2026-05-28,군 입영예정자 및 복무 중인 장병 본인(수원시민),입영통지서 또는 휴가 확인 서류와 신분증,,,수원시민 본인 대상; 방문 전 영업 및 적용 여부 확인,수원시 2026년 참여업소 PDF 18개소 전수,https://www.suwon.go.kr/webcontent/ckeditor/2026/5/28/4e5d92bd-869b-41d9-8179-cbc3ffba48c7.pdf,지자체 공식 PDF,A: 수원시 공식 2026 PDF,2026-08-15
미용,파크이발,수원시,"경기도 수원시 장안구 정자천로189번길 47, 1층 108호 (정자동, 연꽃마을 풍림아파트)",,,,"입영 시 무료 이발, 입영 후 제대 시까지 이용요금 50% 할인",,2026-05-28,군 입영예정자 및 복무 중인 장병 본인(수원시민),입영통지서 또는 휴가 확인 서류와 신분증,,,수원시민 본인 대상; 방문 전 영업 및 적용 여부 확인,수원시 2026년 참여업소 PDF 18개소 전수,https://www.suwon.go.kr/webcontent/ckeditor/2026/5/28/4e5d92bd-869b-41d9-8179-cbc3ffba48c7.pdf,지자체 공식 PDF,A: 수원시 공식 2026 PDF,2026-08-15
미용,할리바버샵,수원시,"경기도 수원시 권선구 금곡로 236, 홈플러스 3층 (금곡동)",,,,"입영 시 무료 이발, 입영 후 제대 시까지 이용요금 50% 할인",031-295-5070,2026-05-28,군 입영예정자 및 복무 중인 장병 본인(수원시민),입영통지서 또는 휴가 확인 서류와 신분증,,,수원시민 본인 대상; 방문 전 영업 및 적용 여부 확인,수원시 2026년 참여업소 PDF 18개소 전수,https://www.suwon.go.kr/webcontent/ckeditor/2026/5/28/4e5d92bd-869b-41d9-8179-cbc3ffba48c7.pdf,지자체 공식 PDF,A: 수원시 공식 2026 PDF,2026-08-15
음식점,버거스테이지,수원시,경기도 수원시 팔달구신풍로23번길63- 21층 (신풍동),,37.28373,127.0113268,서비스 이용료의 5% 할인,0507-1482-0304,2026-08-15,"동원훈련이수자,모범예비군,복무중인현역병,사회복무요원,전문산업기능요원,병역명문가","동원훈련이수증,모범예비군증,복무확인서 등",2024-11-06,,없음,,https://www.mma.go.kr/about/udgg/list.do?mc=mma0003357,병무청 공식 나라사랑가게 실시간 DB,A: 병무청 공식 실시간 DB,2026-08-15
음식점,세컨디포레스트행궁점,수원시,경기도 수원시 팔달구화서문로46번길121층 (신풍동),,37.284757,127.0130081,"테이블당 에이드 1잔 무료 or 음료 2잔 무료 (네이버예약시 생일,음료 중복 제공)",070-8812-0103,2026-08-15,"동원훈련이수자,모범예비군,복무중인현역병,사회복무요원,전문산업기능요원,병역명문가","동원훈련이수증,모범예비군증,복무확인서 등",2024-11-05,,없음,,https://www.mma.go.kr/about/udgg/list.do?mc=mma0003357,병무청 공식 나라사랑가게 실시간 DB,A: 병무청 공식 실시간 DB,2026-08-15
음식점,태리주택(행궁 본점),수원시,경기도 수원시 팔달구화서문로31번길8- 12(장안동),,37.285305,127.0119705,- 서비스이용료의 10% 할인,0507-1363-1416,2026-08-15,"동원훈련이수자,모범예비군,복무중인현역병,사회복무요원,전문산업기능요원,병역명문가","동원훈련이수증,모범예비군증,복무확인서 등",2026-06-11,,없음,,https://www.mma.go.kr/about/udgg/list.do?mc=mma0003357,병무청 공식 나라사랑가게 실시간 DB,A: 병무청 공식 실시간 DB,2026-08-15
음식점,한제소곱창전골 수원금곡점,수원시,"경기도 수원시 권선구금곡로197번길18- 23(금곡동, 108호, 109호)",,37.275066,126.952745,서비스이용료의 5% 할인(주류 제외),0507-1399-9407,2026-08-15,"동원훈련이수자, 모범예비군, 복무중인 현역병, 사회복무요원, 전문산업기능요원, 병역명문가","동원훈련이수증, 모범예비군증, 복무확인서 등",2024-02-13,,없음,,https://www.mma.go.kr/about/udgg/list.do?mc=mma0003357,병무청 공식 나라사랑가게 실시간 DB,A: 병무청 공식 실시간 DB,2026-08-15
카페,91커피 행궁점,수원시,경기도 수원시 팔달구행궁로26번길4(남창동),,37.2802184,127.0145906,* 서비스 이용료의 10% 할인 (아메리카노 테이크아웃 제외) * 국가유공자 : 음료 무료 제공,0507-1340-6983,2026-08-15,"동원훈련이수자,모범예비군,복무중인현역병,사회복무요원,전문산업기능요원,병역명문가","동원훈련이수증,모범예비군증,복무확인서 등",2026-06-04,,없음,,https://www.mma.go.kr/about/udgg/list.do?mc=mma0003357,병무청 공식 나라사랑가게 실시간 DB,A: 병무청 공식 실시간 DB,2026-08-15
카페,버터앤츄,수원시,경기도 수원시 팔달구화서문로45번길91층 (장안동),,37.2856949,127.0126436,- 서비스이용료의 5% 할인,0507-1468-7440,2026-08-15,"동원훈련이수자,모범예비군,복무중인현역병,사회복무요원,전문산업기능요원,병역명문가","동원훈련이수증,모범예비군증,복무확인서 등",2026-06-04,,없음,,https://www.mma.go.kr/about/udgg/list.do?mc=mma0003357,병무청 공식 나라사랑가게 실시간 DB,A: 병무청 공식 실시간 DB,2026-08-15
카페,빛오름,수원시,경기도 수원시 팔달구고화로1171층 (화서동),,37.279848,127.006408,서비스이용료의 5%할인(디저트류 한정),0507-1317-2397,2026-08-15,"동원훈련이수자,모범예비군,복무중인현역병,사회복무요원,전문산업기능요원,병역명문가","동원훈련이수증,모범예비군증,복무확인서 등",2024-04-12,,없음,,https://www.mma.go.kr/about/udgg/list.do?mc=mma0003357,병무청 공식 나라사랑가게 실시간 DB,A: 병무청 공식 실시간 DB,2026-08-15
미용,스컬스바버샵,시흥시,"경기도 시흥시 서울대학로264번길 12, 208동 1층 B-112호",,,,"군인·경찰·소방관 커트+라인쉐이빙 33,000원→28,000원",,2026-02-06,군인·경찰·소방관,군인증 또는 관련 공무원증,,,혜택 변경 가능성이 있어 방문·예약 직전 업소 확인,2026-01-19·2026-02-06 후기에서 동일 조건 확인; 업소 재확인 권장,https://blog.naver.com/dean2ne/224173761880,네이버플레이스 안내 인용 최근 이용 후기,B-: 다수 최근 후기 교차확인,2026-08-15
음식점,팔팔순대(배곧직영점),시흥시,"경기도 시흥시서울대학로59- 49(배곧동, 건영테크노밸리 118호)",,37.3597304,126.7085323,서비스 이용료의 10%할인 -1만원 이하 식사시: 10%할인 -1만원 이상 식사시: 20%할인,0507-1424-8933,2026-08-15,"예비군(당해년도,모범), 복무중인 사람, 병역명문가","동원훈련이수증,모범예비군증,복무확인서,명문가증",2024-09-25,,없음,,https://www.mma.go.kr/about/udgg/list.do?mc=mma0003357,병무청 공식 나라사랑가게 실시간 DB,A: 병무청 공식 실시간 DB,2026-08-15
음식점,한제소곱창전골 목감점,시흥시,경기도 시흥시산현마을길33- 21층 (산현동),,37.376232,126.845224,서비스이용료의 5%할인(주류제외),031-439-0472,2026-08-15,"동원훈련이수자, 모범예비군, 복무중인 현역병, 사회복무요원, 전문산업기능요원, 병역명문가","동원훈련이수증, 모범예비군증, 복무확인서 등",2024-02-13,,없음,,https://www.mma.go.kr/about/udgg/list.do?mc=mma0003357,병무청 공식 나라사랑가게 실시간 DB,A: 병무청 공식 실시간 DB,2026-08-15
음식점,색시국밥 한대점,안산시,"경기도 안산시 상록구성안2길23(사동, 1층)",,37.3022,126.8395,서비스 이용료의 5% 할인,0507-1389-9859,2026-08-15,"복무중인자,모범예비군,동원훈련이수자,명문가","명문가증,복무확인서,훈련이수증,모범예비군증",2026-07-10,,없음,,https://www.mma.go.kr/about/udgg/list.do?mc=mma0003357,병무청 공식 나라사랑가게 실시간 DB,A: 병무청 공식 실시간 DB,2026-08-15
숙박,캠핑이너스(주),안성시,경기도 안성시원곡면오동길34(원곡면내가천리),,37.0394087,127.1253997,서비스이용료의 5% 할인,0507-1304-5672,2026-08-15,"동원훈련이수자,모범예비군,복무중인현역병,사회복무요원,전문산업기능요원,병역명문가","동원훈련이수증,모범예비군증,복무확인서 등",2024-09-19,,없음,,https://www.mma.go.kr/about/udgg/list.do?mc=mma0003357,병무청 공식 나라사랑가게 실시간 DB,A: 병무청 공식 실시간 DB,2026-08-15
미용,금양남성헤어,안양시,경기도 안양시 동안구인덕원로14- 1(관양동),,37.401093,126.973767,서비스 이용료의 10% 할인,010-3899-8777,2026-08-15,"동원훈련이수자,모범예비군,복무중인현역병,사회복무요원,전문산업기능요원,병역명문가","동원훈련이수증,모범예비군증,복무확인서 등",2024-08-05,,없음,,https://www.mma.go.kr/about/udgg/list.do?mc=mma0003357,병무청 공식 나라사랑가게 실시간 DB,A: 병무청 공식 실시간 DB,2026-08-15
미용,뜨란헤어,안양시,경기도 안양시 동안구경수대로980(비산동),,37.4012049,126.929257,"컷트 2,000원 할인",031-445-5379,2026-08-15,"동원훈련이수자,모범예비군,복무중인현역병,사회복무요원,전문산업기능요원,병역명문가","동원훈련이수증,모범예비군증,복무확인서 등",2024-08-21,,없음,,https://www.mma.go.kr/about/udgg/list.do?mc=mma0003357,병무청 공식 나라사랑가게 실시간 DB,A: 병무청 공식 실시간 DB,2026-08-15
미용,머리쟁이,안양시,경기도 안양시 동안구관악대로106번길77- 0(비산동),,37.398484,126.938181,서비스 이용료의 5% 할인,031-383-5757,2026-08-15,"동원훈련이수자,모범예비군,복무중인현역병,사회복무요원,전문산업기능요원,병역명문가","동원훈련이수증,모범예비군증,복무확인서 등",2024-07-02,,없음,,https://www.mma.go.kr/about/udgg/list.do?mc=mma0003357,병무청 공식 나라사랑가게 실시간 DB,A: 병무청 공식 실시간 DB,2026-08-15
미용,청주이발소,안양시,"경기도 안양시 동안구관평로138번길53상가동동203호(평촌동, 초원부영아파트)",,37.3919726,126.964749,서비스 이용료의 10% 할인,031-383-6995,2026-08-15,"동원훈련이수자,모범예비군,복무중인현역병,사회복무요원,전문산업기능요원,병역명문가","동원훈련이수증,모범예비군증,복무확인서 등",2024-08-05,,없음,,https://www.mma.go.kr/about/udgg/list.do?mc=mma0003357,병무청 공식 나라사랑가게 실시간 DB,A: 병무청 공식 실시간 DB,2026-08-15
미용,펜스바버샵,안양시,경기도 안양시 동안구시민대로230(관양동),,37.392345,126.956502,서비스 이용료의 5% 할인,010-9966-1423,2026-08-15,"동원훈련이수자,모범예비군,복무중인현역병,사회복무요원,전문산업기능요원,병역명문가","동원훈련이수증,모범예비군증,복무확인서 등",2024-07-11,,없음,,https://www.mma.go.kr/about/udgg/list.do?mc=mma0003357,병무청 공식 나라사랑가게 실시간 DB,A: 병무청 공식 실시간 DB,2026-08-15
미용,효재헤어,안양시,경기도 안양시 동안구관양로247- 9(관양동),,37.399961,126.973315,서비스 이용료의 20% 할인,010-3062-7719,2026-08-15,"동원훈련이수자,모범예비군,복무중인현역병,사회복무요원,전문산업기능요원,병역명문가","동원훈련이수증,모범예비군증,복무확인서 등",2024-06-05,,없음,,https://www.mma.go.kr/about/udgg/list.do?mc=mma0003357,병무청 공식 나라사랑가게 실시간 DB,A: 병무청 공식 실시간 DB,2026-08-15
음식점,구운몽,안양시,"경기도 안양시 동안구시민대로167105동1호(비산동, 안양벤처텔)",,37.390858,126.949545,-베이커리 -서비스 이용료의 5% 할인,387-9889,2026-08-15,"동원훈련이수자,모범예비군,복무중인현역병,사회복무요원,전문산업기능요원,병역명문가","동원훈련이수증,모범예비군증,복무확인서 등",2024-07-03,,없음,,https://www.mma.go.kr/about/udgg/list.do?mc=mma0003357,병무청 공식 나라사랑가게 실시간 DB,A: 병무청 공식 실시간 DB,2026-08-15
음식점,국민낙곱새(안양점),안양시,경기도 안양시 만안구안양로257- 271층 (안양동),,37.3951405,126.9226622,서비스 이용료의 10% 할인,031-466-8809,2026-08-15,"동원훈련이수자,모범예비군,복무중인현역병,사회복무요원,전문산업기능요원,병역명문가","동원훈련이수증,모범예비군증,복무확인서 등",2024-07-15,,없음,,https://www.mma.go.kr/about/udgg/list.do?mc=mma0003357,병무청 공식 나라사랑가게 실시간 DB,A: 병무청 공식 실시간 DB,2026-08-15
음식점,국민낙곱새(평촌점),안양시,경기도 안양시 동안구흥안대로457- 27(관양동),,126.973593,37.394673,서비스 이용료의 10% 할인,031-599-2509,2026-08-15,"동원훈련이수자,모범예비군,복무중인현역병,사회복무요원,전문산업기능요원,병역명문가","동원훈련이수증,모범예비군증,복무확인서 등",2024-07-15,,없음,,https://www.mma.go.kr/about/udgg/list.do?mc=mma0003357,병무청 공식 나라사랑가게 실시간 DB,A: 병무청 공식 실시간 DB,2026-08-15
음식점,성신양꼬치,안양시,경기도 안양시 동안구흥안대로493- 161층 (관양동),,37.39855,126.975824,서비스 이용료의 10% 할인,0507-1440-8924,2026-08-15,"동원훈련이수자,모범예비군,복무중인현역병,사회복무요원,전문산업기능요원,병역명문가","동원훈련이수증,모범예비군증,복무확인서 등",2024-06-21,,없음,,https://www.mma.go.kr/about/udgg/list.do?mc=mma0003357,병무청 공식 나라사랑가게 실시간 DB,A: 병무청 공식 실시간 DB,2026-08-15
음식점,옥천냉면,안양시,경기도 안양시 동안구관악대로374번길9- 211층 (관양동),,37.404003,126.965853,서비스 이용료의 10% 할인,031-422-6644,2026-08-15,"동원훈련이수자,모범예비군,복무중인현역병,사회복무요원,전문산업기능요원,병역명문가","동원훈련이수증,모범예비군증,복무확인서 등",2024-08-12,,없음,,https://www.mma.go.kr/about/udgg/list.do?mc=mma0003357,병무청 공식 나라사랑가게 실시간 DB,A: 병무청 공식 실시간 DB,2026-08-15
음식점,외할머니소머리국밥,안양시,경기도 안양시 동안구안양판교로14- 1(관양동),,37.400715,126.977622,서비스 이용료의 10% 할인,031-426-2966,2026-08-15,"동원훈련이수자,모범예비군,복무중인현역병,사회복무요원,전문산업기능요원,병역명문가","동원훈련이수증,모범예비군증,복무확인서 등",2024-06-21,,없음,,https://www.mma.go.kr/about/udgg/list.do?mc=mma0003357,병무청 공식 나라사랑가게 실시간 DB,A: 병무청 공식 실시간 DB,2026-08-15
음식점,이엔(주)양파백세탕,안양시,"경기도 안양시 동안구동편로20번길16109호(관양동, 신안시티)",,37.4053801,126.9718344,칼국수 1인분(3000원 상당) 서비스,031-427-7888,2026-08-15,"동원훈련이수자,모범예비군,복무중인현역병,사회복무요원,전문산업기능요원,병역명문가","동원훈련이수증,모범예비군증,복무확인서 등",2024-08-21,,없음,,https://www.mma.go.kr/about/udgg/list.do?mc=mma0003357,병무청 공식 나라사랑가게 실시간 DB,A: 병무청 공식 실시간 DB,2026-08-15
음식점,한제소곱창전골 안양일번가점,안양시,경기도 안양시 만안구장내로139- 01층 (안양동),,37.397945,126.922929,서비스이용료의 5%할인(주류제외),031-466-5515,2026-08-15,"동원훈련이수자, 모범예비군, 복무중인 현역병, 사회복무요원, 전문산업기능요원, 병역명문가","동원훈련이수증, 모범예비군증, 복무확인서 등",2024-02-13,,없음,,https://www.mma.go.kr/about/udgg/list.do?mc=mma0003357,병무청 공식 나라사랑가게 실시간 DB,A: 병무청 공식 실시간 DB,2026-08-15
음식점,황기순손칼국수&왕돈까스,안양시,경기도 안양시 동안구인덕원로13(관양동),,37.40119,126.973496,서비스 이용료의 20% 할인,010-2030-7106,2026-08-15,"동원훈련이수자,모범예비군,복무중인현역병,사회복무요원,전문산업기능요원,병역명문가","동원훈련이수증,모범예비군증,복무확인서 등",2024-06-11,,없음,,https://www.mma.go.kr/about/udgg/list.do?mc=mma0003357,병무청 공식 나라사랑가게 실시간 DB,A: 병무청 공식 실시간 DB,2026-08-15
카페,레스트앤드,안양시,경기도 안양시 동안구평촌대로419- 7(비산동),,37.408322,126.950228,서비스 이용료의 10% 할인 주류 5만원 이상 구매시 마른안주 서비스제공,010-5205-0130,2026-08-15,"동원훈련이수자,모범예비군,복무중인현역병,사회복무요원,전문산업기능요원,병역명문가","동원훈련이수증,모범예비군증,복무확인서 등",2024-06-21,,없음,,https://www.mma.go.kr/about/udgg/list.do?mc=mma0003357,병무청 공식 나라사랑가게 실시간 DB,A: 병무청 공식 실시간 DB,2026-08-15
카페,안다미로,안양시,경기도 안양시 동안구평촌대로440(비산동),,37.410012,126.95088,서비스 이용료의 10% 할인,010-9393-4823,2026-08-15,"동원훈련이수자,모범예비군,복무중인현역병,사회복무요원,전문산업기능요원,병역명문가","동원훈련이수증,모범예비군증,복무확인서 등",2024-07-02,,없음,,https://www.mma.go.kr/about/udgg/list.do?mc=mma0003357,병무청 공식 나라사랑가게 실시간 DB,A: 병무청 공식 실시간 DB,2026-08-15
카페,오로라케이크&쿠키,안양시,경기도 안양시 동안구동편로1461층 (관양동),,37.409274,126.966889,서비스 이용료의 10% 할인,070-7954-7024,2026-08-15,"동원훈련이수자,모범예비군,복무중인현역병,사회복무요원,전문산업기능요원,병역명문가","동원훈련이수증,모범예비군증,복무확인서 등",2024-06-03,,없음,,https://www.mma.go.kr/about/udgg/list.do?mc=mma0003357,병무청 공식 나라사랑가게 실시간 DB,A: 병무청 공식 실시간 DB,2026-08-15
카페,카페 두둥실,안양시,"경기도 안양시 동안구시민대로187102호(비산동, 안양건설타워)",,37.3917697,126.9516859,무료 사이즈업,0507-877-3305,2026-08-15,"동원훈련이수자,모범예비군,복무중인현역병,사회복무요원,전문산업기능요원,병역명문가","동원훈련이수증,모범예비군증,복무확인서 등",2024-09-19,,없음,,https://www.mma.go.kr/about/udgg/list.do?mc=mma0003357,병무청 공식 나라사랑가게 실시간 DB,A: 병무청 공식 실시간 DB,2026-08-15
카페,카페카린,안양시,경기도 안양시 동안구관악대로2721층 (비산동),,37.401933,126.952945,서비스 이용료의 5% 할인(음료만 해당),031-386-1646,2026-08-15,"동원훈련이수자,모범예비군,복무중인현역병,사회복무요원,전문산업기능요원,병역명문가","동원훈련이수증,모범예비군증,복무확인서 등",2024-07-11,,없음,,https://www.mma.go.kr/about/udgg/list.do?mc=mma0003357,병무청 공식 나라사랑가게 실시간 DB,A: 병무청 공식 실시간 DB,2026-08-15
카페,켄커피,안양시,경기도 안양시 만안구안양로110105호1층 (안양동),,37.384845,126.93379,서비스 이용료의 5% 할인,010-4447-4114,2026-08-15,"동원훈련이수자,모범예비군,복무중인현역병,사회복무요원,전문산업기능요원,병역명문가","동원훈련이수증,모범예비군증,복무확인서 등",2024-06-05,,없음,,https://www.mma.go.kr/about/udgg/list.do?mc=mma0003357,병무청 공식 나라사랑가게 실시간 DB,A: 병무청 공식 실시간 DB,2026-08-15
카페,켄커피(본점),안양시,경기도 안양시 만안구예술공원로164- 1(안양동),,37.419135,126.92415,서비스 이용료의 5% 할인,010-9137-6972,2026-08-15,"동원훈련이수자,모범예비군,복무중인현역병,사회복무요원,전문산업기능요원,병역명문가","동원훈련이수증,모범예비군증,복무확인서 등",2024-06-05,,없음,,https://www.mma.go.kr/about/udgg/list.do?mc=mma0003357,병무청 공식 나라사랑가게 실시간 DB,A: 병무청 공식 실시간 DB,2026-08-15
카페,콩고커피,안양시,경기도 안양시 동안구관평로182- 171층 (관양동),,37.393684,126.961201,서비스 이용료의 5% 할인,0507-1411-9558,2026-08-15,"동원훈련이수자,모범예비군,복무중인현역병,사회복무요원,전문산업기능요원,병역명문가","동원훈련이수증,모범예비군증,복무확인서 등",2024-06-05,,없음,,https://www.mma.go.kr/about/udgg/list.do?mc=mma0003357,병무청 공식 나라사랑가게 실시간 DB,A: 병무청 공식 실시간 DB,2026-08-15
카페,페이보릿커피,안양시,경기도 안양시 만안구안양천서로177상가1동36호2층 (안양동),,37.394825,126.932403,서비스 이용료의 10% 할인(음료만 할인),0507-1466-5881,2026-08-15,"동원훈련이수자,모범예비군,복무중인현역병,사회복무요원,전문산업기능요원,병역명문가","동원훈련이수증,모범예비군증,복무확인서 등",2024-07-03,,없음,,https://www.mma.go.kr/about/udgg/list.do?mc=mma0003357,병무청 공식 나라사랑가게 실시간 DB,A: 병무청 공식 실시간 DB,2026-08-15
음식점,가마골 백숙,양주시,경기도 양주시 장흥면 북한산로 1028,,,,"군 장병 대상 상시 할인(할인율·적용 품목은 업소별 상이, 방문 전 문의)",031-861-4800,2025-09-22,군 장병,군인 신분 확인자료(방문 전 문의),,,상시 참여업소 목록이며 세부 할인율은 업소별 문의,기간 한정 특별할인 22개소는 제외하고 상시 참여 32개소만 수록,https://www.yangju.go.kr/www/selectBbsNttView.do?bbsNo=13&key=202&nttNo=198019,지자체 공식 게시물·첨부파일,A: 양주시 공식 상시 목록,2026-08-15
음식점,거석골,양주시,경기도 양주시 백석읍 기산로 503,,,,"군 장병 대상 상시 할인(할인율·적용 품목은 업소별 상이, 방문 전 문의)",031-876-7658,2025-09-22,군 장병,군인 신분 확인자료(방문 전 문의),,,상시 참여업소 목록이며 세부 할인율은 업소별 문의,기간 한정 특별할인 22개소는 제외하고 상시 참여 32개소만 수록,https://www.yangju.go.kr/www/selectBbsNttView.do?bbsNo=13&key=202&nttNo=198019,지자체 공식 게시물·첨부파일,A: 양주시 공식 상시 목록,2026-08-15
음식점,거시기닭갈비,양주시,경기도 양주시 엄상동길 22-25,,,,"군 장병 대상 상시 할인(할인율·적용 품목은 업소별 상이, 방문 전 문의)",031-859-9982,2025-09-22,군 장병,군인 신분 확인자료(방문 전 문의),,,상시 참여업소 목록이며 세부 할인율은 업소별 문의,기간 한정 특별할인 22개소는 제외하고 상시 참여 32개소만 수록,https://www.yangju.go.kr/www/selectBbsNttView.do?bbsNo=13&key=202&nttNo=198019,지자체 공식 게시물·첨부파일,A: 양주시 공식 상시 목록,2026-08-15
음식점,고봉막국수,양주시,"경기도 양주시 장흥면 권율로 88, 상가동 1층",,,,"군 장병 대상 상시 할인(할인율·적용 품목은 업소별 상이, 방문 전 문의)",031-829-2988,2025-09-22,군 장병,군인 신분 확인자료(방문 전 문의),,,상시 참여업소 목록이며 세부 할인율은 업소별 문의,기간 한정 특별할인 22개소는 제외하고 상시 참여 32개소만 수록,https://www.yangju.go.kr/www/selectBbsNttView.do?bbsNo=13&key=202&nttNo=198019,지자체 공식 게시물·첨부파일,A: 양주시 공식 상시 목록,2026-08-15
음식점,구들장생고기,양주시,경기도 양주시 엄상동길 66,,,,"군 장병 대상 상시 할인(할인율·적용 품목은 업소별 상이, 방문 전 문의)",031-858-7892,2025-09-22,군 장병,군인 신분 확인자료(방문 전 문의),,,상시 참여업소 목록이며 세부 할인율은 업소별 문의,기간 한정 특별할인 22개소는 제외하고 상시 참여 32개소만 수록,https://www.yangju.go.kr/www/selectBbsNttView.do?bbsNo=13&key=202&nttNo=198019,지자체 공식 게시물·첨부파일,A: 양주시 공식 상시 목록,2026-08-15
음식점,김밥나라,양주시,경기도 양주시 평화로 1426,,,,"군 장병 대상 상시 할인(할인율·적용 품목은 업소별 상이, 방문 전 문의)",031-858-1558,2025-09-22,군 장병,군인 신분 확인자료(방문 전 문의),,,상시 참여업소 목록이며 세부 할인율은 업소별 문의,기간 한정 특별할인 22개소는 제외하고 상시 참여 32개소만 수록,https://www.yangju.go.kr/www/selectBbsNttView.do?bbsNo=13&key=202&nttNo=198019,지자체 공식 게시물·첨부파일,A: 양주시 공식 상시 목록,2026-08-15
음식점,김삿갓토종순대국,양주시,경기도 양주시 평화로 1556,,,,"군 장병 대상 상시 할인(할인율·적용 품목은 업소별 상이, 방문 전 문의)",031-864-4100,2025-09-22,군 장병,군인 신분 확인자료(방문 전 문의),,,상시 참여업소 목록이며 세부 할인율은 업소별 문의,기간 한정 특별할인 22개소는 제외하고 상시 참여 32개소만 수록,https://www.yangju.go.kr/www/selectBbsNttView.do?bbsNo=13&key=202&nttNo=198019,지자체 공식 게시물·첨부파일,A: 양주시 공식 상시 목록,2026-08-15
음식점,다찜(고암점),양주시,경기도 양주시 고암길 32,,,,"군 장병 대상 상시 할인(할인율·적용 품목은 업소별 상이, 방문 전 문의)",031-863-3233,2025-09-22,군 장병,군인 신분 확인자료(방문 전 문의),,,상시 참여업소 목록이며 세부 할인율은 업소별 문의,기간 한정 특별할인 22개소는 제외하고 상시 참여 32개소만 수록,https://www.yangju.go.kr/www/selectBbsNttView.do?bbsNo=13&key=202&nttNo=198019,지자체 공식 게시물·첨부파일,A: 양주시 공식 상시 목록,2026-08-15
음식점,덕정갈비,양주시,경기도 양주시 덕정길 58,,,,"군 장병 대상 상시 할인(할인율·적용 품목은 업소별 상이, 방문 전 문의)",031-862-8811,2025-09-22,군 장병,군인 신분 확인자료(방문 전 문의),,,상시 참여업소 목록이며 세부 할인율은 업소별 문의,기간 한정 특별할인 22개소는 제외하고 상시 참여 32개소만 수록,https://www.yangju.go.kr/www/selectBbsNttView.do?bbsNo=13&key=202&nttNo=198019,지자체 공식 게시물·첨부파일,A: 양주시 공식 상시 목록,2026-08-15
음식점,두끼떡볶이(양주고읍점),양주시,"경기도 양주시 고읍남로 36, 2층",,,,"군 장병 대상 상시 할인(할인율·적용 품목은 업소별 상이, 방문 전 문의)",031-821-2771,2025-09-22,군 장병,군인 신분 확인자료(방문 전 문의),,,상시 참여업소 목록이며 세부 할인율은 업소별 문의,기간 한정 특별할인 22개소는 제외하고 상시 참여 32개소만 수록,https://www.yangju.go.kr/www/selectBbsNttView.do?bbsNo=13&key=202&nttNo=198019,지자체 공식 게시물·첨부파일,A: 양주시 공식 상시 목록,2026-08-15
음식점,둘째마당바위,양주시,경기도 양주시 장흥면 권율로309번길 149,,,,"군 장병 대상 상시 할인(할인율·적용 품목은 업소별 상이, 방문 전 문의)",031-855-5213,2025-09-22,군 장병,군인 신분 확인자료(방문 전 문의),,,상시 참여업소 목록이며 세부 할인율은 업소별 문의,기간 한정 특별할인 22개소는 제외하고 상시 참여 32개소만 수록,https://www.yangju.go.kr/www/selectBbsNttView.do?bbsNo=13&key=202&nttNo=198019,지자체 공식 게시물·첨부파일,A: 양주시 공식 상시 목록,2026-08-15
음식점,등촌샤브칼국수,양주시,"경기도 양주시 송랑로 64, 1층",,,,"군 장병 대상 상시 할인(할인율·적용 품목은 업소별 상이, 방문 전 문의)",031-843-8777,2025-09-22,군 장병,군인 신분 확인자료(방문 전 문의),,,상시 참여업소 목록이며 세부 할인율은 업소별 문의,기간 한정 특별할인 22개소는 제외하고 상시 참여 32개소만 수록,https://www.yangju.go.kr/www/selectBbsNttView.do?bbsNo=13&key=202&nttNo=198019,지자체 공식 게시물·첨부파일,A: 양주시 공식 상시 목록,2026-08-15
음식점,등촌칼국수,양주시,경기도 양주시 백석읍 고릉말로150번길 28 (1층),,,,"군 장병 대상 상시 할인(할인율·적용 품목은 업소별 상이, 방문 전 문의)",031-879-6070,2025-09-22,군 장병,군인 신분 확인자료(방문 전 문의),,,상시 참여업소 목록이며 세부 할인율은 업소별 문의,기간 한정 특별할인 22개소는 제외하고 상시 참여 32개소만 수록,https://www.yangju.go.kr/www/selectBbsNttView.do?bbsNo=13&key=202&nttNo=198019,지자체 공식 게시물·첨부파일,A: 양주시 공식 상시 목록,2026-08-15
음식점,만두와김밥마을,양주시,경기도 양주시 부흥로 2122,,,,"군 장병 대상 상시 할인(할인율·적용 품목은 업소별 상이, 방문 전 문의)",031-848-1796,2025-09-22,군 장병,군인 신분 확인자료(방문 전 문의),,,상시 참여업소 목록이며 세부 할인율은 업소별 문의,기간 한정 특별할인 22개소는 제외하고 상시 참여 32개소만 수록,https://www.yangju.go.kr/www/selectBbsNttView.do?bbsNo=13&key=202&nttNo=198019,지자체 공식 게시물·첨부파일,A: 양주시 공식 상시 목록,2026-08-15
음식점,만수장,양주시,경기도 양주시 평화로 1552-1,,,,"군 장병 대상 상시 할인(할인율·적용 품목은 업소별 상이, 방문 전 문의)",031-858-8289,2025-09-22,군 장병,군인 신분 확인자료(방문 전 문의),,,상시 참여업소 목록이며 세부 할인율은 업소별 문의,기간 한정 특별할인 22개소는 제외하고 상시 참여 32개소만 수록,https://www.yangju.go.kr/www/selectBbsNttView.do?bbsNo=13&key=202&nttNo=198019,지자체 공식 게시물·첨부파일,A: 양주시 공식 상시 목록,2026-08-15
음식점,본도시락 덕정점,양주시,경기도 양주시 독바위로 9,,,,"군 장병 대상 상시 할인(할인율·적용 품목은 업소별 상이, 방문 전 문의)",031-858-4282,2025-09-22,군 장병,군인 신분 확인자료(방문 전 문의),,,상시 참여업소 목록이며 세부 할인율은 업소별 문의,기간 한정 특별할인 22개소는 제외하고 상시 참여 32개소만 수록,https://www.yangju.go.kr/www/selectBbsNttView.do?bbsNo=13&key=202&nttNo=198019,지자체 공식 게시물·첨부파일,A: 양주시 공식 상시 목록,2026-08-15
음식점,산하식당,양주시,경기도 양주시 백석읍 기산로 410,,,,"군 장병 대상 상시 할인(할인율·적용 품목은 업소별 상이, 방문 전 문의)",031-871-9369,2025-09-22,군 장병,군인 신분 확인자료(방문 전 문의),,,상시 참여업소 목록이며 세부 할인율은 업소별 문의,기간 한정 특별할인 22개소는 제외하고 상시 참여 32개소만 수록,https://www.yangju.go.kr/www/selectBbsNttView.do?bbsNo=13&key=202&nttNo=198019,지자체 공식 게시물·첨부파일,A: 양주시 공식 상시 목록,2026-08-15
음식점,삼호산장,양주시,경기도 양주시 백석읍 기산로 435,,,,"군 장병 대상 상시 할인(할인율·적용 품목은 업소별 상이, 방문 전 문의)",031-876-2351,2025-09-22,군 장병,군인 신분 확인자료(방문 전 문의),,,상시 참여업소 목록이며 세부 할인율은 업소별 문의,기간 한정 특별할인 22개소는 제외하고 상시 참여 32개소만 수록,https://www.yangju.go.kr/www/selectBbsNttView.do?bbsNo=13&key=202&nttNo=198019,지자체 공식 게시물·첨부파일,A: 양주시 공식 상시 목록,2026-08-15
음식점,소문난쭈꾸미생삼겹,양주시,경기도 양주시 엄상동길 50-16,,,,"군 장병 대상 상시 할인(할인율·적용 품목은 업소별 상이, 방문 전 문의)",031-857-4473,2025-09-22,군 장병,군인 신분 확인자료(방문 전 문의),,,상시 참여업소 목록이며 세부 할인율은 업소별 문의,기간 한정 특별할인 22개소는 제외하고 상시 참여 32개소만 수록,https://www.yangju.go.kr/www/selectBbsNttView.do?bbsNo=13&key=202&nttNo=198019,지자체 공식 게시물·첨부파일,A: 양주시 공식 상시 목록,2026-08-15
음식점,술들다,양주시,경기도 양주시 덕정4길 11,,,,"군 장병 대상 상시 할인(할인율·적용 품목은 업소별 상이, 방문 전 문의)",0507-1310-8451,2025-09-22,군 장병,군인 신분 확인자료(방문 전 문의),,,상시 참여업소 목록이며 세부 할인율은 업소별 문의,기간 한정 특별할인 22개소는 제외하고 상시 참여 32개소만 수록,https://www.yangju.go.kr/www/selectBbsNttView.do?bbsNo=13&key=202&nttNo=198019,지자체 공식 게시물·첨부파일,A: 양주시 공식 상시 목록,2026-08-15
음식점,안다미로 샤브샤브,양주시,경기도 양주시 엄상동길 22-26,,,,"군 장병 대상 상시 할인(할인율·적용 품목은 업소별 상이, 방문 전 문의)",031-858-2233,2025-09-22,군 장병,군인 신분 확인자료(방문 전 문의),,,상시 참여업소 목록이며 세부 할인율은 업소별 문의,기간 한정 특별할인 22개소는 제외하고 상시 참여 32개소만 수록,https://www.yangju.go.kr/www/selectBbsNttView.do?bbsNo=13&key=202&nttNo=198019,지자체 공식 게시물·첨부파일,A: 양주시 공식 상시 목록,2026-08-15
음식점,야한소갈비살,양주시,경기도 양주시 엄상동길 30-3,,,,"군 장병 대상 상시 할인(할인율·적용 품목은 업소별 상이, 방문 전 문의)",031-859-8859,2025-09-22,군 장병,군인 신분 확인자료(방문 전 문의),,,상시 참여업소 목록이며 세부 할인율은 업소별 문의,기간 한정 특별할인 22개소는 제외하고 상시 참여 32개소만 수록,https://www.yangju.go.kr/www/selectBbsNttView.do?bbsNo=13&key=202&nttNo=198019,지자체 공식 게시물·첨부파일,A: 양주시 공식 상시 목록,2026-08-15
음식점,여울마당,양주시,경기도 양주시 장흥면 유원지로 318,,,,"군 장병 대상 상시 할인(할인율·적용 품목은 업소별 상이, 방문 전 문의)",031-855-2299,2025-09-22,군 장병,군인 신분 확인자료(방문 전 문의),,,상시 참여업소 목록이며 세부 할인율은 업소별 문의,기간 한정 특별할인 22개소는 제외하고 상시 참여 32개소만 수록,https://www.yangju.go.kr/www/selectBbsNttView.do?bbsNo=13&key=202&nttNo=198019,지자체 공식 게시물·첨부파일,A: 양주시 공식 상시 목록,2026-08-15
음식점,이시돌선생의 약선도가,양주시,경기도 양주시 장흥면 권율로 88,,,,"군 장병 대상 상시 할인(할인율·적용 품목은 업소별 상이, 방문 전 문의)",031-855-8275,2025-09-22,군 장병,군인 신분 확인자료(방문 전 문의),,,상시 참여업소 목록이며 세부 할인율은 업소별 문의,기간 한정 특별할인 22개소는 제외하고 상시 참여 32개소만 수록,https://www.yangju.go.kr/www/selectBbsNttView.do?bbsNo=13&key=202&nttNo=198019,지자체 공식 게시물·첨부파일,A: 양주시 공식 상시 목록,2026-08-15
음식점,장어천국,양주시,"경기도 양주시 어하고개로 1, (1층일부, 2층일부)",,,,"군 장병 대상 상시 할인(할인율·적용 품목은 업소별 상이, 방문 전 문의)",0507-1308-0592,2025-09-22,군 장병,군인 신분 확인자료(방문 전 문의),,,상시 참여업소 목록이며 세부 할인율은 업소별 문의,기간 한정 특별할인 22개소는 제외하고 상시 참여 32개소만 수록,https://www.yangju.go.kr/www/selectBbsNttView.do?bbsNo=13&key=202&nttNo=198019,지자체 공식 게시물·첨부파일,A: 양주시 공식 상시 목록,2026-08-15
음식점,장흥숯불갈비,양주시,경기도 양주시 화합로1361번길 32,,,,"군 장병 대상 상시 할인(할인율·적용 품목은 업소별 상이, 방문 전 문의)",031-864-0310,2025-09-22,군 장병,군인 신분 확인자료(방문 전 문의),,,상시 참여업소 목록이며 세부 할인율은 업소별 문의,기간 한정 특별할인 22개소는 제외하고 상시 참여 32개소만 수록,https://www.yangju.go.kr/www/selectBbsNttView.do?bbsNo=13&key=202&nttNo=198019,지자체 공식 게시물·첨부파일,A: 양주시 공식 상시 목록,2026-08-15
음식점,정주산장,양주시,경기도 양주시 장흥면 호국로550번길 102-127,,,,"군 장병 대상 상시 할인(할인율·적용 품목은 업소별 상이, 방문 전 문의)",031-826-4636,2025-09-22,군 장병,군인 신분 확인자료(방문 전 문의),,,상시 참여업소 목록이며 세부 할인율은 업소별 문의,기간 한정 특별할인 22개소는 제외하고 상시 참여 32개소만 수록,https://www.yangju.go.kr/www/selectBbsNttView.do?bbsNo=13&key=202&nttNo=198019,지자체 공식 게시물·첨부파일,A: 양주시 공식 상시 목록,2026-08-15
음식점,쪽삼,양주시,"경기도 양주시 어하고개로 56, 1층",,,,"군 장병 대상 상시 할인(할인율·적용 품목은 업소별 상이, 방문 전 문의)",031-856-8292,2025-09-22,군 장병,군인 신분 확인자료(방문 전 문의),,,상시 참여업소 목록이며 세부 할인율은 업소별 문의,기간 한정 특별할인 22개소는 제외하고 상시 참여 32개소만 수록,https://www.yangju.go.kr/www/selectBbsNttView.do?bbsNo=13&key=202&nttNo=198019,지자체 공식 게시물·첨부파일,A: 양주시 공식 상시 목록,2026-08-15
음식점,초가마을,양주시,경기도 양주시 장흥면 권율로309번길 159,,,,"군 장병 대상 상시 할인(할인율·적용 품목은 업소별 상이, 방문 전 문의)",031-855-1124,2025-09-22,군 장병,군인 신분 확인자료(방문 전 문의),,,상시 참여업소 목록이며 세부 할인율은 업소별 문의,기간 한정 특별할인 22개소는 제외하고 상시 참여 32개소만 수록,https://www.yangju.go.kr/www/selectBbsNttView.do?bbsNo=13&key=202&nttNo=198019,지자체 공식 게시물·첨부파일,A: 양주시 공식 상시 목록,2026-08-15
음식점,최가네양구펀치볼시래기,양주시,경기도 양주시 백석읍 호명로 51,,,,"군 장병 대상 상시 할인(할인율·적용 품목은 업소별 상이, 방문 전 문의)",031-855-6002,2025-09-22,군 장병,군인 신분 확인자료(방문 전 문의),,,상시 참여업소 목록이며 세부 할인율은 업소별 문의,기간 한정 특별할인 22개소는 제외하고 상시 참여 32개소만 수록,https://www.yangju.go.kr/www/selectBbsNttView.do?bbsNo=13&key=202&nttNo=198019,지자체 공식 게시물·첨부파일,A: 양주시 공식 상시 목록,2026-08-15
음식점,페트라숯불구이,양주시,경기도 양주시 장흥면 일영로 601-100,,,,"군 장병 대상 상시 할인(할인율·적용 품목은 업소별 상이, 방문 전 문의)",031-855-0325,2025-09-22,군 장병,군인 신분 확인자료(방문 전 문의),,,상시 참여업소 목록이며 세부 할인율은 업소별 문의,기간 한정 특별할인 22개소는 제외하고 상시 참여 32개소만 수록,https://www.yangju.go.kr/www/selectBbsNttView.do?bbsNo=13&key=202&nttNo=198019,지자체 공식 게시물·첨부파일,A: 양주시 공식 상시 목록,2026-08-15
음식점,행복한사람들,양주시,경기도 양주시 백석읍 권율로 852,,,,"군 장병 대상 상시 할인(할인율·적용 품목은 업소별 상이, 방문 전 문의)",031-871-8875,2025-09-22,군 장병,군인 신분 확인자료(방문 전 문의),,,상시 참여업소 목록이며 세부 할인율은 업소별 문의,기간 한정 특별할인 22개소는 제외하고 상시 참여 32개소만 수록,https://www.yangju.go.kr/www/selectBbsNttView.do?bbsNo=13&key=202&nttNo=198019,지자체 공식 게시물·첨부파일,A: 양주시 공식 상시 목록,2026-08-15
음식점,도원가든,연천군,경기도 연천군청산면청신로308(청산면초성리),,37.9893866,127.0904709,서비스 이용료의 5% 할인,0507-1491-7292,2026-08-15,"예비군(당해연도 병무청 주관 동원훈련 이수자 및 병무청 모범 예비군 선발자),복무중인 사람,병역명문가","당해년도 동원훈련이수증, 복무확인서, 병역명문가",2024-08-14,2026-12-31,제한없음,,https://www.mma.go.kr/about/udgg/list.do?mc=mma0003357,병무청 공식 나라사랑가게 실시간 DB,A: 병무청 공식 실시간 DB,2026-08-15
카페,레이트 체크아웃,연천군,경기도 연천군전곡읍은대성로984층 (전곡읍은대리),,38.0243461,127.0624084,서비스 이용료의 10% 할인,0507-1367-7682,2026-08-15,"예비군(당해연도 병무청 주관 동원훈련 이수자 및 병무청 모범 예비군 선발자),복무중인 사람,병역명문가","당해년도 동원훈련이수증, 복무확인서, 병역명문가",2024-02-28,,없음,,https://www.mma.go.kr/about/udgg/list.do?mc=mma0003357,병무청 공식 나라사랑가게 실시간 DB,A: 병무청 공식 실시간 DB,2026-08-15
카페,올리브,연천군,경기도 연천군청산면청신로336(청산면초성리),,37.9877745,127.0926492,서비스 이용료의 10% 할인,031-835-1198,2026-08-15,"예비군(당해연도 병무청 주관 동원훈련이수자 및 병무청 모범 예비군 선발자), 복무중인 사람, 병역명문가","당해연도 동원훈련이수증,복무확인서,병역명문가증",2024-08-09,2026-12-31,없음,,https://www.mma.go.kr/about/udgg/list.do?mc=mma0003357,병무청 공식 나라사랑가게 실시간 DB,A: 병무청 공식 실시간 DB,2026-08-15
음식점,반하정육회 수지본점,용인시,경기도 용인시 수지구만현로88120호(상현동),,37.3090064,127.0850231,서비스 이용료의 10% 할인,031-276-1011,2026-08-15,"동원훈련이수자,모범예비군,복무중인현역병,사회복무요원,전문산업기능요원,병역명문가","동원훈련이수증,모범예비군증,복무확인서 등",2026-08-13,,없음,,https://www.mma.go.kr/about/udgg/list.do?mc=mma0003357,병무청 공식 나라사랑가게 실시간 DB,A: 병무청 공식 실시간 DB,2026-08-15
음식점,푸라닭 용인역북점,용인시,"경기도 용인시 처인구금학로235번길261층 (역북동, 선봉레스텔)",,37.2409298,127.1905233,"- 매장내 메뉴(치킨만) 금액의 10% 할인 - 국군 및 협력업체, 협력자 우대 할인",0507-1379-9207,2026-08-15,"동원훈련이수자,모범예비군,복무중인현역병,사회복무요원,전문산업기능요원,병역명문가","동원훈련이수증,모범예비군증,복무확인서 등",2026-01-15,,없음,,https://www.mma.go.kr/about/udgg/list.do?mc=mma0003357,병무청 공식 나라사랑가게 실시간 DB,A: 병무청 공식 실시간 DB,2026-08-15
음식점,비비큐 파주운정스타필드점,운정1동,파주시 경의로1240번길 14-11 (와동동),경기도 파주시 와동동 1438,37.7273301911,126.7620261581,10% 할인,0507-1478-5077,2026-08-15,파주시 관내 주둔 군 장병 및 사회복무요원,군인 또는 사회복무요원 신분 확인자료(방문 전 업소 확인 권장),,,업소별 세부 조건 및 중복할인 여부는 방문 전 확인,파주시 실시간 현황에 등재; 2026-01-14 공공데이터 필드로 보강; 원 공공데이터 기준일 2026-01-14,https://www.paju.go.kr/user/soldier/BD_discountStoreList.do?q_ctgCd=1001,지자체 공식 실시간 목록,A: 파주시 공식 현황+공공데이터,2026-08-15
음식점,삼산회관 파주운정가람마을점,운정1동,파주시 가람로51번길 16-30 (와동동) 102호,경기도 파주시 와동동 1567-3,37.7353977114,126.7573471897,10% 할인,,2026-08-15,파주시 관내 주둔 군 장병 및 사회복무요원,군인 또는 사회복무요원 신분 확인자료(방문 전 업소 확인 권장),,,업소별 세부 조건 및 중복할인 여부는 방문 전 확인,파주시 실시간 현황에 등재; 2026-01-14 공공데이터 필드로 보강; 원 공공데이터 기준일 2026-01-14,https://www.paju.go.kr/user/soldier/BD_discountStoreList.do?q_ctgCd=1001,지자체 공식 실시간 목록,A: 파주시 공식 현황+공공데이터,2026-08-15
음식점,육심외할머니가든,운정1동,파주시 경의로1240번길 14-11 (와동동) 204호,,,,10% 이상 할인 또는 그에 상응하는 서비스(업소별 상세는 사전 확인),070-7710-9292,2026-08-15,파주시 관내 주둔 군 장병 및 사회복무요원,군인 또는 사회복무요원 신분 확인자료(방문 전 업소 확인 권장),,,업소별 세부 조건 및 중복할인 여부는 방문 전 확인,파주시 실시간 공식 현황 신규/변경 행; 상세 할인은 공통 사업기준; 원 공공데이터 기준일 2026-08-15,https://www.paju.go.kr/user/soldier/BD_discountStoreList.do?q_ctgCd=1001,지자체 공식 실시간 목록,A-: 파주시 공식 현황(일부 필드 공란),2026-08-15
카페,촉촉베이커리 앤 카페,운정1동,파주시 가람로21번길 47 (와동동) 1층 일부,경기도 파주시 와동동 1634-2,37.7362168995,126.7519926208,10%할인,031-913-0110,2026-08-15,파주시 관내 주둔 군 장병 및 사회복무요원,군인 또는 사회복무요원 신분 확인자료(방문 전 업소 확인 권장),,,업소별 세부 조건 및 중복할인 여부는 방문 전 확인,파주시 실시간 현황에 등재; 2026-01-14 공공데이터 필드로 보강; 원 공공데이터 기준일 2026-01-14,https://www.paju.go.kr/user/soldier/BD_discountStoreList.do?q_ctgCd=1001,지자체 공식 실시간 목록,A: 파주시 공식 현황+공공데이터,2026-08-15
음식점,밥꼬 운정점,운정2동,파주시 산내로104번길 21-3 (목동동) 1층,경기도 파주시 목동동 971-1,37.7278725931,126.7372749276,소주 무료,031-946-0096,2026-08-15,파주시 관내 주둔 군 장병 및 사회복무요원,군인 또는 사회복무요원 신분 확인자료(방문 전 업소 확인 권장),,,업소별 세부 조건 및 중복할인 여부는 방문 전 확인,파주시 실시간 현황에 등재; 2026-01-14 공공데이터 필드로 보강; 원 공공데이터 기준일 2026-01-14,https://www.paju.go.kr/user/soldier/BD_discountStoreList.do?q_ctgCd=1001,지자체 공식 실시간 목록,A: 파주시 공식 현황+공공데이터,2026-08-15
음식점,해녀밥상,운정2동,파주시 청암로17번길 25 (목동동) 204호,경기도 파주시 목동동 935,37.7290961793,126.7353328775,10%할인,070-8987-8899,2026-08-15,파주시 관내 주둔 군 장병 및 사회복무요원,군인 또는 사회복무요원 신분 확인자료(방문 전 업소 확인 권장),,,업소별 세부 조건 및 중복할인 여부는 방문 전 확인,파주시 실시간 현황에 등재; 2026-01-14 공공데이터 필드로 보강; 원 공공데이터 기준일 2026-01-14,https://www.paju.go.kr/user/soldier/BD_discountStoreList.do?q_ctgCd=1001,지자체 공식 실시간 목록,A: 파주시 공식 현황+공공데이터,2026-08-15
음식점,또오리,운정3동,파주시 경의로 999-1 (야당동),경기도 파주시 야당동 466-77,37.7065289086,126.7571264227,10%할인,031-942-5295,2026-08-15,파주시 관내 주둔 군 장병 및 사회복무요원,군인 또는 사회복무요원 신분 확인자료(방문 전 업소 확인 권장),,,업소별 세부 조건 및 중복할인 여부는 방문 전 확인,파주시 실시간 현황에 등재; 2026-01-14 공공데이터 필드로 보강; 원 공공데이터 기준일 2026-01-14,https://www.paju.go.kr/user/soldier/BD_discountStoreList.do?q_ctgCd=1001,지자체 공식 실시간 목록,A: 파주시 공식 현황+공공데이터,2026-08-15
음식점,삼산회관 파주야당점,운정3동,파주시 경의로 1030 (야당동) 1층 107호,경기도 파주시 야당동 1050,37.7093618545,126.7593325784,메인메뉴 10% 할인,031-943-6265,2026-08-15,파주시 관내 주둔 군 장병 및 사회복무요원,군인 또는 사회복무요원 신분 확인자료(방문 전 업소 확인 권장),,,업소별 세부 조건 및 중복할인 여부는 방문 전 확인,파주시 실시간 현황에 등재; 2026-01-14 공공데이터 필드로 보강; 원 공공데이터 기준일 2026-01-14,https://www.paju.go.kr/user/soldier/BD_discountStoreList.do?q_ctgCd=1001,지자체 공식 실시간 목록,A: 파주시 공식 현황+공공데이터,2026-08-15
음식점,숙성사돈 운정역점,운정3동,"파주시 경의로1240번길 15 (와동동) 유은타워9차 101, 102호",경기도 파주시 야당동 1064,37.7125733547,126.760165861,테이블당 음료제공+5%할인,031-941-1254,2026-08-15,파주시 관내 주둔 군 장병 및 사회복무요원,군인 또는 사회복무요원 신분 확인자료(방문 전 업소 확인 권장),,,업소별 세부 조건 및 중복할인 여부는 방문 전 확인,파주시 실시간 현황에 등재; 2026-01-14 공공데이터 필드로 보강; 원 공공데이터 기준일 2026-01-14,https://www.paju.go.kr/user/soldier/BD_discountStoreList.do?q_ctgCd=1001,지자체 공식 실시간 목록,A: 파주시 공식 현황+공공데이터,2026-08-15
음식점,양복점 파주야당점,운정3동,파주시 소리천로8번길 36 (야당동) 106~107호,경기도 파주시 야당동 1064,37.7125733547,126.760165861,10% 할인,0507-1378-2394,2026-08-15,파주시 관내 주둔 군 장병 및 사회복무요원,군인 또는 사회복무요원 신분 확인자료(방문 전 업소 확인 권장),,,업소별 세부 조건 및 중복할인 여부는 방문 전 확인,파주시 실시간 현황에 등재; 2026-01-14 공공데이터 필드로 보강; 원 공공데이터 기준일 2026-01-14,https://www.paju.go.kr/user/soldier/BD_discountStoreList.do?q_ctgCd=1001,지자체 공식 실시간 목록,A: 파주시 공식 현황+공공데이터,2026-08-15
카페,브런치빈 파주점,운정3동,"파주시 경의로 1090 (야당동) 802,803호",경기도 파주시 야당동 1072-1,37.7145087869,126.7600602714,사이드 메뉴 제공,031-949-0803,2026-08-15,파주시 관내 주둔 군 장병 및 사회복무요원,군인 또는 사회복무요원 신분 확인자료(방문 전 업소 확인 권장),,,업소별 세부 조건 및 중복할인 여부는 방문 전 확인,파주시 실시간 현황에 등재; 2026-01-14 공공데이터 필드로 보강; 원 공공데이터 기준일 2026-01-14,https://www.paju.go.kr/user/soldier/BD_discountStoreList.do?q_ctgCd=1001,지자체 공식 실시간 목록,A: 파주시 공식 현황+공공데이터,2026-08-15
음식점,말랭이국수,월롱면,파주시 월롱면 통일로 725 1층 일부,경기도 파주시 월롱면 영태리 525-36,37.7739683528,126.7894715893,음료수 제공,031-945-7772,2026-08-15,파주시 관내 주둔 군 장병 및 사회복무요원,군인 또는 사회복무요원 신분 확인자료(방문 전 업소 확인 권장),,,업소별 세부 조건 및 중복할인 여부는 방문 전 확인,파주시 실시간 현황에 등재; 2026-01-14 공공데이터 필드로 보강; 원 공공데이터 기준일 2026-01-14,https://www.paju.go.kr/user/soldier/BD_discountStoreList.do?q_ctgCd=1001,지자체 공식 실시간 목록,A: 파주시 공식 현황+공공데이터,2026-08-15
음식점,국수사랑,의왕시,"경기도 의왕시계원대학로34106호(내손동, 신우프라자)",,37.3791087,126.9751236,곱배기 서비스,031-421-9433,2026-08-15,"동원훈련이수자,모범예비군,복무중인현역병,사회복무요원,전문산업기능요원,병역명문가","동원훈련이수증,모범예비군증,복무확인서 등",2024-09-19,,없음,,https://www.mma.go.kr/about/udgg/list.do?mc=mma0003357,병무청 공식 나라사랑가게 실시간 DB,A: 병무청 공식 실시간 DB,2026-08-15
카페,그릭당,의정부시,"경기도 의정부시시민로19번길22- 9(의정부동, 1층)",,37.7393072,127.0371584,"서비스 이용료의 10% 할인 세부 증빙자료 : 당해연도 동원훈련이수증,모범예비군증,복무확인서,병역명문가증",031-877-0370,2026-08-15,"예비군(당해연도 병무청 주관 동원훈련 이수자 및 병무청 모범 예비군 선발자),복무중인 사람,병역명문가","당해연도 동원훈련이수증,모범예비군증,복무확인서",2025-04-03,2026-12-31,없음,,https://www.mma.go.kr/about/udgg/list.do?mc=mma0003357,병무청 공식 나라사랑가게 실시간 DB,A: 병무청 공식 실시간 DB,2026-08-15
카페,꽃담수,의정부시,"경기도 의정부시망월로18- 11107동102호(호원동, 신일타운하우스)",,37.7082407,127.0458436,서비스 이용료의 5% 할인,0507-1336-0669,2026-08-15,"동원훈련 이수자, 현역병.사회복무요원 등 복무자, 병역명문가","당해년도 훈련이수증, 복무확인서, 병역명문가증",2024-04-03,2026-12-31,제한없음,,https://www.mma.go.kr/about/udgg/list.do?mc=mma0003357,병무청 공식 나라사랑가게 실시간 DB,A: 병무청 공식 실시간 DB,2026-08-15
카페,민스,의정부시,경기도 의정부시안말로8번길481층 (호원동),,37.7130473,127.0427144,(카페)음료 5% 할인,031-837-1360,2026-08-15,"예비군(당해년도 훈련이수자 및 모범예비군), 복무중인 사람, 병역명문가","당해년도 훈련이수증, 복무확인서, 병역명문가증",2023-12-15,,제한없음,,https://www.mma.go.kr/about/udgg/list.do?mc=mma0003357,병무청 공식 나라사랑가게 실시간 DB,A: 병무청 공식 실시간 DB,2026-08-15
음식점,수진이네,이천시,경기도 이천시신둔면경충대로3159번길12- 26(신둔면수광리),,37.3095671,127.4007183,서비스 이용료의 10% 할인,0507-1311-7222,2026-08-15,"동원훈련이수자,모범예비군,복무중인현역병,사회복무요원,전문산업기능요원,병역명문가","동원훈련이수증,모범예비군증,복무확인서 등",2024-08-13,,없음,,https://www.mma.go.kr/about/udgg/list.do?mc=mma0003357,병무청 공식 나라사랑가게 실시간 DB,A: 병무청 공식 실시간 DB,2026-08-15
미용,예원헤어크레앙스,적성면,파주시 적성면 솥뒤로 16,경기도 파주시 적성면 마지리 45-11,37.9556797801,126.9177690718,10%할인,031-959-8877,2026-08-15,파주시 관내 주둔 군 장병 및 사회복무요원,군인 또는 사회복무요원 신분 확인자료(방문 전 업소 확인 권장),,,업소별 세부 조건 및 중복할인 여부는 방문 전 확인,파주시 실시간 현황에 등재; 2026-01-14 공공데이터 필드로 보강; 원 공공데이터 기준일 2026-01-14,https://www.paju.go.kr/user/soldier/BD_discountStoreList.do?q_ctgCd=1004,지자체 공식 실시간 목록,A: 파주시 공식 현황+공공데이터,2026-08-15
숙박,승원장,적성면,파주시 적성면 칠중5길 8,경기도 파주시 적성면 구읍리 645-1,37.9549601271,126.9210793821,10%할인,031-959-4347,2026-08-15,파주시 관내 주둔 군 장병 및 사회복무요원,군인 또는 사회복무요원 신분 확인자료(방문 전 업소 확인 권장),,,업소별 세부 조건 및 중복할인 여부는 방문 전 확인,파주시 실시간 현황에 등재; 2026-01-14 공공데이터 필드로 보강; 원 공공데이터 기준일 2026-01-14,https://www.paju.go.kr/user/soldier/BD_discountStoreList.do?q_ctgCd=1002,지자체 공식 실시간 목록,A: 파주시 공식 현황+공공데이터,2026-08-15
음식점,감악산한우마을구이식당,적성면,파주시 적성면 솥뒤로 38-1,경기도 파주시 적성면 마지리 39-12,37.9572403082,126.9160076151,카드 5%할인+현금 10%할인,031-959-4992,2026-08-15,파주시 관내 주둔 군 장병 및 사회복무요원,군인 또는 사회복무요원 신분 확인자료(방문 전 업소 확인 권장),,,업소별 세부 조건 및 중복할인 여부는 방문 전 확인,파주시 실시간 현황에 등재; 2026-01-14 공공데이터 필드로 보강; 원 공공데이터 기준일 2026-01-14,https://www.paju.go.kr/user/soldier/BD_discountStoreList.do?q_ctgCd=1001,지자체 공식 실시간 목록,A: 파주시 공식 현황+공공데이터,2026-08-15
음식점,그때그집,적성면,파주시 적성면 솥뒤로 15,경기도 파주시 적성면 마지리 45-5,37.9554284158,126.9175071931,5%할인,031-958-8246,2026-08-15,파주시 관내 주둔 군 장병 및 사회복무요원,군인 또는 사회복무요원 신분 확인자료(방문 전 업소 확인 권장),,,업소별 세부 조건 및 중복할인 여부는 방문 전 확인,파주시 실시간 현황에 등재; 2026-01-14 공공데이터 필드로 보강; 원 공공데이터 기준일 2026-01-14,https://www.paju.go.kr/user/soldier/BD_discountStoreList.do?q_ctgCd=1001,지자체 공식 실시간 목록,A: 파주시 공식 현황+공공데이터,2026-08-15
음식점,능이백숙오리닭칼국수,적성면,파주시 적성면 칠중2길 144,경기도 파주시 적성면 구읍리 162-4,37.9564270142,126.9272009682,찰밥 또는 국수 제공,031-959-3487,2026-08-15,파주시 관내 주둔 군 장병 및 사회복무요원,군인 또는 사회복무요원 신분 확인자료(방문 전 업소 확인 권장),,,업소별 세부 조건 및 중복할인 여부는 방문 전 확인,파주시 실시간 현황에 등재; 2026-01-14 공공데이터 필드로 보강; 원 공공데이터 기준일 2026-01-14,https://www.paju.go.kr/user/soldier/BD_discountStoreList.do?q_ctgCd=1001,지자체 공식 실시간 목록,A: 파주시 공식 현황+공공데이터,2026-08-15
음식점,두지리강촌매운탕,적성면,파주시 적성면 술이홀로2316번길 31,경기도 파주시 적성면 두지리 88-5,37.9633422498,126.8938211659,5%할인,031-959-3858,2026-08-15,파주시 관내 주둔 군 장병 및 사회복무요원,군인 또는 사회복무요원 신분 확인자료(방문 전 업소 확인 권장),,,업소별 세부 조건 및 중복할인 여부는 방문 전 확인,파주시 실시간 현황에 등재; 2026-01-14 공공데이터 필드로 보강; 원 공공데이터 기준일 2026-01-14,https://www.paju.go.kr/user/soldier/BD_discountStoreList.do?q_ctgCd=1001,지자체 공식 실시간 목록,A: 파주시 공식 현황+공공데이터,2026-08-15
음식점,두지리별장매운탕,적성면,파주시 적성면 술이홀로2316번길 18,경기도 파주시 적성면 두지리 94-9,37.9625791248,126.8939840816,5~10%할인,031-959-3865,2026-08-15,파주시 관내 주둔 군 장병 및 사회복무요원,군인 또는 사회복무요원 신분 확인자료(방문 전 업소 확인 권장),,,업소별 세부 조건 및 중복할인 여부는 방문 전 확인,파주시 실시간 현황에 등재; 2026-01-14 공공데이터 필드로 보강; 원 공공데이터 기준일 2026-01-14,https://www.paju.go.kr/user/soldier/BD_discountStoreList.do?q_ctgCd=1001,지자체 공식 실시간 목록,A: 파주시 공식 현황+공공데이터,2026-08-15
음식점,명랑핫도그 적성점,적성면,파주시 적성면 청송로 1022 1층,경기도 파주시 적성면 마지리 62-30,37.9542128701,126.9187986172,10%할인,031-958-5558,2026-08-15,파주시 관내 주둔 군 장병 및 사회복무요원,군인 또는 사회복무요원 신분 확인자료(방문 전 업소 확인 권장),,,업소별 세부 조건 및 중복할인 여부는 방문 전 확인,파주시 실시간 현황에 등재; 2026-01-14 공공데이터 필드로 보강; 원 공공데이터 기준일 2026-01-14,https://www.paju.go.kr/user/soldier/BD_discountStoreList.do?q_ctgCd=1001,지자체 공식 실시간 목록,A: 파주시 공식 현황+공공데이터,2026-08-15
음식점,산아래,적성면,파주시 적성면 감악산로1241번길 56,경기도 파주시 적성면 구읍리 577-1,37.9590772331,126.9241057705,음료수 제공,031-959-0818,2026-08-15,파주시 관내 주둔 군 장병 및 사회복무요원,군인 또는 사회복무요원 신분 확인자료(방문 전 업소 확인 권장),,,업소별 세부 조건 및 중복할인 여부는 방문 전 확인,파주시 실시간 현황에 등재; 2026-01-14 공공데이터 필드로 보강; 원 공공데이터 기준일 2026-01-14,https://www.paju.go.kr/user/soldier/BD_discountStoreList.do?q_ctgCd=1001,지자체 공식 실시간 목록,A: 파주시 공식 현황+공공데이터,2026-08-15
음식점,용화반점,적성면,파주시 적성면 솥뒤로 28 1층,경기도 파주시 적성면 마지리 37-4,37.9564498657,126.9169503206,배달 시 음료수+만두 제공,031-959-4055,2026-08-15,파주시 관내 주둔 군 장병 및 사회복무요원,군인 또는 사회복무요원 신분 확인자료(방문 전 업소 확인 권장),,,업소별 세부 조건 및 중복할인 여부는 방문 전 확인,파주시 실시간 현황에 등재; 2026-01-14 공공데이터 필드로 보강; 원 공공데이터 기준일 2026-01-14,https://www.paju.go.kr/user/soldier/BD_discountStoreList.do?q_ctgCd=1001,지자체 공식 실시간 목록,A: 파주시 공식 현황+공공데이터,2026-08-15
음식점,원조두지리매운탕 1호점,적성면,파주시 적성면 술이홀로2316번길 45,경기도 파주시 적성면 두지리 89-1,37.9639335609,126.8938518363,10%할인,031-959-5377,2026-08-15,파주시 관내 주둔 군 장병 및 사회복무요원,군인 또는 사회복무요원 신분 확인자료(방문 전 업소 확인 권장),,,업소별 세부 조건 및 중복할인 여부는 방문 전 확인,파주시 실시간 현황에 등재; 2026-01-14 공공데이터 필드로 보강; 원 공공데이터 기준일 2026-01-14,https://www.paju.go.kr/user/soldier/BD_discountStoreList.do?q_ctgCd=1001,지자체 공식 실시간 목록,A: 파주시 공식 현황+공공데이터,2026-08-15
음식점,유진참치,적성면,파주시 적성면 감악산로 1226,경기도 파주시 적성면 구읍리 162-1,37.9559661955,126.9273629978,음료수 제공,031-959-3309,2026-08-15,파주시 관내 주둔 군 장병 및 사회복무요원,군인 또는 사회복무요원 신분 확인자료(방문 전 업소 확인 권장),,,업소별 세부 조건 및 중복할인 여부는 방문 전 확인,파주시 실시간 현황에 등재; 2026-01-14 공공데이터 필드로 보강; 원 공공데이터 기준일 2026-01-14,https://www.paju.go.kr/user/soldier/BD_discountStoreList.do?q_ctgCd=1001,지자체 공식 실시간 목록,A: 파주시 공식 현황+공공데이터,2026-08-15
음식점,임진강매운탕,적성면,파주시 적성면 술이홀로2316번길 39,경기도 파주시 적성면 두지리 88-3,37.9637479009,126.8939768251,5%할인,031-959-3859,2026-08-15,파주시 관내 주둔 군 장병 및 사회복무요원,군인 또는 사회복무요원 신분 확인자료(방문 전 업소 확인 권장),,,업소별 세부 조건 및 중복할인 여부는 방문 전 확인,파주시 실시간 현황에 등재; 2026-01-14 공공데이터 필드로 보강; 원 공공데이터 기준일 2026-01-14,https://www.paju.go.kr/user/soldier/BD_discountStoreList.do?q_ctgCd=1001,지자체 공식 실시간 목록,A: 파주시 공식 현황+공공데이터,2026-08-15
음식점,임진강 인천식당 한우마을,적성면,파주시 적성면 솥뒤로37번길 4,경기도 파주시 적성면 마지리 39-29,37.9568787468,126.9158593079,공기밥+음료수 제공,031-959-3665,2026-08-15,파주시 관내 주둔 군 장병 및 사회복무요원,군인 또는 사회복무요원 신분 확인자료(방문 전 업소 확인 권장),,,업소별 세부 조건 및 중복할인 여부는 방문 전 확인,파주시 실시간 현황에 등재; 2026-01-14 공공데이터 필드로 보강; 원 공공데이터 기준일 2026-01-14,https://www.paju.go.kr/user/soldier/BD_discountStoreList.do?q_ctgCd=1001,지자체 공식 실시간 목록,A: 파주시 공식 현황+공공데이터,2026-08-15
음식점,장단콩퇴골두부,적성면,파주시 적성면 칠중3길 145,경기도 파주시 적성면 마지리 19-1,37.9499472864,126.9230753665,5~10%할인,031-959-4023,2026-08-15,파주시 관내 주둔 군 장병 및 사회복무요원,군인 또는 사회복무요원 신분 확인자료(방문 전 업소 확인 권장),,,업소별 세부 조건 및 중복할인 여부는 방문 전 확인,파주시 실시간 현황에 등재; 2026-01-14 공공데이터 필드로 보강; 원 공공데이터 기준일 2026-01-14,https://www.paju.go.kr/user/soldier/BD_discountStoreList.do?q_ctgCd=1001,지자체 공식 실시간 목록,A: 파주시 공식 현황+공공데이터,2026-08-15
음식점,장수인삼족발보쌈,적성면,파주시 적성면 칠중3길 15 1층,경기도 파주시 적성면 구읍리 649-34,37.9544081711,126.9204811344,5%할인,031-958-4091,2026-08-15,파주시 관내 주둔 군 장병 및 사회복무요원,군인 또는 사회복무요원 신분 확인자료(방문 전 업소 확인 권장),,,업소별 세부 조건 및 중복할인 여부는 방문 전 확인,파주시 실시간 현황에 등재; 2026-01-14 공공데이터 필드로 보강; 원 공공데이터 기준일 2026-01-14,https://www.paju.go.kr/user/soldier/BD_discountStoreList.do?q_ctgCd=1001,지자체 공식 실시간 목록,A: 파주시 공식 현황+공공데이터,2026-08-15
음식점,짱미엔,적성면,파주시 적성면 솥뒤로 14-1,경기도 파주시 적성면 마지리 45-12,37.9555808657,126.9177810156,음료수+군만두 제공+곱빼기,031-958-2670,2026-08-15,파주시 관내 주둔 군 장병 및 사회복무요원,군인 또는 사회복무요원 신분 확인자료(방문 전 업소 확인 권장),,,업소별 세부 조건 및 중복할인 여부는 방문 전 확인,파주시 실시간 현황에 등재; 2026-01-14 공공데이터 필드로 보강; 원 공공데이터 기준일 2026-01-14,https://www.paju.go.kr/user/soldier/BD_discountStoreList.do?q_ctgCd=1001,지자체 공식 실시간 목록,A: 파주시 공식 현황+공공데이터,2026-08-15
음식점,탕수육,적성면,파주시 적성면 청송로 1061 1층,경기도 파주시 적성면 구읍리 588-1,37.9564278185,126.922398296,곱빼기(2000원 할인) 또는 음료수 제공,031-959-3569,2026-08-15,파주시 관내 주둔 군 장병 및 사회복무요원,군인 또는 사회복무요원 신분 확인자료(방문 전 업소 확인 권장),,,업소별 세부 조건 및 중복할인 여부는 방문 전 확인,파주시 실시간 현황에 등재; 2026-01-14 공공데이터 필드로 보강; 원 공공데이터 기준일 2026-01-14,https://www.paju.go.kr/user/soldier/BD_discountStoreList.do?q_ctgCd=1001,지자체 공식 실시간 목록,A: 파주시 공식 현황+공공데이터,2026-08-15
음식점,파주연천축협 정육식당,적성면,파주시 적성면 솥뒤로 32-2,경기도 파주시 적성면 마지리 38-3,37.9568697318,126.9164835509,음료수 제공+20%할인,031-958-6898,2026-08-15,파주시 관내 주둔 군 장병 및 사회복무요원,군인 또는 사회복무요원 신분 확인자료(방문 전 업소 확인 권장),,,업소별 세부 조건 및 중복할인 여부는 방문 전 확인,파주시 실시간 현황에 등재; 2026-01-14 공공데이터 필드로 보강; 원 공공데이터 기준일 2026-01-14,https://www.paju.go.kr/user/soldier/BD_discountStoreList.do?q_ctgCd=1001,지자체 공식 실시간 목록,A: 파주시 공식 현황+공공데이터,2026-08-15
음식점,현대식당,적성면,파주시 적성면 청송로 1039,경기도 파주시 적성면 구읍리 650-1,37.9554871992,126.9201808321,음료수 제공,031-959-3953,2026-08-15,파주시 관내 주둔 군 장병 및 사회복무요원,군인 또는 사회복무요원 신분 확인자료(방문 전 업소 확인 권장),,,업소별 세부 조건 및 중복할인 여부는 방문 전 확인,파주시 실시간 현황에 등재; 2026-01-14 공공데이터 필드로 보강; 원 공공데이터 기준일 2026-01-14,https://www.paju.go.kr/user/soldier/BD_discountStoreList.do?q_ctgCd=1001,지자체 공식 실시간 목록,A: 파주시 공식 현황+공공데이터,2026-08-15
음식점,화정족발 적성점,적성면,파주시 적성면 청송로 1027,경기도 파주시 적성면 마지리 63-46,37.9549101751,126.9190315608,음료수 제공,031-958-1127,2026-08-15,파주시 관내 주둔 군 장병 및 사회복무요원,군인 또는 사회복무요원 신분 확인자료(방문 전 업소 확인 권장),,,업소별 세부 조건 및 중복할인 여부는 방문 전 확인,파주시 실시간 현황에 등재; 2026-01-14 공공데이터 필드로 보강; 원 공공데이터 기준일 2026-01-14,https://www.paju.go.kr/user/soldier/BD_discountStoreList.do?q_ctgCd=1001,지자체 공식 실시간 목록,A: 파주시 공식 현황+공공데이터,2026-08-15
카페,애플트리,적성면,파주시 적성면 국사로 293,경기도 파주시 적성면 자장리 147-1,37.9603832798,126.869924467,10%할인,,2026-08-15,파주시 관내 주둔 군 장병 및 사회복무요원,군인 또는 사회복무요원 신분 확인자료(방문 전 업소 확인 권장),,,업소별 세부 조건 및 중복할인 여부는 방문 전 확인,파주시 실시간 현황에 등재; 2026-01-14 공공데이터 필드로 보강; 원 공공데이터 기준일 2026-01-14,https://www.paju.go.kr/user/soldier/BD_discountStoreList.do?q_ctgCd=1001,지자체 공식 실시간 목록,A: 파주시 공식 현황+공공데이터,2026-08-15
음식점,상원포크,조리읍,파주시 조리읍 봉천로 63,경기도 파주시 조리읍 봉일천리 179-2,37.7444010545,126.8046093908,10%할인,031-949-5100,2026-08-15,파주시 관내 주둔 군 장병 및 사회복무요원,군인 또는 사회복무요원 신분 확인자료(방문 전 업소 확인 권장),,,업소별 세부 조건 및 중복할인 여부는 방문 전 확인,파주시 실시간 현황에 등재; 2026-01-14 공공데이터 필드로 보강; 원 공공데이터 기준일 2026-01-14,https://www.paju.go.kr/user/soldier/BD_discountStoreList.do?q_ctgCd=1001,지자체 공식 실시간 목록,A: 파주시 공식 현황+공공데이터,2026-08-15
음식점,샤브올데이 파주봉일천점,조리읍,파주시 조리읍 통일로 292 1층,경기도 파주시 조리읍 봉일천리 215-10,37.7426378392,126.8115121346,10%할인,031-942-0310,2026-08-15,파주시 관내 주둔 군 장병 및 사회복무요원,군인 또는 사회복무요원 신분 확인자료(방문 전 업소 확인 권장),,,업소별 세부 조건 및 중복할인 여부는 방문 전 확인,파주시 실시간 현황에 등재; 2026-01-14 공공데이터 필드로 보강; 원 공공데이터 기준일 2026-01-14,https://www.paju.go.kr/user/soldier/BD_discountStoreList.do?q_ctgCd=1001,지자체 공식 실시간 목록,A: 파주시 공식 현황+공공데이터,2026-08-15
숙박,굿타임,탄현면,파주시 탄현면 새오리로161번길 53-34,경기도 파주시 탄현면 성동리 124-51,37.798459875,126.6837237432,10%이상 할인(숙박요금 70000→60000원),031-942-6858,2026-08-15,파주시 관내 주둔 군 장병 및 사회복무요원,군인 또는 사회복무요원 신분 확인자료(방문 전 업소 확인 권장),,,업소별 세부 조건 및 중복할인 여부는 방문 전 확인,파주시 실시간 현황에 등재; 2026-01-14 공공데이터 필드로 보강; 원 공공데이터 기준일 2026-01-14,https://www.paju.go.kr/user/soldier/BD_discountStoreList.do?q_ctgCd=1002,지자체 공식 실시간 목록,A: 파주시 공식 현황+공공데이터,2026-08-15
숙박,벨리타,탄현면,파주시 탄현면 새오리로161번길 53-28,경기도 파주시 탄현면 성동리 124-50,37.7986881388,126.6838771884,10%이상 할인(숙박요금 70000→60000원),031-942-5858,2026-08-15,파주시 관내 주둔 군 장병 및 사회복무요원,군인 또는 사회복무요원 신분 확인자료(방문 전 업소 확인 권장),,,업소별 세부 조건 및 중복할인 여부는 방문 전 확인,파주시 실시간 현황에 등재; 2026-01-14 공공데이터 필드로 보강; 원 공공데이터 기준일 2026-01-14,https://www.paju.go.kr/user/soldier/BD_discountStoreList.do?q_ctgCd=1002,지자체 공식 실시간 목록,A: 파주시 공식 현황+공공데이터,2026-08-15
숙박,파주풀빌라워라밸호스텔,탄현면,파주시 탄현면 엘지로 709,경기도 파주시 탄현면 낙하리 269-1,37.835848867,126.735353174,10%할인,,2026-08-15,파주시 관내 주둔 군 장병 및 사회복무요원,군인 또는 사회복무요원 신분 확인자료(방문 전 업소 확인 권장),,,업소별 세부 조건 및 중복할인 여부는 방문 전 확인,파주시 실시간 현황에 등재; 2026-01-14 공공데이터 필드로 보강; 원 공공데이터 기준일 2026-01-14,https://www.paju.go.kr/user/soldier/BD_discountStoreList.do?q_ctgCd=1002,지자체 공식 실시간 목록,A: 파주시 공식 현황+공공데이터,2026-08-15
숙박,피카소,탄현면,파주시 탄현면 성동로 34,경기도 파주시 탄현면 성동리 679-1,37.7774445234,126.6876938827,20%할인,031-947-5512,2026-08-15,파주시 관내 주둔 군 장병 및 사회복무요원,군인 또는 사회복무요원 신분 확인자료(방문 전 업소 확인 권장),,,업소별 세부 조건 및 중복할인 여부는 방문 전 확인,파주시 실시간 현황에 등재; 2026-01-14 공공데이터 필드로 보강; 원 공공데이터 기준일 2026-01-14,https://www.paju.go.kr/user/soldier/BD_discountStoreList.do?q_ctgCd=1002,지자체 공식 실시간 목록,A: 파주시 공식 현황+공공데이터,2026-08-15
숙박,헤이리풀빌라워라밸호스텔,탄현면,파주시 탄현면 샘철길 38-12,경기도 파주시 탄현면 성동리 33-24,37.7894434307,126.6887230484,10%할인,031-949-7602,2026-08-15,파주시 관내 주둔 군 장병 및 사회복무요원,군인 또는 사회복무요원 신분 확인자료(방문 전 업소 확인 권장),,,업소별 세부 조건 및 중복할인 여부는 방문 전 확인,파주시 실시간 현황에 등재; 2026-01-14 공공데이터 필드로 보강; 원 공공데이터 기준일 2026-01-14,https://www.paju.go.kr/user/soldier/BD_discountStoreList.do?q_ctgCd=1002,지자체 공식 실시간 목록,A: 파주시 공식 현황+공공데이터,2026-08-15
숙박,호텔위즈,탄현면,파주시 탄현면 성동로 20-45,경기도 파주시 탄현면 성동리 679-4,37.7764742311,126.6876757168,10%할인,031-949-9046,2026-08-15,파주시 관내 주둔 군 장병 및 사회복무요원,군인 또는 사회복무요원 신분 확인자료(방문 전 업소 확인 권장),,,업소별 세부 조건 및 중복할인 여부는 방문 전 확인,파주시 실시간 현황에 등재; 2026-01-14 공공데이터 필드로 보강; 원 공공데이터 기준일 2026-01-14,https://www.paju.go.kr/user/soldier/BD_discountStoreList.do?q_ctgCd=1002,지자체 공식 실시간 목록,A: 파주시 공식 현황+공공데이터,2026-08-15
음식점,DMZ장단콩두부마을,탄현면,파주시 탄현면 평화로 902,경기도 파주시 탄현면 성동리 279,37.7861443704,126.6896376981,10%할인,031-957-9820,2026-08-15,파주시 관내 주둔 군 장병 및 사회복무요원,군인 또는 사회복무요원 신분 확인자료(방문 전 업소 확인 권장),,,업소별 세부 조건 및 중복할인 여부는 방문 전 확인,파주시 실시간 현황에 등재; 2026-01-14 공공데이터 필드로 보강; 원 공공데이터 기준일 2026-01-14,https://www.paju.go.kr/user/soldier/BD_discountStoreList.do?q_ctgCd=1001,지자체 공식 실시간 목록,A: 파주시 공식 현황+공공데이터,2026-08-15
음식점,더위즈(The WIZ),탄현면,파주시 탄현면 성동로 20-45,경기도 파주시 탄현면 성동리 679-4,37.7764742311,126.6876757168,20~30%할인,031-944-7779,2026-08-15,파주시 관내 주둔 군 장병 및 사회복무요원,군인 또는 사회복무요원 신분 확인자료(방문 전 업소 확인 권장),,,업소별 세부 조건 및 중복할인 여부는 방문 전 확인,파주시 실시간 현황에 등재; 2026-01-14 공공데이터 필드로 보강; 원 공공데이터 기준일 2026-01-14,https://www.paju.go.kr/user/soldier/BD_discountStoreList.do?q_ctgCd=1001,지자체 공식 실시간 목록,A: 파주시 공식 현황+공공데이터,2026-08-15
음식점,물고기자리,탄현면,파주시 탄현면 헤이리마을길 48-48,경기도 파주시 탄현면 법흥리 1652-413,37.7872412617,126.7002410486,10% 할인,031-941-2695,2026-08-15,파주시 관내 주둔 군 장병 및 사회복무요원,군인 또는 사회복무요원 신분 확인자료(방문 전 업소 확인 권장),,,업소별 세부 조건 및 중복할인 여부는 방문 전 확인,파주시 실시간 현황에 등재; 2026-01-14 공공데이터 필드로 보강; 원 공공데이터 기준일 2026-01-14,https://www.paju.go.kr/user/soldier/BD_discountStoreList.do?q_ctgCd=1001,지자체 공식 실시간 목록,A: 파주시 공식 현황+공공데이터,2026-08-15
음식점,베로키오,탄현면,파주시 탄현면 새오리로 74,경기도 파주시 탄현면 성동리 87-3,37.7908802915,126.6856397612,10%할인,031-945-3071,2026-08-15,파주시 관내 주둔 군 장병 및 사회복무요원,군인 또는 사회복무요원 신분 확인자료(방문 전 업소 확인 권장),,,업소별 세부 조건 및 중복할인 여부는 방문 전 확인,파주시 실시간 현황에 등재; 2026-01-14 공공데이터 필드로 보강; 원 공공데이터 기준일 2026-01-14,https://www.paju.go.kr/user/soldier/BD_discountStoreList.do?q_ctgCd=1001,지자체 공식 실시간 목록,A: 파주시 공식 현황+공공데이터,2026-08-15
음식점,복드림한우고기,탄현면,파주시 탄현면 새오리로 48,경기도 파주시 탄현면 성동리 67-12,37.7892305336,126.6873956576,5%할인,031-944-8060,2026-08-15,파주시 관내 주둔 군 장병 및 사회복무요원,군인 또는 사회복무요원 신분 확인자료(방문 전 업소 확인 권장),,,업소별 세부 조건 및 중복할인 여부는 방문 전 확인,파주시 실시간 현황에 등재; 2026-01-14 공공데이터 필드로 보강; 원 공공데이터 기준일 2026-01-14,https://www.paju.go.kr/user/soldier/BD_discountStoreList.do?q_ctgCd=1001,지자체 공식 실시간 목록,A: 파주시 공식 현황+공공데이터,2026-08-15
음식점,어화둥둥,탄현면,파주시 탄현면 새오리로 113-46,경기도 파주시 탄현면 성동리 118,37.7963554983,126.6850985945,10%할인,031-945-1128,2026-08-15,파주시 관내 주둔 군 장병 및 사회복무요원,군인 또는 사회복무요원 신분 확인자료(방문 전 업소 확인 권장),,,업소별 세부 조건 및 중복할인 여부는 방문 전 확인,파주시 실시간 현황에 등재; 2026-01-14 공공데이터 필드로 보강; 원 공공데이터 기준일 2026-01-14,https://www.paju.go.kr/user/soldier/BD_discountStoreList.do?q_ctgCd=1001,지자체 공식 실시간 목록,A: 파주시 공식 현황+공공데이터,2026-08-15
음식점,옛날시골밥상,탄현면,파주시 탄현면 새오리로 10,경기도 파주시 탄현면 법흥리 752-4,37.7870551597,126.6901549698,음료수 제공,031-945-5957,2026-08-15,파주시 관내 주둔 군 장병 및 사회복무요원,군인 또는 사회복무요원 신분 확인자료(방문 전 업소 확인 권장),,,업소별 세부 조건 및 중복할인 여부는 방문 전 확인,파주시 실시간 현황에 등재; 2026-01-14 공공데이터 필드로 보강; 원 공공데이터 기준일 2026-01-14,https://www.paju.go.kr/user/soldier/BD_discountStoreList.do?q_ctgCd=1001,지자체 공식 실시간 목록,A: 파주시 공식 현황+공공데이터,2026-08-15
음식점,오두산막국수 통일로직영점,탄현면,파주시 탄현면 성동로 17,경기도 파주시 탄현면 성동리 674,37.7792259522,126.6867285633,10%할인,031-945-3370,2026-08-15,파주시 관내 주둔 군 장병 및 사회복무요원,군인 또는 사회복무요원 신분 확인자료(방문 전 업소 확인 권장),,,업소별 세부 조건 및 중복할인 여부는 방문 전 확인,파주시 실시간 현황에 등재; 2026-01-14 공공데이터 필드로 보강; 원 공공데이터 기준일 2026-01-14,https://www.paju.go.kr/user/soldier/BD_discountStoreList.do?q_ctgCd=1001,지자체 공식 실시간 목록,A: 파주시 공식 현황+공공데이터,2026-08-15
음식점,용궁칼국수,탄현면,파주시 탄현면 새오리로 59-52,경기도 파주시 탄현면 성동리 77-1,37.7903486074,126.6839451907,10%할인,031-948-5527,2026-08-15,파주시 관내 주둔 군 장병 및 사회복무요원,군인 또는 사회복무요원 신분 확인자료(방문 전 업소 확인 권장),,,업소별 세부 조건 및 중복할인 여부는 방문 전 확인,파주시 실시간 현황에 등재; 2026-01-14 공공데이터 필드로 보강; 원 공공데이터 기준일 2026-01-14,https://www.paju.go.kr/user/soldier/BD_discountStoreList.do?q_ctgCd=1001,지자체 공식 실시간 목록,A: 파주시 공식 현황+공공데이터,2026-08-15
음식점,전라도갈치찜전문점,탄현면,파주시 탄현면 매봉길 12,경기도 파주시 탄현면 성동리 52-1,37.7905068782,126.6863285433,3%할인,031-949-7771,2026-08-15,파주시 관내 주둔 군 장병 및 사회복무요원,군인 또는 사회복무요원 신분 확인자료(방문 전 업소 확인 권장),,,업소별 세부 조건 및 중복할인 여부는 방문 전 확인,파주시 실시간 현황에 등재; 2026-01-14 공공데이터 필드로 보강; 원 공공데이터 기준일 2026-01-14,https://www.paju.go.kr/user/soldier/BD_discountStoreList.do?q_ctgCd=1001,지자체 공식 실시간 목록,A: 파주시 공식 현황+공공데이터,2026-08-15
음식점,전망대 누룽지 백숙,탄현면,파주시 탄현면 새오리로 215-36,경기도 파주시 탄현면 대동리 107-11,37.8036865005,126.6870623282,5%할인,031-942-9696,2026-08-15,파주시 관내 주둔 군 장병 및 사회복무요원,군인 또는 사회복무요원 신분 확인자료(방문 전 업소 확인 권장),,,업소별 세부 조건 및 중복할인 여부는 방문 전 확인,파주시 실시간 현황에 등재; 2026-01-14 공공데이터 필드로 보강; 원 공공데이터 기준일 2026-01-14,https://www.paju.go.kr/user/soldier/BD_discountStoreList.do?q_ctgCd=1001,지자체 공식 실시간 목록,A: 파주시 공식 현황+공공데이터,2026-08-15
음식점,짹짹곳간,탄현면,파주시 탄현면 새오리로339번길 79-48 2층,경기도 파주시 탄현면 법흥리 1652-296,37.7878410489,126.6955398798,10%할인,0507-1364-8187,2026-08-15,파주시 관내 주둔 군 장병 및 사회복무요원,군인 또는 사회복무요원 신분 확인자료(방문 전 업소 확인 권장),,,업소별 세부 조건 및 중복할인 여부는 방문 전 확인,파주시 실시간 현황에 등재; 2026-01-14 공공데이터 필드로 보강; 원 공공데이터 기준일 2026-01-14,https://www.paju.go.kr/user/soldier/BD_discountStoreList.do?q_ctgCd=1001,지자체 공식 실시간 목록,A: 파주시 공식 현황+공공데이터,2026-08-15
음식점,청송마루,탄현면,파주시 탄현면 방촌로 1071,경기도 파주시 탄현면 낙하리 53-6,37.8262966706,126.7389362676,10%할인,031-949-6143,2026-08-15,파주시 관내 주둔 군 장병 및 사회복무요원,군인 또는 사회복무요원 신분 확인자료(방문 전 업소 확인 권장),,,업소별 세부 조건 및 중복할인 여부는 방문 전 확인,파주시 실시간 현황에 등재; 2026-01-14 공공데이터 필드로 보강; 원 공공데이터 기준일 2026-01-14,https://www.paju.go.kr/user/soldier/BD_discountStoreList.do?q_ctgCd=1001,지자체 공식 실시간 목록,A: 파주시 공식 현황+공공데이터,2026-08-15
음식점,초원,탄현면,파주시 탄현면 엘씨디로241번길 50-2 B102호,경기도 파주시 탄현면 금승리 11-36,37.809887973,126.758202209,10%할인,031-8071-3405,2026-08-15,파주시 관내 주둔 군 장병 및 사회복무요원,군인 또는 사회복무요원 신분 확인자료(방문 전 업소 확인 권장),,,업소별 세부 조건 및 중복할인 여부는 방문 전 확인,파주시 실시간 현황에 등재; 2026-01-14 공공데이터 필드로 보강; 원 공공데이터 기준일 2026-01-14,https://www.paju.go.kr/user/soldier/BD_discountStoreList.do?q_ctgCd=1001,지자체 공식 실시간 목록,A: 파주시 공식 현황+공공데이터,2026-08-15
음식점,최고야짬뽕,탄현면,파주시 탄현면 필승로 490,경기도 파주시 탄현면 성동리 663-5,37.7839991279,126.6891369619,10%할인,031-957-9819,2026-08-15,파주시 관내 주둔 군 장병 및 사회복무요원,군인 또는 사회복무요원 신분 확인자료(방문 전 업소 확인 권장),,,업소별 세부 조건 및 중복할인 여부는 방문 전 확인,파주시 실시간 현황에 등재; 2026-01-14 공공데이터 필드로 보강; 원 공공데이터 기준일 2026-01-14,https://www.paju.go.kr/user/soldier/BD_discountStoreList.do?q_ctgCd=1001,지자체 공식 실시간 목록,A: 파주시 공식 현황+공공데이터,2026-08-15
음식점,평양만두,탄현면,파주시 탄현면 새오리로 193,경기도 파주시 탄현면 대동리 70,37.800747106,126.6887537371,10%할인,031-945-9452,2026-08-15,파주시 관내 주둔 군 장병 및 사회복무요원,군인 또는 사회복무요원 신분 확인자료(방문 전 업소 확인 권장),,,업소별 세부 조건 및 중복할인 여부는 방문 전 확인,파주시 실시간 현황에 등재; 2026-01-14 공공데이터 필드로 보강; 원 공공데이터 기준일 2026-01-14,https://www.paju.go.kr/user/soldier/BD_discountStoreList.do?q_ctgCd=1001,지자체 공식 실시간 목록,A: 파주시 공식 현황+공공데이터,2026-08-15
음식점,해민도예,탄현면,파주시 탄현면 새오리로 209-19,경기도 파주시 탄현면 대동리 93-11,37.8009463192,126.6874309931,10%할인,031-942-3221,2026-08-15,파주시 관내 주둔 군 장병 및 사회복무요원,군인 또는 사회복무요원 신분 확인자료(방문 전 업소 확인 권장),,,업소별 세부 조건 및 중복할인 여부는 방문 전 확인,파주시 실시간 현황에 등재; 2026-01-14 공공데이터 필드로 보강; 원 공공데이터 기준일 2026-01-14,https://www.paju.go.kr/user/soldier/BD_discountStoreList.do?q_ctgCd=1001,지자체 공식 실시간 목록,A: 파주시 공식 현황+공공데이터,2026-08-15
음식점,흔적,탄현면,파주시 탄현면 새오리로 59-20,경기도 파주시 탄현면 성동리 196-2,37.7895160223,126.6852204885,20%할인,031-948-8585,2026-08-15,파주시 관내 주둔 군 장병 및 사회복무요원,군인 또는 사회복무요원 신분 확인자료(방문 전 업소 확인 권장),,,업소별 세부 조건 및 중복할인 여부는 방문 전 확인,파주시 실시간 현황에 등재; 2026-01-14 공공데이터 필드로 보강; 원 공공데이터 기준일 2026-01-14,https://www.paju.go.kr/user/soldier/BD_discountStoreList.do?q_ctgCd=1001,지자체 공식 실시간 목록,A: 파주시 공식 현황+공공데이터,2026-08-15
카페,디엠지라운지(DMZ LOUNGE),탄현면,파주시 탄현면 새오리로161번길 90,,,,10% 이상 할인 또는 그에 상응하는 서비스(업소별 상세는 사전 확인),031-959-2353,2026-08-15,파주시 관내 주둔 군 장병 및 사회복무요원,군인 또는 사회복무요원 신분 확인자료(방문 전 업소 확인 권장),,,업소별 세부 조건 및 중복할인 여부는 방문 전 확인,파주시 실시간 공식 현황 신규/변경 행; 상세 할인은 공통 사업기준; 원 공공데이터 기준일 2026-08-15,https://www.paju.go.kr/user/soldier/BD_discountStoreList.do?q_ctgCd=1001,지자체 공식 실시간 목록,A-: 파주시 공식 현황(일부 필드 공란),2026-08-15
숙박,215카페캠핑장,파주시,경기도 파주시 탄현면 새오리로 215-91,,,,군인·경찰·소방관·간호사 객실 이용료 50% 할인,0507-1392-2150,2026-05-24,군인·경찰·소방관·간호사,대상 신분 확인자료(예약 전 문의),,,혜택 변경 가능성이 있어 방문·예약 직전 업소 확인,객실 할인 적용 조건과 예약 경로는 사전 문의,https://blog.naver.com/dahliart/224295421465,최근 네이버 이용 후기·공개 안내,B-: 2026-05-24 최근 후기,2026-08-15
카페,카페퀴너스,파주시,"경기도 파주시탄현면새오리로691층 (탄현면성동리, 프로방스힐)",,37.7905523,126.6847271,서비스 이용료의 10% 할인,031-947-0321,2026-08-15,"예비군(당해연도 병무청 주관 동원훈련 이수자 및 병무청 모범 예비군 선발자),복무중인 사람,병역명문가","당해년도 동원훈련이수증, 복무확인서, 병역명문가",2024-08-14,2026-12-31,제한없음,,https://www.mma.go.kr/about/udgg/list.do?mc=mma0003357,병무청 공식 나라사랑가게 실시간 DB,A: 병무청 공식 실시간 DB,2026-08-15
미용,6000컷트,파주읍,파주시 파주읍 술이홀로 470,경기도 파주시 파주읍 연풍리 294-9,37.8289732769,126.8389761324,10%할인,031-952-6254,2026-08-15,파주시 관내 주둔 군 장병 및 사회복무요원,군인 또는 사회복무요원 신분 확인자료(방문 전 업소 확인 권장),,,업소별 세부 조건 및 중복할인 여부는 방문 전 확인,파주시 실시간 현황에 등재; 2026-01-14 공공데이터 필드로 보강; 원 공공데이터 기준일 2026-01-14,https://www.paju.go.kr/user/soldier/BD_discountStoreList.do?q_ctgCd=1004,지자체 공식 실시간 목록,A: 파주시 공식 현황+공공데이터,2026-08-15
미용,로즈헤어샾,파주읍,파주시 파주읍 파발로 4,경기도 파주시 파주읍 파주리 441-13,37.8323779102,126.8177795315,12%할인,031-953-8128,2026-08-15,파주시 관내 주둔 군 장병 및 사회복무요원,군인 또는 사회복무요원 신분 확인자료(방문 전 업소 확인 권장),,,업소별 세부 조건 및 중복할인 여부는 방문 전 확인,파주시 실시간 현황에 등재; 2026-01-14 공공데이터 필드로 보강; 원 공공데이터 기준일 2026-01-14,https://www.paju.go.kr/user/soldier/BD_discountStoreList.do?q_ctgCd=1004,지자체 공식 실시간 목록,A: 파주시 공식 현황+공공데이터,2026-08-15
음식점,남해바다,파주읍,파주시 파주읍 시장거리길 59-7,경기도 파주시 파주읍 파주리 453-25,37.8319258956,126.8177757587,10%할인,031-952-9282,2026-08-15,파주시 관내 주둔 군 장병 및 사회복무요원,군인 또는 사회복무요원 신분 확인자료(방문 전 업소 확인 권장),,,업소별 세부 조건 및 중복할인 여부는 방문 전 확인,파주시 실시간 현황에 등재; 2026-01-14 공공데이터 필드로 보강; 원 공공데이터 기준일 2026-01-14,https://www.paju.go.kr/user/soldier/BD_discountStoreList.do?q_ctgCd=1001,지자체 공식 실시간 목록,A: 파주시 공식 현황+공공데이터,2026-08-15
음식점,뚱이네,파주읍,파주시 파주읍 교육길 45-32 나동 102호,경기도 파주시 파주읍 연풍리 415-5,37.8330557499,126.8342834706,콜라+공기밥 제공+모든 메뉴 곱빼기,,2026-08-15,파주시 관내 주둔 군 장병 및 사회복무요원,군인 또는 사회복무요원 신분 확인자료(방문 전 업소 확인 권장),,,업소별 세부 조건 및 중복할인 여부는 방문 전 확인,파주시 실시간 현황에 등재; 2026-01-14 공공데이터 필드로 보강; 원 공공데이터 기준일 2026-01-14,https://www.paju.go.kr/user/soldier/BD_discountStoreList.do?q_ctgCd=1001,지자체 공식 실시간 목록,A: 파주시 공식 현황+공공데이터,2026-08-15
음식점,바리루스,파주읍,파주시 파주읍 봉서산로 245 2층 일부호,경기도 파주시 파주읍 봉암리 3-1,37.8332953442,126.8034859516,10% 할인,031-953-0060,2026-08-15,파주시 관내 주둔 군 장병 및 사회복무요원,군인 또는 사회복무요원 신분 확인자료(방문 전 업소 확인 권장),,,업소별 세부 조건 및 중복할인 여부는 방문 전 확인,파주시 실시간 현황에 등재; 2026-01-14 공공데이터 필드로 보강; 원 공공데이터 기준일 2026-01-14,https://www.paju.go.kr/user/soldier/BD_discountStoreList.do?q_ctgCd=1001,지자체 공식 실시간 목록,A: 파주시 공식 현황+공공데이터,2026-08-15
음식점,봉황가,파주읍,파주시 파주읍 우계로 35-1,경기도 파주시 파주읍 파주리 509-4,37.8304097125,126.8155395692,결제금액 10% 할인+음료수 제공,031-953-5354,2026-08-15,파주시 관내 주둔 군 장병 및 사회복무요원,군인 또는 사회복무요원 신분 확인자료(방문 전 업소 확인 권장),,,업소별 세부 조건 및 중복할인 여부는 방문 전 확인,파주시 실시간 현황에 등재; 2026-01-14 공공데이터 필드로 보강; 원 공공데이터 기준일 2026-01-14,https://www.paju.go.kr/user/soldier/BD_discountStoreList.do?q_ctgCd=1001,지자체 공식 실시간 목록,A: 파주시 공식 현황+공공데이터,2026-08-15
음식점,소풍N,파주읍,파주시 파주읍 우계로 24,경기도 파주시 파주읍 파주리 543-6,37.8293987346,126.81489712,10%할인,070-7725-0224,2026-08-15,파주시 관내 주둔 군 장병 및 사회복무요원,군인 또는 사회복무요원 신분 확인자료(방문 전 업소 확인 권장),,,업소별 세부 조건 및 중복할인 여부는 방문 전 확인,파주시 실시간 현황에 등재; 2026-01-14 공공데이터 필드로 보강; 원 공공데이터 기준일 2026-01-14,https://www.paju.go.kr/user/soldier/BD_discountStoreList.do?q_ctgCd=1001,지자체 공식 실시간 목록,A: 파주시 공식 현황+공공데이터,2026-08-15
음식점,웅이네 의정부부대찌개,파주읍,파주시 파주읍 파발로 9,경기도 파주시 파주읍 파주리 427-16,37.8326616617,126.8184479102,음료수 제공,031-954-0431,2026-08-15,파주시 관내 주둔 군 장병 및 사회복무요원,군인 또는 사회복무요원 신분 확인자료(방문 전 업소 확인 권장),,,업소별 세부 조건 및 중복할인 여부는 방문 전 확인,파주시 실시간 현황에 등재; 2026-01-14 공공데이터 필드로 보강; 원 공공데이터 기준일 2026-01-14,https://www.paju.go.kr/user/soldier/BD_discountStoreList.do?q_ctgCd=1001,지자체 공식 실시간 목록,A: 파주시 공식 현황+공공데이터,2026-08-15
음식점,이조맛집,파주읍,파주시 파주읍 술이홀로 392,경기도 파주시 파주읍 연풍리 472-8,37.8305409747,126.8305257886,5%할인,031-953-3330,2026-08-15,파주시 관내 주둔 군 장병 및 사회복무요원,군인 또는 사회복무요원 신분 확인자료(방문 전 업소 확인 권장),,,업소별 세부 조건 및 중복할인 여부는 방문 전 확인,파주시 실시간 현황에 등재; 2026-01-14 공공데이터 필드로 보강; 원 공공데이터 기준일 2026-01-14,https://www.paju.go.kr/user/soldier/BD_discountStoreList.do?q_ctgCd=1001,지자체 공식 실시간 목록,A: 파주시 공식 현황+공공데이터,2026-08-15
음식점,짜장마을,파주읍,파주시 파주읍 술이홀로 463,경기도 파주시 파주읍 연풍리 279-9,37.8291703482,126.838407754,짜장 5000원,031-952-7744,2026-08-15,파주시 관내 주둔 군 장병 및 사회복무요원,군인 또는 사회복무요원 신분 확인자료(방문 전 업소 확인 권장),,,업소별 세부 조건 및 중복할인 여부는 방문 전 확인,파주시 실시간 현황에 등재; 2026-01-14 공공데이터 필드로 보강; 원 공공데이터 기준일 2026-01-14,https://www.paju.go.kr/user/soldier/BD_discountStoreList.do?q_ctgCd=1001,지자체 공식 실시간 목록,A: 파주시 공식 현황+공공데이터,2026-08-15
카페,조아의 하루 주내점,파주읍,파주시 파주읍 우계로 6 101호,,,,10% 이상 할인 또는 그에 상응하는 서비스(업소별 상세는 사전 확인),031-952-5492,2026-08-15,파주시 관내 주둔 군 장병 및 사회복무요원,군인 또는 사회복무요원 신분 확인자료(방문 전 업소 확인 권장),,,업소별 세부 조건 및 중복할인 여부는 방문 전 확인,파주시 실시간 공식 현황 신규/변경 행; 상세 할인은 공통 사업기준; 원 공공데이터 기준일 2026-08-15,https://www.paju.go.kr/user/soldier/BD_discountStoreList.do?q_ctgCd=1001,지자체 공식 실시간 목록,A-: 파주시 공식 현황(일부 필드 공란),2026-08-15
숙박,아비숑,파평면,파주시 파평면 화석정로126번길 122-35,경기도 파주시 파평면 율곡리 479,37.8857765502,126.8090042619,10%할인,031-954-7470,2026-08-15,파주시 관내 주둔 군 장병 및 사회복무요원,군인 또는 사회복무요원 신분 확인자료(방문 전 업소 확인 권장),,,업소별 세부 조건 및 중복할인 여부는 방문 전 확인,파주시 실시간 현황에 등재; 2026-01-14 공공데이터 필드로 보강; 원 공공데이터 기준일 2026-01-14,https://www.paju.go.kr/user/soldier/BD_discountStoreList.do?q_ctgCd=1002,지자체 공식 실시간 목록,A: 파주시 공식 현황+공공데이터,2026-08-15
숙박,포시즌,파평면,파주시 파평면 화석정로126번길 144-20,경기도 파주시 파평면 율곡리 477-5,37.8861765123,126.8093020869,10%할인,031-954-0021,2026-08-15,파주시 관내 주둔 군 장병 및 사회복무요원,군인 또는 사회복무요원 신분 확인자료(방문 전 업소 확인 권장),,,업소별 세부 조건 및 중복할인 여부는 방문 전 확인,파주시 실시간 현황에 등재; 2026-01-14 공공데이터 필드로 보강; 원 공공데이터 기준일 2026-01-14,https://www.paju.go.kr/user/soldier/BD_discountStoreList.do?q_ctgCd=1002,지자체 공식 실시간 목록,A: 파주시 공식 현황+공공데이터,2026-08-15
음식점,샘내 손두부,파평면,파주시 파평면 청송로 551-7,경기도 파주시 파평면 덕천리 408-3,37.938380172,126.8701862204,10%할인,031-958-4222,2026-08-15,파주시 관내 주둔 군 장병 및 사회복무요원,군인 또는 사회복무요원 신분 확인자료(방문 전 업소 확인 권장),,,업소별 세부 조건 및 중복할인 여부는 방문 전 확인,파주시 실시간 현황에 등재; 2026-01-14 공공데이터 필드로 보강; 원 공공데이터 기준일 2026-01-14,https://www.paju.go.kr/user/soldier/BD_discountStoreList.do?q_ctgCd=1001,지자체 공식 실시간 목록,A: 파주시 공식 현황+공공데이터,2026-08-15
음식점,임꺽정 한우마을,파평면,파주시 파평면 화석정로 104,경기도 파주시 파평면 율곡리 580-6,37.8821146492,126.8027179241,음료수 제공,031-954-3999,2026-08-15,파주시 관내 주둔 군 장병 및 사회복무요원,군인 또는 사회복무요원 신분 확인자료(방문 전 업소 확인 권장),,,업소별 세부 조건 및 중복할인 여부는 방문 전 확인,파주시 실시간 현황에 등재; 2026-01-14 공공데이터 필드로 보강; 원 공공데이터 기준일 2026-01-14,https://www.paju.go.kr/user/soldier/BD_discountStoreList.do?q_ctgCd=1001,지자체 공식 실시간 목록,A: 파주시 공식 현황+공공데이터,2026-08-15
음식점,임진강수라상,파평면,파주시 파평면 화석정로 101,경기도 파주시 파평면 율곡리 581,37.881984697,126.802213344,10%할인,031-952-9960,2026-08-15,파주시 관내 주둔 군 장병 및 사회복무요원,군인 또는 사회복무요원 신분 확인자료(방문 전 업소 확인 권장),,,업소별 세부 조건 및 중복할인 여부는 방문 전 확인,파주시 실시간 현황에 등재; 2026-01-14 공공데이터 필드로 보강; 원 공공데이터 기준일 2026-01-14,https://www.paju.go.kr/user/soldier/BD_discountStoreList.do?q_ctgCd=1001,지자체 공식 실시간 목록,A: 파주시 공식 현황+공공데이터,2026-08-15
음식점,한우리매운탕,파평면,파주시 파평면 장승배기로 173-8,경기도 파주시 파평면 율곡리 277-3,37.8808101224,126.8138654223,10%할인,031-945-2238,2026-08-15,파주시 관내 주둔 군 장병 및 사회복무요원,군인 또는 사회복무요원 신분 확인자료(방문 전 업소 확인 권장),,,업소별 세부 조건 및 중복할인 여부는 방문 전 확인,파주시 실시간 현황에 등재; 2026-01-14 공공데이터 필드로 보강; 원 공공데이터 기준일 2026-01-14,https://www.paju.go.kr/user/soldier/BD_discountStoreList.do?q_ctgCd=1001,지자체 공식 실시간 목록,A: 파주시 공식 현황+공공데이터,2026-08-15
카페,앵무새카페,파평면,파주시 파평면 파평산로363번길 32-9,경기도 파주시 파평면 두포리 121,37.8922217509,126.8410840125,20%할인,031-952-2002,2026-08-15,파주시 관내 주둔 군 장병 및 사회복무요원,군인 또는 사회복무요원 신분 확인자료(방문 전 업소 확인 권장),,,업소별 세부 조건 및 중복할인 여부는 방문 전 확인,파주시 실시간 현황에 등재; 2026-01-14 공공데이터 필드로 보강; 원 공공데이터 기준일 2026-01-14,https://www.paju.go.kr/user/soldier/BD_discountStoreList.do?q_ctgCd=1001,지자체 공식 실시간 목록,A: 파주시 공식 현황+공공데이터,2026-08-15
음식점,돈앤카우,포천시,"경기도 포천시 소흘읍 송우로 53, 111호",,,,의무복무 병사끼리 방문 시 특별 할인(할인율 미공개); 삼겹살 3인분 주문 시 우삼겹+소시지 서비스,0507-1362-4272,2026-06-22,의무복무 중인 병사 일행,군인 신분 확인자료(방문 전 문의),,,혜택 변경 가능성이 있어 방문·예약 직전 업소 확인,업소 자체 게시물에 혜택 대상·서비스가 명시됨,https://blog.naver.com/jw4271/224323728133,업소 공식 네이버 블로그,B: 업소 공식 채널(2026-06-22),2026-08-15
숙박,제부도디앤와이펜션,화성시,경기도 화성시 만세구서신면해안길114(서신면제부리),,37.1662844,126.625398,서비스 이용료의 10% 할인,031-355-2126,2026-08-15,"동원훈련이수자,모범예비군,복무중인현역병,사회복무요원,전문산업기능요원,병역명문가","동원훈련이수증,모범예비군증,복무확인서 등",2024-08-13,,없음,,https://www.mma.go.kr/about/udgg/list.do?mc=mma0003357,병무청 공식 나라사랑가게 실시간 DB,A: 병무청 공식 실시간 DB,2026-08-15
음식점,동타안,화성시,경기도 화성시 동탄구동탄반송1길231층 (반송동),,37.2101473,127.0621366,서비스 이용료의 10% 할인,031-613-2121,2026-08-15,"동원훈련이수자,모범예비군,복무중인현역병,사회복무요원,전문산업기능요원,병역명문가","동원훈련이수증,모범예비군증,복무확인서 등",2024-08-13,,없음,,https://www.mma.go.kr/about/udgg/list.do?mc=mma0003357,병무청 공식 나라사랑가게 실시간 DB,A: 병무청 공식 실시간 DB,2026-08-15
미용,고스트헤어(검단신도시점),검단구,"인천광역시 검단구발산로41205호(원당동, 정석프라자)",,37.5930293,126.712001,서비스 이용료의 5~10% 할인,0507-1371-3479,2026-08-15,"예비군(당해년도,모범), 복무중인 사람, 병역명문가","동원훈련이수증,모범예비군증,복무확인서,명문가증",2024-08-08,,없음,,https://www.mma.go.kr/about/udgg/list.do?mc=mma0003357,병무청 공식 나라사랑가게 실시간 DB,A: 병무청 공식 실시간 DB,2026-08-15
음식점,성문한식뷔페,검단구,"인천광역시 검단구이음4로42(원당동, 2층 210호~214호)",,37.59113945,126.7146962,"- 뷔페 이용료 1,000원 할인",0507-1419-0769,2026-08-15,"복무중인자,모범예비군,동원훈련이수자,명문가","명문가증,복무확인서,훈련이수증,모범예비군증",2026-08-14,,없음,,https://www.mma.go.kr/about/udgg/list.do?mc=mma0003357,병무청 공식 나라사랑가게 실시간 DB,A: 병무청 공식 실시간 DB,2026-08-15
음식점,모아닭강정,남동구,"인천광역시 남동구구월로372번길46(만수동, 1층 101호)",,37.4527551,126.731634,"서비스 이용료의 10%(1,800원상당) 할인 또는 떡추가(2,000원상당) + 음료 1종 ( 특가로 진행중인 더블이벤트에 참여도 가능함)",0507-1374-5456,2026-08-15,"예비군(당해년도,모범), 복무중인 사람, 병역명문가","동원훈련이수증,모범예비군증,복무확인서,명문가증",2024-08-08,,없음,,https://www.mma.go.kr/about/udgg/list.do?mc=mma0003357,병무청 공식 나라사랑가게 실시간 DB,A: 병무청 공식 실시간 DB,2026-08-15
음식점,석바위칼국수,미추홀구,인천광역시 미추홀구경원대로852번길9(주안동),,37.458849,126.690168,서비스 이용료의 20% 할인 - 현역병 및 제복착용 군인은 30% 할인 - 현역군인을 제외한 할인대상자는 20% 할인,050713102621,2026-08-15,"복무중인자,모범예비군,동원훈련이수자,명문가","명문가증,복무확인서,훈련이수증,모범예비군증",2026-02-23,,없음,,https://www.mma.go.kr/about/udgg/list.do?mc=mma0003357,병무청 공식 나라사랑가게 실시간 DB,A: 병무청 공식 실시간 DB,2026-08-15
음식점,수상한 전집,미추홀구,"인천광역시 미추홀구인하로254(주안동, 1층)",,37.4481153,126.6762408,서비스이용료의 5%할인,,2026-08-15,"예비군(당해년도,모범), 복무중인 사람, 병역명문가","훈련이수증(당해연도,모범), 복무확인서,명문가증",2023-11-14,,없음,,https://www.mma.go.kr/about/udgg/list.do?mc=mma0003357,병무청 공식 나라사랑가게 실시간 DB,A: 병무청 공식 실시간 DB,2026-08-15
음식점,순석닭강정,미추홀구,"인천광역시 미추홀구용정공원로83번길43,105호(용현동)",,37.4473962,126.6474949,*이용료의 10%할인 *추가혜택: 5박스 이상구매시 감자튀김1개무료,0507-1400-7824,2026-08-15,"예비군(당해년도,모범), 복무중인 사람, 병역명문가","e병무지갑(훈련이수증,복무확인서,명문가증등)",2025-01-21,,없음,,https://www.mma.go.kr/about/udgg/list.do?mc=mma0003357,병무청 공식 나라사랑가게 실시간 DB,A: 병무청 공식 실시간 DB,2026-08-15
음식점,인천GS25(학익대박점),미추홀구,인천광역시 미추홀구노적산로70(학익동),,37.4402684,126.6569504,"서비스이용료의 10%할인(주류,담배,택배,구글기프트카드,문화상품권등 제외)",032-876-8708,2026-08-15,"동원훈련이수자(당해년도,모범), 병역명문가, 복무중인 사람","훈련이수증, 모범예비군증,명문가증, 복무확인서등",2023-10-22,,인천시관내거주자,,https://www.mma.go.kr/about/udgg/list.do?mc=mma0003357,병무청 공식 나라사랑가게 실시간 DB,A: 병무청 공식 실시간 DB,2026-08-15
음식점,족발야시장(인천용현점),미추홀구,"인천광역시 미추홀구매소홀로69(용현동, 1층)",,37.449876,126.6337761,서비스이용료의 5%할인,032-888-4969,2026-08-15,"예비군(당해년도,모범), 복무중인 사람(현역+사복+산업), 병역병문가","훈련이수증(당해연도,모범), 복무확인서,명문가증",2023-11-24,,없음,,https://www.mma.go.kr/about/udgg/list.do?mc=mma0003357,병무청 공식 나라사랑가게 실시간 DB,A: 병무청 공식 실시간 DB,2026-08-15
카페,까페신기촌,미추홀구,"인천광역시 미추홀구인하로247번길1(주안동, 1층 까페신기촌)",,37.448451,126.6754,서비스 이용료의 5% 할인 - 인천 대표 디저트 카페 맛집,050713563714,2026-08-15,"복무중인자,모범예비군,동원훈련이수자,명문가","명문가증,복무확인서,훈련이수증,모범예비군증",2026-04-09,,없음,,https://www.mma.go.kr/about/udgg/list.do?mc=mma0003357,병무청 공식 나라사랑가게 실시간 DB,A: 병무청 공식 실시간 DB,2026-08-15
카페,카페 1990,미추홀구,인천광역시 미추홀구노적산로60(학익동),,37.4407658,126.6559891,음료 전메뉴의 10%할인,032-872-8339,2026-08-15,"동원훈련이수자(모범, 당해연도), 병역명문가, 복무중인 사람","훈련이수증,병역명문가증, 복무확인서등",2023-10-31,,없음,,https://www.mma.go.kr/about/udgg/list.do?mc=mma0003357,병무청 공식 나라사랑가게 실시간 DB,A: 병무청 공식 실시간 DB,2026-08-15
카페,커피놀이터,미추홀구,"인천광역시 미추홀구한나루로353- 1(학익동, 2층)",,37.4398083,126.661823,커피 등 음료가격 20%할인,010-8967-3531,2026-08-15,"동원훈련이수자(당해년도), 모범예비군, 복무중인 사람, 병역명문가","훈련이수증,모범예비군증,복무확인서,명문가증등",2024-05-01,,없음,,https://www.mma.go.kr/about/udgg/list.do?mc=mma0003357,병무청 공식 나라사랑가게 실시간 DB,A: 병무청 공식 실시간 DB,2026-08-15
미용,헤어스케치(옥련동),연수구,"인천광역시 연수구능허대로79번길65(옥련동, 현대3차상가 2층)",,37.4265069,126.6439831,서비스이용료의 5%할인,032-831-8427,2026-08-15,"예비군(당해년도,모범), 복무중인 사람, 병역병문가","훈련이수증(당해연도,모범), 복무확인서,명문가증",2023-11-13,,없음,,https://www.mma.go.kr/about/udgg/list.do?mc=mma0003357,병무청 공식 나라사랑가게 실시간 DB,A: 병무청 공식 실시간 DB,2026-08-15
음식점,계수나무집(한식),연수구,인천광역시 연수구샘말로44번길13(연수동),,37.4129756,126.6798708,서비스이용료의 5%할인,032-816-6261,2026-08-15,"예비군(당해년도,모범), 복무중인 사람, 병역명문가","훈련이수증(당해연도,모범), 복무확인서,명문가증",2023-11-10,,없음,,https://www.mma.go.kr/about/udgg/list.do?mc=mma0003357,병무청 공식 나라사랑가게 실시간 DB,A: 병무청 공식 실시간 DB,2026-08-15
음식점,달쭈꾸미 월미도 본점,제물포구,인천광역시 제물포구월미문화로39(북성동1가),,37.474781,126.5977478,서비스 이용료의 10%할인,0507-1311-7403,2026-08-15,"예비군(당해년도,모범), 복무중인 사람, 병역명문가","e병무지갑(훈련확인서,복무확인서,명문가증등)",2025-02-05,,없음,,https://www.mma.go.kr/about/udgg/list.do?mc=mma0003357,병무청 공식 나라사랑가게 실시간 DB,A: 병무청 공식 실시간 DB,2026-08-15
음식점,더 이로운,제물포구,"인천광역시 제물포구우현로87번길28(인현동, 1층)",,37.4752258,126.6292229,서비스이용료의 10%할인,032-777-4333,2026-08-15,"모범예비군(당해년도포함), 복무중인 사람, 병역명문가, 장교 및 부사관","훈련이수증,모범예비군증, 복무확인서등(e-병무지갑)",2024-04-16,,없음,,https://www.mma.go.kr/about/udgg/list.do?mc=mma0003357,병무청 공식 나라사랑가게 실시간 DB,A: 병무청 공식 실시간 DB,2026-08-15
음식점,럭키차이나,제물포구,인천광역시 제물포구차이나타운로47- 1(북성동3가),,37.475234,126.619081,서비스 이용료의 10%할인,0507-1483-8894,2026-08-15,"복무중인 사람(현역병, 사회복무요원, 전문산업기능요원)","복무확인서, 모바일 e-병무지갑 확인",2025-02-03,,없음,,https://www.mma.go.kr/about/udgg/list.do?mc=mma0003357,병무청 공식 나라사랑가게 실시간 DB,A: 병무청 공식 실시간 DB,2026-08-15
음식점,럭키차이나(차이나타운점),제물포구,인천광역시 제물포구차이나타운로48(송월동3가),,37.475394,126.619097,서비스 이용료의 10%할인,0507-1476-8013,2026-08-15,"복무중인 사람(현역병, 사회복무요원, 전문산업기능요원)","복무확인서, 모바일 e-병무지갑 확인",2025-02-03,,없음,,https://www.mma.go.kr/about/udgg/list.do?mc=mma0003357,병무청 공식 나라사랑가게 실시간 DB,A: 병무청 공식 실시간 DB,2026-08-15
음식점,미미진,제물포구,인천광역시 제물포구차이나타운로27(북성동3가),,37.4767548,126.619344,1. 서비스 이용료의 10% 할인 2. 음료수 제공,050713318989,2026-08-15,"복무중인자(현역,사회복무,전문연구,산업기능요원)",복무확인서 및 e병무지갑 확인,2025-03-04,,없음,"지하1,2,3,층",https://www.mma.go.kr/about/udgg/list.do?mc=mma0003357,병무청 공식 나라사랑가게 실시간 DB,A: 병무청 공식 실시간 DB,2026-08-15
음식점,화평동372 더봉지식당,제물포구,"인천광역시 제물포구화도진로75(화평동, 1층)",,37.4785175,126.6309933,서비스이용료의 5%할인,032-777-0372,2026-08-15,"예비군(당해년도,모범), 복무중인 사람(현역+사복+산업), 병역병문가","훈련이수증(당해연도,모범), 복무확인서,명문가증",2023-11-20,,없음,,https://www.mma.go.kr/about/udgg/list.do?mc=mma0003357,병무청 공식 나라사랑가게 실시간 DB,A: 병무청 공식 실시간 DB,2026-08-15
카페,미투커피,제물포구,인천광역시 제물포구월미문화로39(북성동1가),,37.474781,126.5977478,서비스 이용료의 10%,0507-1328-7131,2026-08-15,"예비군(당해년도,모범), 복무중인 사람, 병역명문가","e병무지갑(훈련확인서,복무확인서,명문가증등)",2025-02-05,,없음,,https://www.mma.go.kr/about/udgg/list.do?mc=mma0003357,병무청 공식 나라사랑가게 실시간 DB,A: 병무청 공식 실시간 DB,2026-08-15
카페,설빙)인천월미도점,제물포구,인천광역시 제물포구월미문화로71(북성동1가),,37.4720183,126.5963491,서비스 이용료의 10%,0507-1315-5896,2026-08-15,"복무중인사람(현역,사복,전문산업요원등)",e병무지갑(복무확인서),2025-02-19,,없음,,https://www.mma.go.kr/about/udgg/list.do?mc=mma0003357,병무청 공식 나라사랑가게 실시간 DB,A: 병무청 공식 실시간 DB,2026-08-15
카페,엔제리너스(인천)점,제물포구,인천광역시 제물포구월미문화로71(북성동1가),,37.4720183,126.5963491,서비스 이용료의 10%,0507-1474-7655,2026-08-15,"복무중인사람(현역,사복,전문산업요원등)",e병무지갑(어플),2025-02-19,,없음,,https://www.mma.go.kr/about/udgg/list.do?mc=mma0003357,병무청 공식 나라사랑가게 실시간 DB,A: 병무청 공식 실시간 DB,2026-08-15
카페,월미도레미,제물포구,"인천광역시 제물포구월미문화로35,2층 (북성동1가)",,37.4752221,126.5980097,서비스이용료의 10%,0507-1380-3941,2026-08-15,"복무중인 사람(현역,사복,전문.산업기능요원), 병역명문가","e병무지갑(복무확인서,명문가증등)",2025-02-04,,없음,,https://www.mma.go.kr/about/udgg/list.do?mc=mma0003357,병무청 공식 나라사랑가게 실시간 DB,A: 병무청 공식 실시간 DB,2026-08-15
